{
"type": "FeatureCollection",
"name": "route1",
"features": [
{ "type": "Feature", "properties": { "Id": 0, "Name": "環1", "Descript": null, "Type": "TRKPT" }, "geometry": { "type": "LineString", "coordinates": [ [ 121.58, 25.04952, 0.0 ], [ 121.5778, 25.04953, 0.0 ], [ 121.5777, 25.04954, 0.0 ], [ 121.5775, 25.04954, 0.0 ], [ 121.5772, 25.04952, 0.0 ], [ 121.576, 25.04944, 0.0 ], [ 121.576, 25.04929, 0.0 ], [ 121.5759, 25.0493, 0.0 ], [ 121.5757, 25.0493, 0.0 ], [ 121.5756, 25.04929, 0.0 ], [ 121.5755, 25.04931, 0.0 ], [ 121.5755, 25.04934, 0.0 ], [ 121.5754, 25.04937, 0.0 ], [ 121.5753, 25.04938, 0.0 ], [ 121.5752, 25.04935, 0.0 ], [ 121.5751, 25.04937, 0.0 ], [ 121.5751, 25.04939, 0.0 ], [ 121.575, 25.04939, 0.0 ], [ 121.5749, 25.04937, 0.0 ], [ 121.5749, 25.04934, 0.0 ], [ 121.5748, 25.04931, 0.0 ], [ 121.5748, 25.04933, 0.0 ], [ 121.5747, 25.04933, 0.0 ], [ 121.5747, 25.04935, 0.0 ], [ 121.5746, 25.04937, 0.0 ], [ 121.5746, 25.04938, 0.0 ], [ 121.5745, 25.04937, 0.0 ], [ 121.5745, 25.04936, 0.0 ], [ 121.5744, 25.04934, 0.0 ], [ 121.5744, 25.04931, 0.0 ], [ 121.5743, 25.04933, 0.0 ], [ 121.5742, 25.04934, 0.0 ], [ 121.5737, 25.04935, 0.0 ], [ 121.5737, 25.04931, 0.0 ], [ 121.5736, 25.04929, 0.0 ], [ 121.5736, 25.0493, 0.0 ], [ 121.5735, 25.04932, 0.0 ], [ 121.5735, 25.04934, 0.0 ], [ 121.5735, 25.04939, 0.0 ], [ 121.5735, 25.04941, 0.0 ], [ 121.5727, 25.04943, 0.0 ], [ 121.5726, 25.04942, 0.0 ], [ 121.5726, 25.04939, 0.0 ], [ 121.5726, 25.04938, 0.0 ], [ 121.5725, 25.04938, 0.0 ], [ 121.5724, 25.04936, 0.0 ], [ 121.5723, 25.04934, 0.0 ], [ 121.5722, 25.04934, 0.0 ], [ 121.5721, 25.04935, 0.0 ], [ 121.5721, 25.04937, 0.0 ], [ 121.5721, 25.04939, 0.0 ], [ 121.572, 25.04941, 0.0 ], [ 121.572, 25.04939, 0.0 ], [ 121.572, 25.04938, 0.0 ], [ 121.572, 25.04935, 0.0 ], [ 121.5718, 25.04935, 0.0 ], [ 121.5717, 25.04937, 0.0 ], [ 121.5716, 25.04942, 0.0 ], [ 121.5714, 25.04944, 0.0 ], [ 121.5713, 25.04946, 0.0 ], [ 121.5709, 25.04942, 0.0 ], [ 121.5706, 25.04938, 0.0 ], [ 121.5705, 25.04934, 0.0 ], [ 121.5705, 25.04936, 0.0 ], [ 121.5705, 25.04937, 0.0 ], [ 121.5704, 25.04935, 0.0 ], [ 121.5704, 25.04931, 0.0 ], [ 121.5704, 25.0493, 0.0 ], [ 121.5704, 25.04931, 0.0 ], [ 121.5703, 25.04931, 0.0 ], [ 121.5702, 25.04932, 0.0 ], [ 121.5702, 25.04933, 0.0 ], [ 121.5701, 25.04932, 0.0 ], [ 121.5701, 25.04931, 0.0 ], [ 121.57, 25.04928, 0.0 ], [ 121.57, 25.04925, 0.0 ], [ 121.5699, 25.04924, 0.0 ], [ 121.5698, 25.04924, 0.0 ], [ 121.5698, 25.04923, 0.0 ], [ 121.5698, 25.04921, 0.0 ], [ 121.5698, 25.04923, 0.0 ], [ 121.5698, 25.04924, 0.0 ], [ 121.5698, 25.04925, 0.0 ], [ 121.5697, 25.04925, 0.0 ], [ 121.5697, 25.04924, 0.0 ], [ 121.5696, 25.04924, 0.0 ], [ 121.5696, 25.04925, 0.0 ], [ 121.5695, 25.04926, 0.0 ], [ 121.5695, 25.04924, 0.0 ], [ 121.5695, 25.04923, 0.0 ], [ 121.5694, 25.04922, 0.0 ], [ 121.5691, 25.04917, 0.0 ], [ 121.5673, 25.04875, 0.0 ], [ 121.5663, 25.04855, 0.0 ], [ 121.566, 25.04844, 0.0 ], [ 121.5658, 25.04835, 0.0 ], [ 121.5656, 25.0488, 0.0 ], [ 121.5655, 25.04894, 0.0 ], [ 121.5655, 25.04902, 0.0 ], [ 121.5655, 25.04956, 0.0 ], [ 121.5654, 25.05009, 0.0 ], [ 121.5654, 25.05074, 0.0 ], [ 121.5654, 25.05132, 0.0 ], [ 121.5654, 25.05146, 0.0 ], [ 121.5652, 25.05146, 0.0 ], [ 121.5651, 25.05147, 0.0 ], [ 121.5638, 25.0515, 0.0 ], [ 121.562, 25.05157, 0.0 ], [ 121.5608, 25.05159, 0.0 ], [ 121.5592, 25.05162, 0.0 ], [ 121.558, 25.05163, 0.0 ], [ 121.5574, 25.05165, 0.0 ], [ 121.5573, 25.05165, 0.0 ], [ 121.5564, 25.05167, 0.0 ], [ 121.5551, 25.05169, 0.0 ], [ 121.5537, 25.05174, 0.0 ], [ 121.5526, 25.05175, 0.0 ], [ 121.5525, 25.05176, 0.0 ], [ 121.5518, 25.05177, 0.0 ], [ 121.5513, 25.05177, 0.0 ], [ 121.5511, 25.05178, 0.0 ], [ 121.5499, 25.05182, 0.0 ], [ 121.5493, 25.05183, 0.0 ], [ 121.5492, 25.05183, 0.0 ], [ 121.549, 25.05184, 0.0 ], [ 121.5489, 25.05184, 0.0 ], [ 121.5488, 25.05184, 0.0 ], [ 121.5487, 25.05184, 0.0 ], [ 121.5486, 25.05185, 0.0 ], [ 121.5483, 25.05186, 0.0 ], [ 121.5475, 25.05186, 0.0 ], [ 121.5467, 25.05189, 0.0 ], [ 121.5454, 25.05192, 0.0 ], [ 121.5443, 25.05192, 0.0 ], [ 121.5442, 25.05193, 0.0 ], [ 121.5439, 25.05194, 0.0 ], [ 121.5435, 25.05194, 0.0 ], [ 121.5421, 25.05198, 0.0 ], [ 121.5414, 25.05199, 0.0 ], [ 121.5405, 25.05203, 0.0 ], [ 121.5397, 25.05203, 0.0 ], [ 121.5388, 25.05205, 0.0 ], [ 121.5371, 25.05209, 0.0 ], [ 121.537, 25.05209, 0.0 ], [ 121.5366, 25.05209, 0.0 ], [ 121.5348, 25.05212, 0.0 ], [ 121.5336, 25.05215, 0.0 ], [ 121.5332, 25.05214, 0.0 ], [ 121.5331, 25.05214, 0.0 ], [ 121.5329, 25.05215, 0.0 ], [ 121.5328, 25.05215, 0.0 ], [ 121.5315, 25.05215, 0.0 ], [ 121.5301, 25.05216, 0.0 ], [ 121.5293, 25.05217, 0.0 ], [ 121.5288, 25.05217, 0.0 ], [ 121.5279, 25.05217, 0.0 ], [ 121.5275, 25.05217, 0.0 ], [ 121.5254, 25.05219, 0.0 ], [ 121.5245, 25.05223, 0.0 ], [ 121.5236, 25.05227, 0.0 ], [ 121.523, 25.05229, 0.0 ], [ 121.5228, 25.05229, 0.0 ], [ 121.5227, 25.05231, 0.0 ], [ 121.5226, 25.05232, 0.0 ], [ 121.5225, 25.05232, 0.0 ], [ 121.5224, 25.05233, 0.0 ], [ 121.5223, 25.05234, 0.0 ], [ 121.5205, 25.05267, 0.0 ], [ 121.5203, 25.05273, 0.0 ], [ 121.5202, 25.05273, 0.0 ], [ 121.519, 25.05301, 0.0 ], [ 121.5178, 25.0533, 0.0 ], [ 121.5176, 25.05333, 0.0 ], [ 121.5175, 25.05336, 0.0 ], [ 121.5161, 25.05369, 0.0 ], [ 121.5157, 25.05378, 0.0 ], [ 121.5151, 25.05393, 0.0 ], [ 121.515, 25.05401, 0.0 ], [ 121.5149, 25.05412, 0.0 ], [ 121.5148, 25.05418, 0.0 ], [ 121.5146, 25.05417, 0.0 ], [ 121.5144, 25.05408, 0.0 ], [ 121.5143, 25.05406, 0.0 ], [ 121.5135, 25.05401, 0.0 ], [ 121.5131, 25.05398, 0.0 ], [ 121.513, 25.05398, 0.0 ], [ 121.5128, 25.05397, 0.0 ], [ 121.5127, 25.05396, 0.0 ], [ 121.5123, 25.05394, 0.0 ], [ 121.5122, 25.05392, 0.0 ], [ 121.5118, 25.05389, 0.0 ], [ 121.5111, 25.05385, 0.0 ], [ 121.5105, 25.05377, 0.0 ], [ 121.5102, 25.05374, 0.0 ], [ 121.5095, 25.0538, 0.0 ], [ 121.5089, 25.05386, 0.0 ], [ 121.5088, 25.05387, 0.0 ], [ 121.5089, 25.05449, 0.0 ], [ 121.5089, 25.05494, 0.0 ], [ 121.5089, 25.05521, 0.0 ], [ 121.5089, 25.05552, 0.0 ], [ 121.509, 25.05689, 0.0 ], [ 121.5089, 25.05689, 0.0 ], [ 121.5085, 25.05689, 0.0 ], [ 121.5083, 25.05689, 0.0 ], [ 121.5082, 25.0569, 0.0 ], [ 121.5081, 25.05687, 0.0 ], [ 121.5081, 25.05683, 0.0 ], [ 121.508, 25.05682, 0.0 ], [ 121.508, 25.05684, 0.0 ], [ 121.5079, 25.05677, 0.0 ], [ 121.5079, 25.05675, 0.0 ], [ 121.5078, 25.05666, 0.0 ], [ 121.5078, 25.05665, 0.0 ], [ 121.5078, 25.05663, 0.0 ], [ 121.5076, 25.05616, 0.0 ], [ 121.5076, 25.05609, 0.0 ], [ 121.5076, 25.05607, 0.0 ], [ 121.5071, 25.05581, 0.0 ], [ 121.5071, 25.05563, 0.0 ], [ 121.5068, 25.05516, 0.0 ], [ 121.5067, 25.05501, 0.0 ], [ 121.5067, 25.05492, 0.0 ], [ 121.5065, 25.05462, 0.0 ], [ 121.5063, 25.05429, 0.0 ], [ 121.5062, 25.05374, 0.0 ], [ 121.5061, 25.05347, 0.0 ], [ 121.5061, 25.05332, 0.0 ], [ 121.506, 25.05307, 0.0 ], [ 121.5058, 25.05248, 0.0 ], [ 121.5056, 25.05209, 0.0 ], [ 121.5055, 25.0519, 0.0 ], [ 121.5055, 25.05182, 0.0 ], [ 121.5054, 25.0517, 0.0 ], [ 121.5053, 25.05163, 0.0 ], [ 121.5053, 25.05161, 0.0 ], [ 121.5051, 25.05136, 0.0 ], [ 121.505, 25.05118, 0.0 ], [ 121.505, 25.05117, 0.0 ], [ 121.505, 25.05114, 0.0 ], [ 121.505, 25.05113, 0.0 ], [ 121.5049, 25.05082, 0.0 ], [ 121.5049, 25.05066, 0.0 ], [ 121.5049, 25.05045, 0.0 ], [ 121.505, 25.0502, 0.0 ], [ 121.5049, 25.05004, 0.0 ], [ 121.5047, 25.04986, 0.0 ], [ 121.5048, 25.04978, 0.0 ], [ 121.5048, 25.04957, 0.0 ], [ 121.5048, 25.04932, 0.0 ], [ 121.5048, 25.04929, 0.0 ], [ 121.5046, 25.04935, 0.0 ], [ 121.5046, 25.04936, 0.0 ], [ 121.5045, 25.04933, 0.0 ], [ 121.5042, 25.0489, 0.0 ], [ 121.5041, 25.04857, 0.0 ], [ 121.504, 25.04824, 0.0 ], [ 121.504, 25.04819, 0.0 ], [ 121.5039, 25.04797, 0.0 ], [ 121.5036, 25.04761, 0.0 ], [ 121.5036, 25.04757, 0.0 ], [ 121.5036, 25.04749, 0.0 ], [ 121.5036, 25.0474, 0.0 ], [ 121.5036, 25.04734, 0.0 ], [ 121.5034, 25.04728, 0.0 ], [ 121.5033, 25.04716, 0.0 ], [ 121.5031, 25.04667, 0.0 ], [ 121.503, 25.0465, 0.0 ], [ 121.5026, 25.04623, 0.0 ], [ 121.5024, 25.04604, 0.0 ], [ 121.5022, 25.04584, 0.0 ], [ 121.5022, 25.04583, 0.0 ], [ 121.5018, 25.04557, 0.0 ], [ 121.5015, 25.04527, 0.0 ], [ 121.5014, 25.04523, 0.0 ], [ 121.5013, 25.04513, 0.0 ], [ 121.501, 25.04484, 0.0 ], [ 121.501, 25.04482, 0.0 ], [ 121.5007, 25.04455, 0.0 ], [ 121.5006, 25.04427, 0.0 ], [ 121.5004, 25.04391, 0.0 ], [ 121.4999, 25.04328, 0.0 ], [ 121.4991, 25.04231, 0.0 ], [ 121.4989, 25.04216, 0.0 ], [ 121.4989, 25.04215, 0.0 ], [ 121.4989, 25.04214, 0.0 ], [ 121.4987, 25.04178, 0.0 ], [ 121.4986, 25.04169, 0.0 ], [ 121.4984, 25.04147, 0.0 ], [ 121.4983, 25.04136, 0.0 ], [ 121.4983, 25.04129, 0.0 ], [ 121.4979, 25.0409, 0.0 ], [ 121.4976, 25.04049, 0.0 ], [ 121.4974, 25.04028, 0.0 ], [ 121.4966, 25.03971, 0.0 ], [ 121.4963, 25.03946, 0.0 ], [ 121.4961, 25.03947, 0.0 ], [ 121.4961, 25.03948, 0.0 ], [ 121.4961, 25.03947, 0.0 ], [ 121.4958, 25.03938, 0.0 ], [ 121.4957, 25.03937, 0.0 ], [ 121.4956, 25.03928, 0.0 ], [ 121.4952, 25.03909, 0.0 ], [ 121.4951, 25.03892, 0.0 ], [ 121.495, 25.03886, 0.0 ], [ 121.4944, 25.03849, 0.0 ], [ 121.4941, 25.03835, 0.0 ], [ 121.494, 25.03834, 0.0 ], [ 121.4939, 25.0383, 0.0 ], [ 121.4938, 25.03828, 0.0 ], [ 121.4935, 25.03808, 0.0 ], [ 121.493, 25.03775, 0.0 ], [ 121.493, 25.03774, 0.0 ], [ 121.4922, 25.03728, 0.0 ], [ 121.4918, 25.03703, 0.0 ], [ 121.4918, 25.03702, 0.0 ], [ 121.4917, 25.03694, 0.0 ], [ 121.4914, 25.03677, 0.0 ], [ 121.4911, 25.03652, 0.0 ], [ 121.491, 25.0364, 0.0 ], [ 121.491, 25.03635, 0.0 ], [ 121.491, 25.03634, 0.0 ], [ 121.4908, 25.03616, 0.0 ], [ 121.4904, 25.03584, 0.0 ], [ 121.4901, 25.03544, 0.0 ], [ 121.4901, 25.03543, 0.0 ], [ 121.49, 25.03526, 0.0 ], [ 121.4898, 25.03499, 0.0 ], [ 121.4895, 25.03456, 0.0 ], [ 121.4894, 25.03459, 0.0 ], [ 121.4893, 25.03463, 0.0 ], [ 121.4892, 25.03464, 0.0 ], [ 121.4891, 25.03473, 0.0 ], [ 121.4891, 25.03477, 0.0 ], [ 121.4891, 25.03483, 0.0 ], [ 121.4891, 25.03493, 0.0 ], [ 121.489, 25.035, 0.0 ], [ 121.489, 25.03506, 0.0 ], [ 121.4889, 25.03513, 0.0 ], [ 121.4889, 25.03519, 0.0 ], [ 121.4888, 25.03523, 0.0 ], [ 121.4887, 25.03527, 0.0 ], [ 121.4886, 25.0353, 0.0 ], [ 121.4884, 25.03532, 0.0 ], [ 121.4882, 25.03536, 0.0 ], [ 121.4878, 25.03541, 0.0 ], [ 121.4878, 25.03547, 0.0 ], [ 121.4877, 25.03548, 0.0 ], [ 121.4874, 25.03549, 0.0 ], [ 121.487, 25.03549, 0.0 ], [ 121.4861, 25.03553, 0.0 ], [ 121.4851, 25.03555, 0.0 ], [ 121.4846, 25.03556, 0.0 ], [ 121.4838, 25.03558, 0.0 ], [ 121.4832, 25.0356, 0.0 ], [ 121.4825, 25.03564, 0.0 ], [ 121.4817, 25.03565, 0.0 ], [ 121.4816, 25.03566, 0.0 ], [ 121.4816, 25.03559, 0.0 ], [ 121.4817, 25.03559, 0.0 ], [ 121.4817, 25.0356, 0.0 ], [ 121.4817, 25.03561, 0.0 ], [ 121.4817, 25.03565, 0.0 ], [ 121.4817, 25.03627, 0.0 ], [ 121.4817, 25.03638, 0.0 ], [ 121.4816, 25.03644, 0.0 ], [ 121.4816, 25.03649, 0.0 ], [ 121.4816, 25.03654, 0.0 ], [ 121.4816, 25.0366, 0.0 ], [ 121.4815, 25.03676, 0.0 ], [ 121.4815, 25.03683, 0.0 ], [ 121.4815, 25.03687, 0.0 ], [ 121.4814, 25.03696, 0.0 ], [ 121.4813, 25.03712, 0.0 ], [ 121.4813, 25.03716, 0.0 ], [ 121.4812, 25.03724, 0.0 ], [ 121.4811, 25.03731, 0.0 ], [ 121.4811, 25.03737, 0.0 ], [ 121.4809, 25.0375, 0.0 ], [ 121.4806, 25.03764, 0.0 ], [ 121.4805, 25.0377, 0.0 ], [ 121.4803, 25.03775, 0.0 ], [ 121.4802, 25.03778, 0.0 ], [ 121.4792, 25.03788, 0.0 ], [ 121.4789, 25.0379, 0.0 ], [ 121.4788, 25.03791, 0.0 ], [ 121.4781, 25.03792, 0.0 ], [ 121.4779, 25.03791, 0.0 ], [ 121.4776, 25.0379, 0.0 ], [ 121.4775, 25.03789, 0.0 ], [ 121.4771, 25.03785, 0.0 ], [ 121.477, 25.03783, 0.0 ], [ 121.4768, 25.03781, 0.0 ], [ 121.4765, 25.03776, 0.0 ], [ 121.476, 25.03764, 0.0 ], [ 121.4737, 25.03719, 0.0 ], [ 121.473, 25.03705, 0.0 ], [ 121.4726, 25.03697, 0.0 ], [ 121.4722, 25.03688, 0.0 ], [ 121.4717, 25.03674, 0.0 ], [ 121.4714, 25.03667, 0.0 ], [ 121.4711, 25.03658, 0.0 ], [ 121.471, 25.03658, 0.0 ], [ 121.4707, 25.03649, 0.0 ], [ 121.4705, 25.03642, 0.0 ], [ 121.4703, 25.03636, 0.0 ], [ 121.4703, 25.03635, 0.0 ], [ 121.4701, 25.03637, 0.0 ], [ 121.47, 25.03636, 0.0 ], [ 121.4698, 25.0363, 0.0 ], [ 121.4697, 25.03625, 0.0 ], [ 121.4696, 25.0362, 0.0 ], [ 121.4695, 25.03612, 0.0 ], [ 121.4695, 25.03606, 0.0 ], [ 121.4694, 25.03601, 0.0 ], [ 121.4688, 25.03579, 0.0 ], [ 121.4677, 25.03534, 0.0 ], [ 121.4677, 25.03531, 0.0 ], [ 121.4676, 25.03527, 0.0 ], [ 121.4656, 25.03443, 0.0 ], [ 121.463, 25.0333, 0.0 ], [ 121.4628, 25.03323, 0.0 ], [ 121.4626, 25.03311, 0.0 ], [ 121.4624, 25.03303, 0.0 ], [ 121.4624, 25.03299, 0.0 ], [ 121.4623, 25.03295, 0.0 ], [ 121.4622, 25.0329, 0.0 ], [ 121.462, 25.03279, 0.0 ], [ 121.4607, 25.03207, 0.0 ], [ 121.4607, 25.032, 0.0 ], [ 121.4606, 25.03199, 0.0 ], [ 121.4586, 25.03083, 0.0 ], [ 121.4568, 25.02977, 0.0 ], [ 121.4565, 25.02957, 0.0 ], [ 121.4563, 25.02953, 0.0 ], [ 121.4562, 25.02949, 0.0 ], [ 121.4561, 25.02946, 0.0 ], [ 121.456, 25.02941, 0.0 ], [ 121.456, 25.02938, 0.0 ], [ 121.4559, 25.02928, 0.0 ], [ 121.4558, 25.02922, 0.0 ], [ 121.4557, 25.02915, 0.0 ], [ 121.4554, 25.02894, 0.0 ], [ 121.4549, 25.02859, 0.0 ], [ 121.4543, 25.02817, 0.0 ], [ 121.4536, 25.02767, 0.0 ], [ 121.4525, 25.02681, 0.0 ], [ 121.4518, 25.02625, 0.0 ], [ 121.4512, 25.02567, 0.0 ], [ 121.4507, 25.02523, 0.0 ], [ 121.4497, 25.02417, 0.0 ], [ 121.4495, 25.02395, 0.0 ], [ 121.4493, 25.02379, 0.0 ], [ 121.4492, 25.02373, 0.0 ], [ 121.4491, 25.02367, 0.0 ], [ 121.449, 25.02361, 0.0 ], [ 121.4482, 25.02259, 0.0 ], [ 121.4473, 25.02157, 0.0 ], [ 121.4472, 25.02146, 0.0 ], [ 121.4472, 25.02148, 0.0 ], [ 121.4471, 25.02145, 0.0 ], [ 121.4469, 25.0212, 0.0 ], [ 121.4464, 25.02068, 0.0 ], [ 121.4463, 25.02046, 0.0 ], [ 121.446, 25.02019, 0.0 ], [ 121.4456, 25.02013, 0.0 ], [ 121.4454, 25.01994, 0.0 ], [ 121.4452, 25.0196, 0.0 ], [ 121.4451, 25.01944, 0.0 ], [ 121.445, 25.01923, 0.0 ], [ 121.4449, 25.01904, 0.0 ], [ 121.4448, 25.01886, 0.0 ], [ 121.4447, 25.0187, 0.0 ], [ 121.4446, 25.01845, 0.0 ], [ 121.4445, 25.01823, 0.0 ], [ 121.4444, 25.01797, 0.0 ], [ 121.4443, 25.01771, 0.0 ], [ 121.4441, 25.01738, 0.0 ], [ 121.444, 25.01719, 0.0 ], [ 121.4439, 25.01699, 0.0 ], [ 121.4438, 25.01675, 0.0 ], [ 121.4438, 25.01656, 0.0 ], [ 121.4436, 25.01625, 0.0 ], [ 121.4435, 25.01592, 0.0 ], [ 121.4433, 25.01559, 0.0 ], [ 121.4432, 25.01532, 0.0 ], [ 121.4431, 25.01496, 0.0 ], [ 121.4429, 25.0146, 0.0 ], [ 121.4428, 25.01439, 0.0 ], [ 121.4427, 25.01401, 0.0 ], [ 121.4426, 25.01374, 0.0 ], [ 121.4425, 25.01356, 0.0 ], [ 121.4424, 25.01333, 0.0 ], [ 121.4423, 25.01317, 0.0 ], [ 121.4422, 25.01293, 0.0 ], [ 121.4421, 25.01273, 0.0 ], [ 121.442, 25.01248, 0.0 ], [ 121.4419, 25.01221, 0.0 ], [ 121.4418, 25.0119, 0.0 ], [ 121.4417, 25.01162, 0.0 ], [ 121.4417, 25.01145, 0.0 ], [ 121.4416, 25.01115, 0.0 ], [ 121.4415, 25.01079, 0.0 ], [ 121.4414, 25.01053, 0.0 ], [ 121.4414, 25.01037, 0.0 ], [ 121.4413, 25.01022, 0.0 ], [ 121.4413, 25.01006, 0.0 ], [ 121.4412, 25.00991, 0.0 ], [ 121.4412, 25.0098, 0.0 ], [ 121.4412, 25.00954, 0.0 ], [ 121.441, 25.0091, 0.0 ], [ 121.441, 25.00898, 0.0 ], [ 121.441, 25.00869, 0.0 ], [ 121.4409, 25.00834, 0.0 ], [ 121.4409, 25.0081, 0.0 ], [ 121.4408, 25.00795, 0.0 ], [ 121.4408, 25.00772, 0.0 ], [ 121.4408, 25.00733, 0.0 ], [ 121.4407, 25.00694, 0.0 ], [ 121.4407, 25.00658, 0.0 ], [ 121.4406, 25.00613, 0.0 ], [ 121.4406, 25.00565, 0.0 ], [ 121.4405, 25.00527, 0.0 ], [ 121.4405, 25.00481, 0.0 ], [ 121.4404, 25.00433, 0.0 ], [ 121.4404, 25.00398, 0.0 ], [ 121.4404, 25.00353, 0.0 ], [ 121.4403, 25.00309, 0.0 ], [ 121.4402, 25.00268, 0.0 ], [ 121.4402, 25.00219, 0.0 ], [ 121.4402, 25.00155, 0.0 ], [ 121.4402, 25.00099, 0.0 ], [ 121.4401, 25.00041, 0.0 ], [ 121.4401, 25.00005, 0.0 ], [ 121.4401, 24.99971, 0.0 ], [ 121.4401, 24.99932, 0.0 ], [ 121.4401, 24.99893, 0.0 ], [ 121.4401, 24.99878, 0.0 ], [ 121.4401, 24.99868, 0.0 ], [ 121.4401, 24.99852, 0.0 ], [ 121.4401, 24.99833, 0.0 ], [ 121.44, 24.99817, 0.0 ], [ 121.44, 24.99799, 0.0 ], [ 121.44, 24.99786, 0.0 ], [ 121.4399, 24.99771, 0.0 ], [ 121.4399, 24.99753, 0.0 ], [ 121.4398, 24.99726, 0.0 ], [ 121.4398, 24.9969, 0.0 ], [ 121.4397, 24.99663, 0.0 ], [ 121.4397, 24.9965, 0.0 ], [ 121.4396, 24.99627, 0.0 ], [ 121.4395, 24.99606, 0.0 ], [ 121.4393, 24.99575, 0.0 ], [ 121.4393, 24.9957, 0.0 ], [ 121.4393, 24.99557, 0.0 ], [ 121.4394, 24.99538, 0.0 ], [ 121.4395, 24.99489, 0.0 ], [ 121.4395, 24.99486, 0.0 ], [ 121.4395, 24.99476, 0.0 ], [ 121.4396, 24.9947, 0.0 ], [ 121.4397, 24.99466, 0.0 ], [ 121.4398, 24.99459, 0.0 ], [ 121.44, 24.99452, 0.0 ], [ 121.4401, 24.99446, 0.0 ], [ 121.4401, 24.99437, 0.0 ], [ 121.4401, 24.99421, 0.0 ], [ 121.4401, 24.99402, 0.0 ], [ 121.4401, 24.99392, 0.0 ], [ 121.4401, 24.99357, 0.0 ], [ 121.44, 24.99322, 0.0 ], [ 121.44, 24.99292, 0.0 ], [ 121.44, 24.99253, 0.0 ], [ 121.44, 24.99215, 0.0 ], [ 121.44, 24.99186, 0.0 ], [ 121.4399, 24.99147, 0.0 ], [ 121.4399, 24.9911, 0.0 ], [ 121.4399, 24.99067, 0.0 ], [ 121.4398, 24.99028, 0.0 ], [ 121.4398, 24.98985, 0.0 ], [ 121.4397, 24.98946, 0.0 ], [ 121.4396, 24.98889, 0.0 ], [ 121.4395, 24.98824, 0.0 ], [ 121.4394, 24.98764, 0.0 ], [ 121.4393, 24.98721, 0.0 ], [ 121.4392, 24.98684, 0.0 ], [ 121.439, 24.98626, 0.0 ], [ 121.4388, 24.98539, 0.0 ], [ 121.4387, 24.98501, 0.0 ], [ 121.4386, 24.98466, 0.0 ], [ 121.4386, 24.98428, 0.0 ], [ 121.4382, 24.98293, 0.0 ], [ 121.4382, 24.98248, 0.0 ], [ 121.438, 24.98214, 0.0 ], [ 121.4379, 24.98164, 0.0 ], [ 121.4377, 24.98119, 0.0 ], [ 121.4376, 24.98096, 0.0 ], [ 121.4375, 24.98079, 0.0 ], [ 121.4372, 24.98028, 0.0 ], [ 121.4369, 24.97956, 0.0 ], [ 121.4362, 24.97843, 0.0 ], [ 121.435, 24.9765, 0.0 ], [ 121.4345, 24.97573, 0.0 ], [ 121.4341, 24.97531, 0.0 ], [ 121.4333, 24.97468, 0.0 ], [ 121.4332, 24.97459, 0.0 ], [ 121.4331, 24.97453, 0.0 ], [ 121.4331, 24.97444, 0.0 ], [ 121.433, 24.97431, 0.0 ], [ 121.4328, 24.97407, 0.0 ], [ 121.4325, 24.97367, 0.0 ], [ 121.4321, 24.97317, 0.0 ], [ 121.432, 24.97311, 0.0 ], [ 121.432, 24.97302, 0.0 ], [ 121.4319, 24.97294, 0.0 ], [ 121.4316, 24.97265, 0.0 ], [ 121.4314, 24.97254, 0.0 ], [ 121.4313, 24.97243, 0.0 ], [ 121.431, 24.97219, 0.0 ], [ 121.4309, 24.97211, 0.0 ], [ 121.4307, 24.97202, 0.0 ], [ 121.4306, 24.97192, 0.0 ], [ 121.4304, 24.97176, 0.0 ], [ 121.4301, 24.97157, 0.0 ], [ 121.43, 24.97148, 0.0 ], [ 121.4299, 24.97143, 0.0 ], [ 121.4296, 24.97116, 0.0 ], [ 121.4291, 24.97085, 0.0 ], [ 121.4286, 24.97052, 0.0 ], [ 121.4281, 24.9702, 0.0 ], [ 121.4277, 24.96993, 0.0 ], [ 121.4274, 24.9697, 0.0 ], [ 121.4269, 24.96938, 0.0 ], [ 121.4262, 24.96893, 0.0 ], [ 121.426, 24.96878, 0.0 ], [ 121.4257, 24.96859, 0.0 ], [ 121.4255, 24.96885, 0.0 ], [ 121.4255, 24.96886, 0.0 ], [ 121.4254, 24.96886, 0.0 ], [ 121.4246, 24.96852, 0.0 ], [ 121.4245, 24.96848, 0.0 ], [ 121.4245, 24.96844, 0.0 ], [ 121.4248, 24.96808, 0.0 ], [ 121.4248, 24.96803, 0.0 ], [ 121.4246, 24.96793, 0.0 ], [ 121.424, 24.96772, 0.0 ], [ 121.4232, 24.96746, 0.0 ], [ 121.4229, 24.96734, 0.0 ], [ 121.4225, 24.96719, 0.0 ], [ 121.4221, 24.96708, 0.0 ], [ 121.4219, 24.96699, 0.0 ], [ 121.4215, 24.96688, 0.0 ], [ 121.4211, 24.96671, 0.0 ], [ 121.4206, 24.96656, 0.0 ], [ 121.4202, 24.96643, 0.0 ], [ 121.4198, 24.96627, 0.0 ], [ 121.4196, 24.96619, 0.0 ], [ 121.4193, 24.9661, 0.0 ], [ 121.4189, 24.96596, 0.0 ], [ 121.4185, 24.96583, 0.0 ], [ 121.4182, 24.96572, 0.0 ], [ 121.4178, 24.96557, 0.0 ], [ 121.4173, 24.9654, 0.0 ], [ 121.4167, 24.96521, 0.0 ], [ 121.4164, 24.96509, 0.0 ], [ 121.4161, 24.96498, 0.0 ], [ 121.4157, 24.96484, 0.0 ], [ 121.4153, 24.96472, 0.0 ], [ 121.415, 24.96459, 0.0 ], [ 121.4147, 24.96451, 0.0 ], [ 121.4145, 24.96442, 0.0 ], [ 121.4143, 24.96433, 0.0 ], [ 121.4141, 24.96422, 0.0 ], [ 121.4138, 24.96407, 0.0 ], [ 121.4136, 24.96389, 0.0 ], [ 121.4134, 24.96377, 0.0 ], [ 121.4132, 24.96358, 0.0 ], [ 121.4128, 24.96329, 0.0 ], [ 121.4124, 24.96277, 0.0 ], [ 121.4122, 24.96268, 0.0 ], [ 121.412, 24.96267, 0.0 ], [ 121.412, 24.96269, 0.0 ], [ 121.4118, 24.96277, 0.0 ], [ 121.4117, 24.96273, 0.0 ], [ 121.4116, 24.96259, 0.0 ], [ 121.4115, 24.96232, 0.0 ], [ 121.4113, 24.96207, 0.0 ], [ 121.4112, 24.96189, 0.0 ], [ 121.4112, 24.96168, 0.0 ], [ 121.4111, 24.96156, 0.0 ], [ 121.4111, 24.96134, 0.0 ], [ 121.411, 24.96112, 0.0 ], [ 121.411, 24.96081, 0.0 ], [ 121.411, 24.96046, 0.0 ], [ 121.411, 24.95997, 0.0 ], [ 121.411, 24.95989, 0.0 ], [ 121.411, 24.95957, 0.0 ], [ 121.4112, 24.95915, 0.0 ], [ 121.4113, 24.95864, 0.0 ], [ 121.4116, 24.95775, 0.0 ], [ 121.4119, 24.95754, 0.0 ], [ 121.4119, 24.95736, 0.0 ], [ 121.412, 24.95713, 0.0 ], [ 121.412, 24.95675, 0.0 ], [ 121.4119, 24.95628, 0.0 ], [ 121.4118, 24.95593, 0.0 ], [ 121.4114, 24.95507, 0.0 ], [ 121.4113, 24.95504, 0.0 ], [ 121.4112, 24.95486, 0.0 ], [ 121.4111, 24.95467, 0.0 ], [ 121.411, 24.95428, 0.0 ], [ 121.4109, 24.95387, 0.0 ], [ 121.4107, 24.95332, 0.0 ], [ 121.4106, 24.95304, 0.0 ], [ 121.4104, 24.95278, 0.0 ], [ 121.4103, 24.9526, 0.0 ], [ 121.4101, 24.95244, 0.0 ], [ 121.4097, 24.95202, 0.0 ], [ 121.4096, 24.95197, 0.0 ], [ 121.4093, 24.95188, 0.0 ], [ 121.4089, 24.95155, 0.0 ], [ 121.4086, 24.95133, 0.0 ], [ 121.4085, 24.95112, 0.0 ], [ 121.4079, 24.95076, 0.0 ], [ 121.4076, 24.95063, 0.0 ], [ 121.4071, 24.95046, 0.0 ], [ 121.4062, 24.95003, 0.0 ], [ 121.4053, 24.94945, 0.0 ], [ 121.4048, 24.94916, 0.0 ], [ 121.4045, 24.949, 0.0 ], [ 121.4043, 24.94881, 0.0 ], [ 121.4043, 24.94874, 0.0 ], [ 121.404, 24.94825, 0.0 ], [ 121.4037, 24.94753, 0.0 ], [ 121.4035, 24.94703, 0.0 ], [ 121.4034, 24.94675, 0.0 ], [ 121.4033, 24.94636, 0.0 ], [ 121.403, 24.94591, 0.0 ], [ 121.4027, 24.94558, 0.0 ], [ 121.4027, 24.94552, 0.0 ], [ 121.4027, 24.94551, 0.0 ], [ 121.4027, 24.94546, 0.0 ], [ 121.4028, 24.94538, 0.0 ], [ 121.4028, 24.94535, 0.0 ], [ 121.4029, 24.94522, 0.0 ], [ 121.4029, 24.94516, 0.0 ], [ 121.4029, 24.94508, 0.0 ], [ 121.4029, 24.94497, 0.0 ], [ 121.4029, 24.94488, 0.0 ], [ 121.4029, 24.9448, 0.0 ], [ 121.403, 24.9447, 0.0 ], [ 121.4031, 24.94452, 0.0 ], [ 121.4817, 25.03559, 0.0 ], [ 121.4818, 25.03559, 0.0 ], [ 121.4818, 25.03558, 0.0 ], [ 121.4819, 25.03556, 0.0 ], [ 121.4819, 25.03552, 0.0 ], [ 121.4819, 25.03548, 0.0 ], [ 121.4819, 25.03544, 0.0 ], [ 121.4818, 25.03542, 0.0 ], [ 121.4818, 25.03543, 0.0 ], [ 121.4817, 25.03545, 0.0 ], [ 121.4817, 25.0355, 0.0 ], [ 121.4817, 25.03554, 0.0 ], [ 121.4817, 25.03557, 0.0 ], [ 121.4817, 25.03559, 0.0 ], [ 121.4031, 24.94452, 0.0 ], [ 121.4023, 24.94401, 0.0 ], [ 121.4017, 24.94367, 0.0 ], [ 121.4008, 24.94313, 0.0 ], [ 121.3994, 24.94231, 0.0 ], [ 121.3991, 24.94217, 0.0 ], [ 121.399, 24.9421, 0.0 ], [ 121.3987, 24.942, 0.0 ], [ 121.3966, 24.94129, 0.0 ], [ 121.3963, 24.94118, 0.0 ], [ 121.3962, 24.94108, 0.0 ], [ 121.396, 24.94097, 0.0 ], [ 121.3959, 24.94085, 0.0 ], [ 121.3958, 24.94068, 0.0 ], [ 121.3957, 24.9405, 0.0 ], [ 121.3957, 24.94039, 0.0 ], [ 121.3956, 24.94026, 0.0 ], [ 121.3956, 24.94015, 0.0 ], [ 121.3956, 24.94002, 0.0 ], [ 121.3955, 24.93994, 0.0 ], [ 121.3953, 24.93981, 0.0 ], [ 121.395, 24.93968, 0.0 ], [ 121.3948, 24.9396, 0.0 ], [ 121.3939, 24.93926, 0.0 ], [ 121.3934, 24.93906, 0.0 ], [ 121.3897, 24.93673, 0.0 ], [ 121.3896, 24.93663, 0.0 ], [ 121.3889, 24.93603, 0.0 ], [ 121.3884, 24.93548, 0.0 ], [ 121.388, 24.93504, 0.0 ], [ 121.3877, 24.93453, 0.0 ], [ 121.3873, 24.93395, 0.0 ], [ 121.3873, 24.93379, 0.0 ], [ 121.3873, 24.93369, 0.0 ], [ 121.3869, 24.93345, 0.0 ], [ 121.3866, 24.93324, 0.0 ], [ 121.386, 24.93277, 0.0 ], [ 121.3857, 24.9325, 0.0 ], [ 121.3851, 24.9318, 0.0 ], [ 121.385, 24.93168, 0.0 ], [ 121.3848, 24.93155, 0.0 ], [ 121.3846, 24.93142, 0.0 ], [ 121.3844, 24.93129, 0.0 ], [ 121.3841, 24.93118, 0.0 ], [ 121.3839, 24.93106, 0.0 ], [ 121.3836, 24.93096, 0.0 ], [ 121.3834, 24.93086, 0.0 ], [ 121.3832, 24.9308, 0.0 ], [ 121.383, 24.93074, 0.0 ], [ 121.3827, 24.93067, 0.0 ], [ 121.3813, 24.93034, 0.0 ], [ 121.3809, 24.93029, 0.0 ], [ 121.3804, 24.93027, 0.0 ], [ 121.3801, 24.93027, 0.0 ], [ 121.3799, 24.93029, 0.0 ], [ 121.3796, 24.93031, 0.0 ], [ 121.3795, 24.93032, 0.0 ], [ 121.3792, 24.93035, 0.0 ], [ 121.379, 24.93038, 0.0 ], [ 121.3789, 24.93043, 0.0 ], [ 121.3786, 24.9305, 0.0 ], [ 121.3782, 24.93063, 0.0 ], [ 121.378, 24.9307, 0.0 ], [ 121.3776, 24.93086, 0.0 ], [ 121.377, 24.93117, 0.0 ], [ 121.3768, 24.93119, 0.0 ], [ 121.3765, 24.93114, 0.0 ], [ 121.3764, 24.9311, 0.0 ], [ 121.3763, 24.93105, 0.0 ], [ 121.3759, 24.93083, 0.0 ], [ 121.3758, 24.93077, 0.0 ], [ 121.3745, 24.92981, 0.0 ], [ 121.3741, 24.92953, 0.0 ], [ 121.3739, 24.92938, 0.0 ], [ 121.3735, 24.92905, 0.0 ], [ 121.3733, 24.92885, 0.0 ], [ 121.3732, 24.92878, 0.0 ], [ 121.3729, 24.92854, 0.0 ], [ 121.3728, 24.92843, 0.0 ], [ 121.3725, 24.92813, 0.0 ], [ 121.3723, 24.92775, 0.0 ], [ 121.3722, 24.92772, 0.0 ], [ 121.3721, 24.92737, 0.0 ], [ 121.3719, 24.92694, 0.0 ], [ 121.3718, 24.92684, 0.0 ], [ 121.3717, 24.92643, 0.0 ], [ 121.3716, 24.92608, 0.0 ], [ 121.3715, 24.92578, 0.0 ], [ 121.3715, 24.9255, 0.0 ], [ 121.3713, 24.9247, 0.0 ], [ 121.3711, 24.92416, 0.0 ], [ 121.371, 24.92347, 0.0 ], [ 121.3705, 24.92162, 0.0 ], [ 121.3703, 24.92087, 0.0 ], [ 121.3702, 24.92066, 0.0 ], [ 121.3701, 24.92049, 0.0 ], [ 121.37, 24.92032, 0.0 ], [ 121.3698, 24.9202, 0.0 ], [ 121.3696, 24.92015, 0.0 ], [ 121.3693, 24.92011, 0.0 ], [ 121.3689, 24.92007, 0.0 ], [ 121.3681, 24.92, 0.0 ], [ 121.3679, 24.91997, 0.0 ], [ 121.3678, 24.91994, 0.0 ], [ 121.3676, 24.91989, 0.0 ], [ 121.3675, 24.9198, 0.0 ], [ 121.3673, 24.9197, 0.0 ], [ 121.367, 24.91938, 0.0 ], [ 121.3669, 24.91917, 0.0 ], [ 121.3667, 24.91901, 0.0 ], [ 121.3667, 24.91889, 0.0 ], [ 121.3667, 24.91874, 0.0 ], [ 121.3666, 24.91858, 0.0 ], [ 121.3665, 24.91777, 0.0 ], [ 121.3663, 24.917, 0.0 ], [ 121.3662, 24.91674, 0.0 ], [ 121.3662, 24.91645, 0.0 ], [ 121.3661, 24.91599, 0.0 ], [ 121.366, 24.9157, 0.0 ], [ 121.366, 24.91532, 0.0 ], [ 121.366, 24.91475, 0.0 ], [ 121.3659, 24.91355, 0.0 ], [ 121.3659, 24.91258, 0.0 ], [ 121.3659, 24.91162, 0.0 ], [ 121.3659, 24.91036, 0.0 ], [ 121.3659, 24.91019, 0.0 ], [ 121.3656, 24.90963, 0.0 ], [ 121.3652, 24.90859, 0.0 ], [ 121.3647, 24.90763, 0.0 ], [ 121.3646, 24.9075, 0.0 ], [ 121.3646, 24.90746, 0.0 ], [ 121.3645, 24.90741, 0.0 ], [ 121.364, 24.90725, 0.0 ], [ 121.3636, 24.90712, 0.0 ], [ 121.3618, 24.90652, 0.0 ], [ 121.3617, 24.90646, 0.0 ], [ 121.3615, 24.90643, 0.0 ], [ 121.3614, 24.90641, 0.0 ], [ 121.3612, 24.90643, 0.0 ], [ 121.3612, 24.90644, 0.0 ], [ 121.3611, 24.90647, 0.0 ], [ 121.361, 24.90649, 0.0 ], [ 121.3608, 24.90649, 0.0 ], [ 121.3606, 24.90646, 0.0 ], [ 121.3605, 24.9064, 0.0 ], [ 121.36, 24.90623, 0.0 ], [ 121.3593, 24.90596, 0.0 ], [ 121.3588, 24.90575, 0.0 ], [ 121.3585, 24.90569, 0.0 ], [ 121.3583, 24.90563, 0.0 ], [ 121.358, 24.90554, 0.0 ], [ 121.3578, 24.90538, 0.0 ], [ 121.3575, 24.90497, 0.0 ], [ 121.3572, 24.90463, 0.0 ], [ 121.3569, 24.90435, 0.0 ], [ 121.3565, 24.90402, 0.0 ], [ 121.3561, 24.90372, 0.0 ], [ 121.356, 24.90358, 0.0 ], [ 121.3558, 24.90351, 0.0 ], [ 121.3555, 24.90347, 0.0 ], [ 121.3552, 24.90347, 0.0 ], [ 121.3549, 24.90349, 0.0 ], [ 121.3542, 24.90366, 0.0 ], [ 121.354, 24.90367, 0.0 ], [ 121.3536, 24.90366, 0.0 ], [ 121.3526, 24.90361, 0.0 ], [ 121.3523, 24.90359, 0.0 ], [ 121.3522, 24.90358, 0.0 ], [ 121.3521, 24.90357, 0.0 ], [ 121.352, 24.90355, 0.0 ], [ 121.3518, 24.90354, 0.0 ], [ 121.3517, 24.90351, 0.0 ], [ 121.3513, 24.90343, 0.0 ], [ 121.3512, 24.90336, 0.0 ], [ 121.3511, 24.90333, 0.0 ], [ 121.3504, 24.90315, 0.0 ], [ 121.3498, 24.90288, 0.0 ], [ 121.3496, 24.90283, 0.0 ], [ 121.3495, 24.90282, 0.0 ], [ 121.3493, 24.90285, 0.0 ], [ 121.3492, 24.90294, 0.0 ], [ 121.3484, 24.90336, 0.0 ], [ 121.3481, 24.90355, 0.0 ], [ 121.3477, 24.90382, 0.0 ], [ 121.3472, 24.90433, 0.0 ], [ 121.3469, 24.90452, 0.0 ], [ 121.3468, 24.90458, 0.0 ], [ 121.3466, 24.90461, 0.0 ], [ 121.3465, 24.90459, 0.0 ], [ 121.346, 24.90441, 0.0 ], [ 121.3459, 24.9044, 0.0 ], [ 121.344, 24.90366, 0.0 ], [ 121.3436, 24.90322, 0.0 ], [ 121.3434, 24.90313, 0.0 ], [ 121.3434, 24.90307, 0.0 ], [ 121.3432, 24.90301, 0.0 ], [ 121.3429, 24.90293, 0.0 ], [ 121.3427, 24.9029, 0.0 ], [ 121.3426, 24.90288, 0.0 ], [ 121.3424, 24.90279, 0.0 ], [ 121.3417, 24.90227, 0.0 ], [ 121.3411, 24.90177, 0.0 ], [ 121.341, 24.90165, 0.0 ], [ 121.3409, 24.90146, 0.0 ], [ 121.3409, 24.90105, 0.0 ], [ 121.3409, 24.90055, 0.0 ], [ 121.3409, 24.90026, 0.0 ], [ 121.3408, 24.90005, 0.0 ], [ 121.3407, 24.89989, 0.0 ], [ 121.3402, 24.89957, 0.0 ], [ 121.3399, 24.89935, 0.0 ], [ 121.3395, 24.89917, 0.0 ], [ 121.3385, 24.8987, 0.0 ], [ 121.3382, 24.89837, 0.0 ], [ 121.3377, 24.89795, 0.0 ], [ 121.3372, 24.89761, 0.0 ], [ 121.3371, 24.89749, 0.0 ], [ 121.3369, 24.89731, 0.0 ], [ 121.3369, 24.89711, 0.0 ], [ 121.3369, 24.89656, 0.0 ], [ 121.3369, 24.8963, 0.0 ], [ 121.3368, 24.89609, 0.0 ], [ 121.3365, 24.89567, 0.0 ], [ 121.3362, 24.89527, 0.0 ], [ 121.336, 24.89509, 0.0 ], [ 121.3357, 24.89491, 0.0 ], [ 121.3355, 24.8947, 0.0 ], [ 121.3353, 24.8945, 0.0 ], [ 121.3353, 24.8943, 0.0 ], [ 121.335, 24.89343, 0.0 ], [ 121.335, 24.89314, 0.0 ], [ 121.335, 24.89296, 0.0 ], [ 121.335, 24.89261, 0.0 ], [ 121.335, 24.89247, 0.0 ], [ 121.3349, 24.89233, 0.0 ], [ 121.3349, 24.89223, 0.0 ], [ 121.3347, 24.89217, 0.0 ], [ 121.3346, 24.89214, 0.0 ], [ 121.3344, 24.89216, 0.0 ], [ 121.3342, 24.89224, 0.0 ], [ 121.3341, 24.89234, 0.0 ], [ 121.3341, 24.89245, 0.0 ], [ 121.3341, 24.89254, 0.0 ], [ 121.3341, 24.89286, 0.0 ], [ 121.334, 24.893, 0.0 ], [ 121.334, 24.89312, 0.0 ], [ 121.3338, 24.8933, 0.0 ], [ 121.3337, 24.89342, 0.0 ], [ 121.3336, 24.89348, 0.0 ], [ 121.3334, 24.89352, 0.0 ], [ 121.333, 24.89359, 0.0 ], [ 121.333, 24.89361, 0.0 ], [ 121.3329, 24.89366, 0.0 ], [ 121.3328, 24.89376, 0.0 ], [ 121.3328, 24.89397, 0.0 ], [ 121.3328, 24.89453, 0.0 ], [ 121.3329, 24.89499, 0.0 ], [ 121.333, 24.89528, 0.0 ], [ 121.333, 24.89577, 0.0 ], [ 121.333, 24.89592, 0.0 ], [ 121.333, 24.89596, 0.0 ], [ 121.333, 24.89612, 0.0 ], [ 121.333, 24.89626, 0.0 ], [ 121.3329, 24.89635, 0.0 ], [ 121.3328, 24.8964, 0.0 ], [ 121.3327, 24.89642, 0.0 ], [ 121.3325, 24.89641, 0.0 ], [ 121.3323, 24.89632, 0.0 ], [ 121.3321, 24.89614, 0.0 ], [ 121.3315, 24.89563, 0.0 ], [ 121.3311, 24.89533, 0.0 ], [ 121.3307, 24.89491, 0.0 ], [ 121.3304, 24.89462, 0.0 ], [ 121.3297, 24.89393, 0.0 ], [ 121.3293, 24.89346, 0.0 ], [ 121.3289, 24.89306, 0.0 ], [ 121.3286, 24.8927, 0.0 ], [ 121.3284, 24.89255, 0.0 ], [ 121.3279, 24.89228, 0.0 ], [ 121.3273, 24.89208, 0.0 ], [ 121.3272, 24.89205, 0.0 ], [ 121.3269, 24.89198, 0.0 ], [ 121.3266, 24.89193, 0.0 ], [ 121.3263, 24.892, 0.0 ], [ 121.3254, 24.89235, 0.0 ], [ 121.3251, 24.89249, 0.0 ], [ 121.325, 24.89265, 0.0 ], [ 121.3248, 24.89298, 0.0 ], [ 121.3247, 24.8931, 0.0 ], [ 121.3247, 24.8933, 0.0 ], [ 121.3245, 24.8935, 0.0 ], [ 121.3244, 24.8937, 0.0 ], [ 121.3243, 24.89377, 0.0 ], [ 121.3239, 24.89413, 0.0 ], [ 121.3237, 24.89435, 0.0 ], [ 121.3235, 24.89472, 0.0 ], [ 121.3232, 24.89522, 0.0 ], [ 121.3231, 24.89541, 0.0 ], [ 121.323, 24.89557, 0.0 ], [ 121.3229, 24.8957, 0.0 ], [ 121.3223, 24.89584, 0.0 ], [ 121.3219, 24.89587, 0.0 ], [ 121.3218, 24.89588, 0.0 ], [ 121.3216, 24.89588, 0.0 ], [ 121.3214, 24.89588, 0.0 ], [ 121.3212, 24.89584, 0.0 ], [ 121.3211, 24.89579, 0.0 ], [ 121.3209, 24.89573, 0.0 ], [ 121.3206, 24.89562, 0.0 ], [ 121.3201, 24.89534, 0.0 ], [ 121.32, 24.89525, 0.0 ], [ 121.3198, 24.89517, 0.0 ], [ 121.3195, 24.89502, 0.0 ], [ 121.3193, 24.89494, 0.0 ], [ 121.3191, 24.89492, 0.0 ], [ 121.3188, 24.89495, 0.0 ], [ 121.3186, 24.89501, 0.0 ], [ 121.3183, 24.89504, 0.0 ], [ 121.3179, 24.895, 0.0 ], [ 121.3179, 24.89499, 0.0 ], [ 121.3177, 24.89495, 0.0 ], [ 121.3174, 24.89481, 0.0 ], [ 121.3171, 24.89456, 0.0 ], [ 121.3168, 24.89439, 0.0 ], [ 121.3166, 24.89429, 0.0 ], [ 121.3164, 24.89427, 0.0 ], [ 121.3163, 24.89427, 0.0 ], [ 121.3162, 24.89427, 0.0 ], [ 121.316, 24.89433, 0.0 ], [ 121.3158, 24.89448, 0.0 ], [ 121.3157, 24.89454, 0.0 ], [ 121.3154, 24.89476, 0.0 ], [ 121.3152, 24.89492, 0.0 ], [ 121.315, 24.895, 0.0 ], [ 121.3148, 24.89512, 0.0 ], [ 121.3141, 24.89533, 0.0 ], [ 121.3132, 24.89556, 0.0 ], [ 121.3131, 24.89557, 0.0 ], [ 121.3128, 24.89558, 0.0 ], [ 121.3123, 24.89548, 0.0 ], [ 121.3119, 24.89535, 0.0 ], [ 121.3104, 24.89452, 0.0 ], [ 121.3096, 24.89424, 0.0 ], [ 121.309, 24.89404, 0.0 ], [ 121.3089, 24.89403, 0.0 ], [ 121.3085, 24.89392, 0.0 ], [ 121.308, 24.89375, 0.0 ], [ 121.3076, 24.89371, 0.0 ], [ 121.3072, 24.89371, 0.0 ], [ 121.3056, 24.89388, 0.0 ], [ 121.3043, 24.89423, 0.0 ], [ 121.3039, 24.89442, 0.0 ], [ 121.3036, 24.89452, 0.0 ], [ 121.3036, 24.89456, 0.0 ], [ 121.3034, 24.89473, 0.0 ], [ 121.3033, 24.895, 0.0 ], [ 121.3031, 24.89538, 0.0 ], [ 121.303, 24.89561, 0.0 ], [ 121.3027, 24.89576, 0.0 ], [ 121.3024, 24.89588, 0.0 ], [ 121.302, 24.89601, 0.0 ], [ 121.3018, 24.89605, 0.0 ], [ 121.3017, 24.89605, 0.0 ], [ 121.3015, 24.89605, 0.0 ], [ 121.3013, 24.89598, 0.0 ], [ 121.3012, 24.89592, 0.0 ], [ 121.301, 24.8957, 0.0 ], [ 121.3009, 24.89528, 0.0 ], [ 121.3007, 24.89448, 0.0 ], [ 121.3007, 24.89418, 0.0 ], [ 121.3004, 24.89311, 0.0 ], [ 121.3004, 24.89278, 0.0 ], [ 121.3002, 24.89208, 0.0 ], [ 121.3002, 24.89154, 0.0 ], [ 121.2999, 24.88958, 0.0 ], [ 121.2998, 24.88901, 0.0 ], [ 121.2997, 24.88891, 0.0 ], [ 121.2996, 24.88874, 0.0 ], [ 121.2995, 24.88865, 0.0 ], [ 121.2993, 24.8886, 0.0 ], [ 121.2983, 24.88852, 0.0 ], [ 121.2978, 24.88845, 0.0 ], [ 121.2976, 24.88836, 0.0 ], [ 121.2969, 24.88765, 0.0 ], [ 121.296, 24.88696, 0.0 ], [ 121.2953, 24.88641, 0.0 ], [ 121.2949, 24.88613, 0.0 ], [ 121.2945, 24.88593, 0.0 ], [ 121.2938, 24.88567, 0.0 ], [ 121.2928, 24.88531, 0.0 ], [ 121.2936, 24.88451, 0.0 ], [ 121.2939, 24.88428, 0.0 ], [ 121.2943, 24.88392, 0.0 ], [ 121.2948, 24.88346, 0.0 ], [ 121.2948, 24.88341, 0.0 ], [ 121.2953, 24.88284, 0.0 ], [ 121.2953, 24.88269, 0.0 ], [ 121.2954, 24.88241, 0.0 ], [ 121.2954, 24.88183, 0.0 ], [ 121.2954, 24.88157, 0.0 ], [ 121.2948, 24.88086, 0.0 ], [ 121.2944, 24.88034, 0.0 ], [ 121.2943, 24.88017, 0.0 ], [ 121.2937, 24.87948, 0.0 ], [ 121.2937, 24.87943, 0.0 ], [ 121.2931, 24.87868, 0.0 ], [ 121.293, 24.87846, 0.0 ], [ 121.2927, 24.87822, 0.0 ], [ 121.2927, 24.87811, 0.0 ], [ 121.292, 24.87735, 0.0 ], [ 121.2916, 24.87699, 0.0 ], [ 121.2913, 24.8767, 0.0 ], [ 121.2911, 24.87644, 0.0 ], [ 121.2908, 24.87617, 0.0 ], [ 121.2906, 24.876, 0.0 ], [ 121.2904, 24.87582, 0.0 ], [ 121.2903, 24.87573, 0.0 ], [ 121.289, 24.87491, 0.0 ], [ 121.2884, 24.87448, 0.0 ], [ 121.2877, 24.87402, 0.0 ], [ 121.2871, 24.87361, 0.0 ], [ 121.2869, 24.87352, 0.0 ], [ 121.2869, 24.87351, 0.0 ], [ 121.2868, 24.87345, 0.0 ], [ 121.2864, 24.87336, 0.0 ], [ 121.2863, 24.87337, 0.0 ], [ 121.2861, 24.87277, 0.0 ], [ 121.2861, 24.8727, 0.0 ], [ 121.286, 24.87245, 0.0 ], [ 121.286, 24.87221, 0.0 ], [ 121.2858, 24.87151, 0.0 ], [ 121.2858, 24.8715, 0.0 ], [ 121.2856, 24.87076, 0.0 ], [ 121.2855, 24.87044, 0.0 ], [ 121.2855, 24.87043, 0.0 ], [ 121.2852, 24.86981, 0.0 ], [ 121.2849, 24.86917, 0.0 ], [ 121.2845, 24.86829, 0.0 ], [ 121.2842, 24.86769, 0.0 ], [ 121.2842, 24.86751, 0.0 ], [ 121.2842, 24.86668, 0.0 ], [ 121.2841, 24.86613, 0.0 ], [ 121.284, 24.86542, 0.0 ], [ 121.2838, 24.86487, 0.0 ], [ 121.2837, 24.86445, 0.0 ], [ 121.2833, 24.86314, 0.0 ], [ 121.2832, 24.86275, 0.0 ], [ 121.2832, 24.8625, 0.0 ], [ 121.2829, 24.86205, 0.0 ], [ 121.2826, 24.86154, 0.0 ], [ 121.2822, 24.86091, 0.0 ], [ 121.2827, 24.85938, 0.0 ], [ 121.283, 24.85859, 0.0 ], [ 121.283, 24.85807, 0.0 ], [ 121.283, 24.85742, 0.0 ], [ 121.2828, 24.85593, 0.0 ], [ 121.2827, 24.85542, 0.0 ], [ 121.2826, 24.85523, 0.0 ], [ 121.2825, 24.85495, 0.0 ], [ 121.2822, 24.85451, 0.0 ], [ 121.2819, 24.85411, 0.0 ], [ 121.2815, 24.85381, 0.0 ], [ 121.2811, 24.85364, 0.0 ], [ 121.2805, 24.85343, 0.0 ], [ 121.2796, 24.85315, 0.0 ], [ 121.2792, 24.85298, 0.0 ], [ 121.2787, 24.85282, 0.0 ], [ 121.2779, 24.85247, 0.0 ], [ 121.2775, 24.85212, 0.0 ], [ 121.2773, 24.85195, 0.0 ], [ 121.2768, 24.85141, 0.0 ], [ 121.2762, 24.85075, 0.0 ], [ 121.2761, 24.85061, 0.0 ], [ 121.2759, 24.85042, 0.0 ], [ 121.2757, 24.85019, 0.0 ], [ 121.2754, 24.84971, 0.0 ], [ 121.2753, 24.84953, 0.0 ], [ 121.275, 24.84902, 0.0 ], [ 121.2749, 24.84885, 0.0 ], [ 121.2748, 24.84878, 0.0 ], [ 121.2744, 24.84819, 0.0 ], [ 121.274, 24.84781, 0.0 ], [ 121.2737, 24.84735, 0.0 ], [ 121.2734, 24.84699, 0.0 ], [ 121.2728, 24.84619, 0.0 ], [ 121.2727, 24.84607, 0.0 ], [ 121.2727, 24.84603, 0.0 ], [ 121.2726, 24.84579, 0.0 ], [ 121.2726, 24.8457, 0.0 ], [ 121.2725, 24.84512, 0.0 ], [ 121.2724, 24.84409, 0.0 ], [ 121.2724, 24.84388, 0.0 ], [ 121.2723, 24.84352, 0.0 ], [ 121.2723, 24.84322, 0.0 ], [ 121.2723, 24.84295, 0.0 ], [ 121.2723, 24.84264, 0.0 ], [ 121.2722, 24.84227, 0.0 ], [ 121.2722, 24.84188, 0.0 ], [ 121.2723, 24.84158, 0.0 ], [ 121.2723, 24.84051, 0.0 ], [ 121.2723, 24.84041, 0.0 ], [ 121.2723, 24.84034, 0.0 ], [ 121.2722, 24.83931, 0.0 ], [ 121.2722, 24.83883, 0.0 ], [ 121.2722, 24.83876, 0.0 ], [ 121.2723, 24.83831, 0.0 ], [ 121.2723, 24.83805, 0.0 ], [ 121.2723, 24.83766, 0.0 ], [ 121.2722, 24.8373, 0.0 ], [ 121.272, 24.83671, 0.0 ], [ 121.2717, 24.83591, 0.0 ], [ 121.2717, 24.83569, 0.0 ], [ 121.2716, 24.83549, 0.0 ], [ 121.2716, 24.83397, 0.0 ], [ 121.2715, 24.83342, 0.0 ], [ 121.2715, 24.83338, 0.0 ], [ 121.2715, 24.83282, 0.0 ], [ 121.2714, 24.83241, 0.0 ], [ 121.2714, 24.83209, 0.0 ], [ 121.2712, 24.83174, 0.0 ], [ 121.2711, 24.83143, 0.0 ], [ 121.2709, 24.83114, 0.0 ], [ 121.2707, 24.83092, 0.0 ], [ 121.2704, 24.83062, 0.0 ], [ 121.2701, 24.83037, 0.0 ], [ 121.2699, 24.83014, 0.0 ], [ 121.2697, 24.83002, 0.0 ], [ 121.2692, 24.82951, 0.0 ], [ 121.269, 24.82937, 0.0 ], [ 121.2687, 24.82911, 0.0 ], [ 121.2685, 24.82896, 0.0 ], [ 121.2679, 24.82836, 0.0 ], [ 121.2679, 24.82833, 0.0 ], [ 121.2677, 24.82818, 0.0 ], [ 121.2675, 24.82802, 0.0 ], [ 121.2668, 24.82754, 0.0 ], [ 121.2665, 24.82726, 0.0 ], [ 121.2665, 24.82719, 0.0 ], [ 121.2664, 24.8271, 0.0 ], [ 121.2656, 24.82642, 0.0 ], [ 121.2651, 24.82599, 0.0 ], [ 121.2645, 24.82564, 0.0 ], [ 121.263, 24.82478, 0.0 ], [ 121.2611, 24.82353, 0.0 ], [ 121.2606, 24.82328, 0.0 ], [ 121.2597, 24.82291, 0.0 ], [ 121.2594, 24.82278, 0.0 ], [ 121.2586, 24.82256, 0.0 ], [ 121.2581, 24.82225, 0.0 ], [ 121.2579, 24.82213, 0.0 ], [ 121.2576, 24.82217, 0.0 ], [ 121.2573, 24.82222, 0.0 ], [ 121.2524, 24.82525, 0.0 ], [ 121.2521, 24.82545, 0.0 ], [ 121.2514, 24.82586, 0.0 ], [ 121.2512, 24.82594, 0.0 ], [ 121.251, 24.82597, 0.0 ], [ 121.2508, 24.82597, 0.0 ], [ 121.2507, 24.82593, 0.0 ], [ 121.2504, 24.82585, 0.0 ], [ 121.2501, 24.82567, 0.0 ], [ 121.2496, 24.82548, 0.0 ], [ 121.2491, 24.82533, 0.0 ], [ 121.2487, 24.82528, 0.0 ], [ 121.2483, 24.82526, 0.0 ], [ 121.2478, 24.82528, 0.0 ], [ 121.2474, 24.82533, 0.0 ], [ 121.2472, 24.82534, 0.0 ], [ 121.2453, 24.82571, 0.0 ], [ 121.2447, 24.82585, 0.0 ], [ 121.2446, 24.82588, 0.0 ], [ 121.2444, 24.82591, 0.0 ], [ 121.2441, 24.82607, 0.0 ], [ 121.2434, 24.82672, 0.0 ], [ 121.2432, 24.82694, 0.0 ], [ 121.2432, 24.82716, 0.0 ], [ 121.2429, 24.82711, 0.0 ], [ 121.2422, 24.82723, 0.0 ], [ 121.2418, 24.82737, 0.0 ], [ 121.2412, 24.82753, 0.0 ], [ 121.241, 24.82758, 0.0 ], [ 121.2408, 24.82755, 0.0 ], [ 121.2405, 24.8275, 0.0 ], [ 121.2403, 24.82732, 0.0 ], [ 121.24, 24.82707, 0.0 ], [ 121.2396, 24.82659, 0.0 ], [ 121.2395, 24.82653, 0.0 ], [ 121.2395, 24.82649, 0.0 ], [ 121.2394, 24.82636, 0.0 ], [ 121.2392, 24.82626, 0.0 ], [ 121.239, 24.82612, 0.0 ], [ 121.2388, 24.82603, 0.0 ], [ 121.2387, 24.826, 0.0 ], [ 121.2385, 24.82597, 0.0 ], [ 121.2376, 24.82577, 0.0 ], [ 121.2366, 24.82555, 0.0 ], [ 121.2357, 24.82532, 0.0 ], [ 121.2351, 24.82517, 0.0 ], [ 121.2347, 24.82509, 0.0 ], [ 121.2337, 24.82485, 0.0 ], [ 121.2336, 24.82484, 0.0 ], [ 121.2334, 24.82478, 0.0 ], [ 121.2333, 24.82476, 0.0 ], [ 121.233, 24.82466, 0.0 ], [ 121.2329, 24.8246, 0.0 ], [ 121.2324, 24.8243, 0.0 ], [ 121.232, 24.82399, 0.0 ], [ 121.2319, 24.82391, 0.0 ], [ 121.2318, 24.82367, 0.0 ], [ 121.2316, 24.82315, 0.0 ], [ 121.2315, 24.82301, 0.0 ], [ 121.2314, 24.82294, 0.0 ], [ 121.2313, 24.8229, 0.0 ], [ 121.2308, 24.82263, 0.0 ], [ 121.2307, 24.82255, 0.0 ], [ 121.2305, 24.82246, 0.0 ], [ 121.2299, 24.8221, 0.0 ], [ 121.2298, 24.82206, 0.0 ], [ 121.2297, 24.82205, 0.0 ], [ 121.2294, 24.82204, 0.0 ], [ 121.2291, 24.822, 0.0 ], [ 121.229, 24.82197, 0.0 ], [ 121.2287, 24.82188, 0.0 ], [ 121.2286, 24.82177, 0.0 ], [ 121.2284, 24.82162, 0.0 ], [ 121.2273, 24.82006, 0.0 ], [ 121.2267, 24.8191, 0.0 ], [ 121.2263, 24.81867, 0.0 ], [ 121.2261, 24.81853, 0.0 ], [ 121.226, 24.81846, 0.0 ], [ 121.2253, 24.81796, 0.0 ], [ 121.2247, 24.81763, 0.0 ], [ 121.2245, 24.81756, 0.0 ], [ 121.2243, 24.81754, 0.0 ], [ 121.2239, 24.81753, 0.0 ], [ 121.2237, 24.81753, 0.0 ], [ 121.2231, 24.81754, 0.0 ], [ 121.2229, 24.81758, 0.0 ], [ 121.2228, 24.81762, 0.0 ], [ 121.2225, 24.81783, 0.0 ], [ 121.2223, 24.81791, 0.0 ], [ 121.2222, 24.81797, 0.0 ], [ 121.2216, 24.81817, 0.0 ], [ 121.221, 24.81838, 0.0 ], [ 121.2207, 24.81845, 0.0 ], [ 121.2205, 24.81845, 0.0 ], [ 121.2203, 24.81844, 0.0 ], [ 121.2202, 24.81843, 0.0 ], [ 121.2197, 24.81836, 0.0 ], [ 121.2195, 24.81837, 0.0 ], [ 121.2192, 24.81843, 0.0 ], [ 121.2189, 24.81859, 0.0 ], [ 121.2186, 24.81883, 0.0 ], [ 121.2184, 24.81902, 0.0 ], [ 121.2183, 24.81928, 0.0 ], [ 121.2182, 24.81972, 0.0 ], [ 121.2181, 24.81989, 0.0 ], [ 121.218, 24.82011, 0.0 ], [ 121.2178, 24.82039, 0.0 ], [ 121.2175, 24.82069, 0.0 ], [ 121.2174, 24.82079, 0.0 ], [ 121.2173, 24.82088, 0.0 ], [ 121.2171, 24.82101, 0.0 ], [ 121.2168, 24.82103, 0.0 ], [ 121.2156, 24.82089, 0.0 ], [ 121.2154, 24.82087, 0.0 ], [ 121.2151, 24.82088, 0.0 ], [ 121.215, 24.82092, 0.0 ], [ 121.2148, 24.82095, 0.0 ], [ 121.2141, 24.8213, 0.0 ], [ 121.2138, 24.82146, 0.0 ], [ 121.2136, 24.82167, 0.0 ], [ 121.2136, 24.82174, 0.0 ], [ 121.2134, 24.82207, 0.0 ], [ 121.2133, 24.82228, 0.0 ], [ 121.213, 24.82245, 0.0 ], [ 121.2127, 24.82261, 0.0 ], [ 121.2124, 24.82285, 0.0 ], [ 121.2113, 24.82354, 0.0 ], [ 121.2111, 24.82366, 0.0 ], [ 121.2107, 24.82381, 0.0 ], [ 121.2098, 24.82414, 0.0 ], [ 121.2093, 24.82431, 0.0 ], [ 121.2088, 24.82451, 0.0 ], [ 121.2086, 24.82462, 0.0 ], [ 121.2084, 24.82474, 0.0 ], [ 121.2083, 24.82478, 0.0 ], [ 121.2077, 24.82528, 0.0 ], [ 121.2076, 24.82537, 0.0 ], [ 121.2075, 24.82544, 0.0 ], [ 121.2074, 24.82557, 0.0 ], [ 121.207, 24.82588, 0.0 ], [ 121.2064, 24.82646, 0.0 ], [ 121.2059, 24.82703, 0.0 ], [ 121.2058, 24.82723, 0.0 ], [ 121.2055, 24.82753, 0.0 ], [ 121.2053, 24.82779, 0.0 ], [ 121.2053, 24.82784, 0.0 ], [ 121.2043, 24.82884, 0.0 ], [ 121.2039, 24.82916, 0.0 ], [ 121.203, 24.82971, 0.0 ], [ 121.2013, 24.83083, 0.0 ], [ 121.2007, 24.83123, 0.0 ], [ 121.2004, 24.83139, 0.0 ], [ 121.2003, 24.83137, 0.0 ], [ 121.2001, 24.83131, 0.0 ], [ 121.1991, 24.83107, 0.0 ], [ 121.1987, 24.83097, 0.0 ], [ 121.1983, 24.83085, 0.0 ], [ 121.1973, 24.83046, 0.0 ], [ 121.1972, 24.83041, 0.0 ], [ 121.1969, 24.83033, 0.0 ], [ 121.1966, 24.83025, 0.0 ], [ 121.1963, 24.8302, 0.0 ], [ 121.1961, 24.83014, 0.0 ], [ 121.1959, 24.83013, 0.0 ], [ 121.1929, 24.82975, 0.0 ], [ 121.1929, 24.82972, 0.0 ], [ 121.1928, 24.82972, 0.0 ], [ 121.1927, 24.82961, 0.0 ], [ 121.1923, 24.82821, 0.0 ], [ 121.1922, 24.82824, 0.0 ], [ 121.1918, 24.82817, 0.0 ], [ 121.1917, 24.82812, 0.0 ], [ 121.1914, 24.82788, 0.0 ], [ 121.1913, 24.82779, 0.0 ], [ 121.1912, 24.82775, 0.0 ], [ 121.191, 24.82771, 0.0 ], [ 121.1904, 24.82763, 0.0 ], [ 121.1901, 24.82755, 0.0 ], [ 121.1891, 24.82734, 0.0 ], [ 121.189, 24.82734, 0.0 ], [ 121.1888, 24.82741, 0.0 ], [ 121.1883, 24.82784, 0.0 ], [ 121.1878, 24.82825, 0.0 ], [ 121.1874, 24.82846, 0.0 ], [ 121.1873, 24.82857, 0.0 ], [ 121.1872, 24.82872, 0.0 ], [ 121.1865, 24.82943, 0.0 ], [ 121.1865, 24.82953, 0.0 ], [ 121.1863, 24.82972, 0.0 ], [ 121.1861, 24.82997, 0.0 ], [ 121.1859, 24.83013, 0.0 ], [ 121.1857, 24.83023, 0.0 ], [ 121.1847, 24.83061, 0.0 ], [ 121.1846, 24.83071, 0.0 ], [ 121.1846, 24.83083, 0.0 ], [ 121.1845, 24.83091, 0.0 ], [ 121.1844, 24.83107, 0.0 ], [ 121.1844, 24.83116, 0.0 ], [ 121.1841, 24.83121, 0.0 ], [ 121.1839, 24.83121, 0.0 ], [ 121.1837, 24.83118, 0.0 ], [ 121.1834, 24.83104, 0.0 ], [ 121.1834, 24.83102, 0.0 ], [ 121.1831, 24.83094, 0.0 ], [ 121.1825, 24.83082, 0.0 ], [ 121.1824, 24.83079, 0.0 ], [ 121.182, 24.83053, 0.0 ], [ 121.1818, 24.8305, 0.0 ], [ 121.1816, 24.83049, 0.0 ], [ 121.1813, 24.83046, 0.0 ], [ 121.1812, 24.83047, 0.0 ], [ 121.1811, 24.8305, 0.0 ], [ 121.1806, 24.831, 0.0 ], [ 121.1805, 24.83108, 0.0 ], [ 121.1803, 24.83134, 0.0 ], [ 121.1802, 24.83142, 0.0 ], [ 121.1802, 24.83151, 0.0 ], [ 121.1801, 24.83153, 0.0 ], [ 121.18, 24.83153, 0.0 ], [ 121.1797, 24.83147, 0.0 ], [ 121.1795, 24.83144, 0.0 ], [ 121.1794, 24.83143, 0.0 ], [ 121.1793, 24.83144, 0.0 ], [ 121.1792, 24.83145, 0.0 ], [ 121.1791, 24.8315, 0.0 ], [ 121.179, 24.83161, 0.0 ], [ 121.1789, 24.83165, 0.0 ], [ 121.1788, 24.83169, 0.0 ], [ 121.1786, 24.83175, 0.0 ], [ 121.1784, 24.8319, 0.0 ], [ 121.1783, 24.83194, 0.0 ], [ 121.1783, 24.83195, 0.0 ], [ 121.1782, 24.83193, 0.0 ], [ 121.1781, 24.83191, 0.0 ], [ 121.1781, 24.83187, 0.0 ], [ 121.1779, 24.83167, 0.0 ], [ 121.1778, 24.83163, 0.0 ], [ 121.1778, 24.83161, 0.0 ], [ 121.1777, 24.83161, 0.0 ], [ 121.1776, 24.83163, 0.0 ], [ 121.1772, 24.83176, 0.0 ], [ 121.1771, 24.83178, 0.0 ], [ 121.177, 24.83179, 0.0 ], [ 121.1767, 24.83183, 0.0 ], [ 121.1766, 24.83187, 0.0 ], [ 121.1764, 24.83192, 0.0 ], [ 121.1764, 24.83198, 0.0 ], [ 121.1763, 24.83214, 0.0 ], [ 121.1763, 24.83216, 0.0 ], [ 121.1762, 24.83217, 0.0 ], [ 121.1762, 24.83218, 0.0 ], [ 121.1758, 24.83223, 0.0 ], [ 121.1756, 24.83225, 0.0 ], [ 121.1747, 24.83229, 0.0 ], [ 121.1746, 24.83232, 0.0 ], [ 121.1745, 24.83237, 0.0 ], [ 121.1744, 24.83246, 0.0 ], [ 121.1743, 24.83265, 0.0 ], [ 121.1742, 24.83286, 0.0 ], [ 121.1742, 24.8329, 0.0 ], [ 121.1741, 24.83293, 0.0 ], [ 121.174, 24.83295, 0.0 ], [ 121.174, 24.83297, 0.0 ], [ 121.1734, 24.83316, 0.0 ], [ 121.1731, 24.83323, 0.0 ], [ 121.1729, 24.83331, 0.0 ], [ 121.172, 24.83365, 0.0 ], [ 121.1701, 24.83437, 0.0 ], [ 121.1694, 24.83466, 0.0 ], [ 121.1693, 24.83469, 0.0 ], [ 121.1693, 24.83471, 0.0 ], [ 121.1692, 24.83478, 0.0 ], [ 121.1691, 24.83485, 0.0 ], [ 121.1689, 24.83505, 0.0 ], [ 121.1686, 24.8352, 0.0 ], [ 121.1685, 24.83526, 0.0 ], [ 121.1684, 24.83526, 0.0 ], [ 121.1683, 24.83527, 0.0 ], [ 121.1681, 24.83527, 0.0 ], [ 121.1681, 24.83528, 0.0 ], [ 121.168, 24.83535, 0.0 ], [ 121.1679, 24.83543, 0.0 ], [ 121.1678, 24.83553, 0.0 ], [ 121.1676, 24.83563, 0.0 ], [ 121.1673, 24.83575, 0.0 ], [ 121.1672, 24.8358, 0.0 ], [ 121.167, 24.83582, 0.0 ], [ 121.1668, 24.83582, 0.0 ], [ 121.1667, 24.83582, 0.0 ], [ 121.1665, 24.83588, 0.0 ], [ 121.1664, 24.8359, 0.0 ], [ 121.1662, 24.83591, 0.0 ], [ 121.1661, 24.83592, 0.0 ], [ 121.166, 24.83596, 0.0 ], [ 121.1659, 24.836, 0.0 ], [ 121.1655, 24.83614, 0.0 ], [ 121.1654, 24.8362, 0.0 ], [ 121.165, 24.8364, 0.0 ], [ 121.1648, 24.8365, 0.0 ], [ 121.1647, 24.83652, 0.0 ], [ 121.1639, 24.83686, 0.0 ], [ 121.1637, 24.83691, 0.0 ], [ 121.1635, 24.83696, 0.0 ], [ 121.1633, 24.83698, 0.0 ], [ 121.1632, 24.83698, 0.0 ], [ 121.163, 24.83699, 0.0 ], [ 121.1628, 24.837, 0.0 ], [ 121.1627, 24.83702, 0.0 ], [ 121.1626, 24.83707, 0.0 ], [ 121.162, 24.83746, 0.0 ], [ 121.162, 24.83747, 0.0 ], [ 121.1619, 24.83751, 0.0 ], [ 121.1618, 24.83756, 0.0 ], [ 121.1615, 24.83761, 0.0 ], [ 121.1615, 24.83762, 0.0 ], [ 121.1614, 24.83765, 0.0 ], [ 121.1612, 24.83787, 0.0 ], [ 121.1609, 24.83801, 0.0 ], [ 121.1608, 24.83808, 0.0 ], [ 121.1606, 24.8382, 0.0 ], [ 121.1604, 24.83828, 0.0 ], [ 121.16, 24.83845, 0.0 ], [ 121.1599, 24.8385, 0.0 ], [ 121.1598, 24.83852, 0.0 ], [ 121.1598, 24.83855, 0.0 ], [ 121.1597, 24.83867, 0.0 ], [ 121.1594, 24.83881, 0.0 ], [ 121.1593, 24.83891, 0.0 ], [ 121.1589, 24.83904, 0.0 ], [ 121.1587, 24.83913, 0.0 ], [ 121.1585, 24.83923, 0.0 ], [ 121.1584, 24.83933, 0.0 ], [ 121.1582, 24.83948, 0.0 ], [ 121.158, 24.8397, 0.0 ], [ 121.1578, 24.83983, 0.0 ], [ 121.1577, 24.83992, 0.0 ], [ 121.1574, 24.84014, 0.0 ], [ 121.1573, 24.84022, 0.0 ], [ 121.1571, 24.84032, 0.0 ], [ 121.157, 24.84039, 0.0 ], [ 121.1568, 24.84051, 0.0 ], [ 121.1566, 24.84059, 0.0 ], [ 121.1564, 24.84076, 0.0 ], [ 121.1563, 24.84082, 0.0 ], [ 121.1563, 24.84085, 0.0 ], [ 121.1563, 24.84086, 0.0 ], [ 121.1561, 24.84094, 0.0 ], [ 121.156, 24.84097, 0.0 ], [ 121.156, 24.84098, 0.0 ], [ 121.156, 24.841, 0.0 ], [ 121.1558, 24.84115, 0.0 ], [ 121.1557, 24.84119, 0.0 ], [ 121.1557, 24.84121, 0.0 ], [ 121.1556, 24.84122, 0.0 ], [ 121.1556, 24.84123, 0.0 ], [ 121.1555, 24.84123, 0.0 ], [ 121.1554, 24.84124, 0.0 ], [ 121.1554, 24.84126, 0.0 ], [ 121.1553, 24.84128, 0.0 ], [ 121.1552, 24.8413, 0.0 ], [ 121.1552, 24.84135, 0.0 ], [ 121.1546, 24.84179, 0.0 ], [ 121.1546, 24.84181, 0.0 ], [ 121.1546, 24.84188, 0.0 ], [ 121.1545, 24.84212, 0.0 ], [ 121.1545, 24.84239, 0.0 ], [ 121.1545, 24.84255, 0.0 ], [ 121.1545, 24.84333, 0.0 ], [ 121.1544, 24.84346, 0.0 ], [ 121.1544, 24.84359, 0.0 ], [ 121.1544, 24.84376, 0.0 ], [ 121.1543, 24.84393, 0.0 ], [ 121.1543, 24.84395, 0.0 ], [ 121.1542, 24.8441, 0.0 ], [ 121.1541, 24.84415, 0.0 ], [ 121.1541, 24.84417, 0.0 ], [ 121.1541, 24.84421, 0.0 ], [ 121.154, 24.84425, 0.0 ], [ 121.154, 24.84427, 0.0 ], [ 121.1539, 24.84427, 0.0 ], [ 121.1537, 24.84425, 0.0 ], [ 121.1535, 24.84425, 0.0 ], [ 121.1532, 24.84426, 0.0 ], [ 121.153, 24.84425, 0.0 ], [ 121.1527, 24.84416, 0.0 ], [ 121.1526, 24.84416, 0.0 ], [ 121.1526, 24.84414, 0.0 ], [ 121.1525, 24.84411, 0.0 ], [ 121.152, 24.84397, 0.0 ], [ 121.1518, 24.84393, 0.0 ], [ 121.1516, 24.84388, 0.0 ], [ 121.15, 24.84348, 0.0 ], [ 121.1499, 24.84346, 0.0 ], [ 121.1486, 24.84318, 0.0 ], [ 121.1485, 24.84313, 0.0 ], [ 121.1484, 24.84311, 0.0 ], [ 121.1484, 24.84308, 0.0 ], [ 121.1474, 24.84284, 0.0 ], [ 121.1464, 24.84258, 0.0 ], [ 121.1461, 24.8425, 0.0 ], [ 121.146, 24.84249, 0.0 ], [ 121.1458, 24.84249, 0.0 ], [ 121.1457, 24.84249, 0.0 ], [ 121.1455, 24.84249, 0.0 ], [ 121.1451, 24.84248, 0.0 ], [ 121.1449, 24.84249, 0.0 ], [ 121.1445, 24.84259, 0.0 ], [ 121.1442, 24.8426, 0.0 ], [ 121.1441, 24.84258, 0.0 ], [ 121.1437, 24.84248, 0.0 ], [ 121.1434, 24.84242, 0.0 ], [ 121.143, 24.84237, 0.0 ], [ 121.1424, 24.8423, 0.0 ], [ 121.142, 24.84226, 0.0 ], [ 121.1418, 24.84227, 0.0 ], [ 121.1408, 24.84233, 0.0 ], [ 121.1405, 24.84237, 0.0 ], [ 121.1404, 24.84238, 0.0 ], [ 121.1404, 24.84239, 0.0 ], [ 121.1396, 24.84261, 0.0 ], [ 121.1393, 24.84273, 0.0 ], [ 121.1392, 24.84273, 0.0 ], [ 121.139, 24.84285, 0.0 ], [ 121.1387, 24.8429, 0.0 ], [ 121.1385, 24.8429, 0.0 ], [ 121.1384, 24.84289, 0.0 ], [ 121.1383, 24.84289, 0.0 ], [ 121.1375, 24.84286, 0.0 ], [ 121.1372, 24.84285, 0.0 ], [ 121.1366, 24.84282, 0.0 ], [ 121.1358, 24.84278, 0.0 ], [ 121.135, 24.84274, 0.0 ], [ 121.1348, 24.84273, 0.0 ], [ 121.1346, 24.84268, 0.0 ], [ 121.1346, 24.84266, 0.0 ], [ 121.1345, 24.84263, 0.0 ], [ 121.134, 24.84242, 0.0 ], [ 121.1336, 24.84227, 0.0 ], [ 121.1335, 24.84223, 0.0 ], [ 121.1335, 24.84222, 0.0 ], [ 121.1333, 24.8422, 0.0 ], [ 121.1331, 24.84213, 0.0 ], [ 121.1323, 24.84202, 0.0 ], [ 121.1322, 24.84199, 0.0 ], [ 121.132, 24.84196, 0.0 ], [ 121.1316, 24.84179, 0.0 ], [ 121.1315, 24.84175, 0.0 ], [ 121.1309, 24.84147, 0.0 ], [ 121.1308, 24.84143, 0.0 ], [ 121.1305, 24.84141, 0.0 ], [ 121.1296, 24.84152, 0.0 ], [ 121.1295, 24.84156, 0.0 ], [ 121.1294, 24.84158, 0.0 ], [ 121.129, 24.84163, 0.0 ], [ 121.1283, 24.8417, 0.0 ], [ 121.1282, 24.84171, 0.0 ], [ 121.1281, 24.84173, 0.0 ], [ 121.1277, 24.84173, 0.0 ], [ 121.1276, 24.84172, 0.0 ], [ 121.1273, 24.84171, 0.0 ], [ 121.1271, 24.84171, 0.0 ], [ 121.1268, 24.84171, 0.0 ], [ 121.1262, 24.84176, 0.0 ], [ 121.1261, 24.84175, 0.0 ], [ 121.126, 24.84171, 0.0 ], [ 121.1257, 24.84158, 0.0 ], [ 121.1255, 24.84153, 0.0 ], [ 121.1249, 24.84145, 0.0 ], [ 121.1247, 24.84143, 0.0 ], [ 121.1242, 24.84143, 0.0 ], [ 121.124, 24.84142, 0.0 ], [ 121.1239, 24.84139, 0.0 ], [ 121.1236, 24.84125, 0.0 ], [ 121.1232, 24.84106, 0.0 ], [ 121.1231, 24.84103, 0.0 ], [ 121.1227, 24.8409, 0.0 ], [ 121.1226, 24.84088, 0.0 ], [ 121.1224, 24.84083, 0.0 ], [ 121.1223, 24.84082, 0.0 ], [ 121.121, 24.84073, 0.0 ], [ 121.1207, 24.84073, 0.0 ], [ 121.1198, 24.84069, 0.0 ], [ 121.1193, 24.84069, 0.0 ], [ 121.1189, 24.84069, 0.0 ], [ 121.1187, 24.84068, 0.0 ], [ 121.1186, 24.84068, 0.0 ], [ 121.1185, 24.84068, 0.0 ], [ 121.1181, 24.84064, 0.0 ], [ 121.117, 24.84051, 0.0 ], [ 121.116, 24.84038, 0.0 ], [ 121.1158, 24.84035, 0.0 ], [ 121.1153, 24.84028, 0.0 ], [ 121.1147, 24.84021, 0.0 ], [ 121.1144, 24.84016, 0.0 ], [ 121.1138, 24.84009, 0.0 ], [ 121.1133, 24.84002, 0.0 ], [ 121.1131, 24.84, 0.0 ], [ 121.1129, 24.83998, 0.0 ], [ 121.1122, 24.83988, 0.0 ], [ 121.1115, 24.83979, 0.0 ], [ 121.1112, 24.83975, 0.0 ], [ 121.1107, 24.83969, 0.0 ], [ 121.1105, 24.83966, 0.0 ], [ 121.1101, 24.83962, 0.0 ], [ 121.11, 24.83961, 0.0 ], [ 121.1097, 24.83957, 0.0 ], [ 121.1094, 24.83954, 0.0 ], [ 121.1093, 24.83953, 0.0 ], [ 121.1091, 24.83949, 0.0 ], [ 121.1091, 24.83945, 0.0 ], [ 121.109, 24.83941, 0.0 ], [ 121.1089, 24.83934, 0.0 ], [ 121.1088, 24.83927, 0.0 ], [ 121.1088, 24.83925, 0.0 ], [ 121.1087, 24.83911, 0.0 ], [ 121.1086, 24.83898, 0.0 ], [ 121.1084, 24.8389, 0.0 ], [ 121.1082, 24.83878, 0.0 ], [ 121.108, 24.83873, 0.0 ], [ 121.1077, 24.83864, 0.0 ], [ 121.1073, 24.83857, 0.0 ], [ 121.1072, 24.83858, 0.0 ], [ 121.1071, 24.83859, 0.0 ], [ 121.1068, 24.83865, 0.0 ], [ 121.1066, 24.8387, 0.0 ], [ 121.1064, 24.83877, 0.0 ], [ 121.106, 24.83887, 0.0 ], [ 121.1059, 24.83889, 0.0 ], [ 121.1058, 24.83892, 0.0 ], [ 121.1057, 24.83895, 0.0 ], [ 121.1054, 24.83898, 0.0 ], [ 121.1053, 24.83898, 0.0 ], [ 121.1052, 24.83899, 0.0 ], [ 121.1046, 24.83902, 0.0 ], [ 121.1045, 24.83902, 0.0 ], [ 121.1033, 24.83907, 0.0 ], [ 121.1031, 24.83908, 0.0 ], [ 121.1027, 24.83909, 0.0 ], [ 121.1018, 24.83913, 0.0 ], [ 121.1016, 24.83915, 0.0 ], [ 121.1011, 24.83916, 0.0 ], [ 121.1006, 24.83918, 0.0 ], [ 121.1003, 24.8392, 0.0 ], [ 121.1001, 24.8392, 0.0 ], [ 121.0999, 24.83921, 0.0 ], [ 121.0998, 24.83921, 0.0 ], [ 121.0997, 24.8392, 0.0 ], [ 121.0994, 24.83916, 0.0 ], [ 121.0989, 24.83897, 0.0 ], [ 121.0978, 24.83857, 0.0 ], [ 121.0977, 24.83856, 0.0 ], [ 121.0974, 24.83846, 0.0 ], [ 121.0973, 24.83842, 0.0 ], [ 121.097, 24.83821, 0.0 ], [ 121.0969, 24.83815, 0.0 ], [ 121.0969, 24.83811, 0.0 ], [ 121.0968, 24.83804, 0.0 ], [ 121.0964, 24.83735, 0.0 ], [ 121.0952, 24.83561, 0.0 ], [ 121.0951, 24.83551, 0.0 ], [ 121.0951, 24.83549, 0.0 ], [ 121.0947, 24.83507, 0.0 ], [ 121.0946, 24.835, 0.0 ], [ 121.0945, 24.83496, 0.0 ], [ 121.0944, 24.83491, 0.0 ], [ 121.0943, 24.83484, 0.0 ], [ 121.0942, 24.83479, 0.0 ], [ 121.0941, 24.83474, 0.0 ], [ 121.0941, 24.83469, 0.0 ], [ 121.094, 24.83462, 0.0 ], [ 121.0939, 24.83454, 0.0 ], [ 121.0938, 24.83445, 0.0 ], [ 121.0937, 24.83436, 0.0 ], [ 121.0936, 24.83427, 0.0 ], [ 121.0935, 24.83421, 0.0 ], [ 121.0932, 24.83405, 0.0 ], [ 121.093, 24.83397, 0.0 ], [ 121.0928, 24.83385, 0.0 ], [ 121.0927, 24.83379, 0.0 ], [ 121.0926, 24.83367, 0.0 ], [ 121.0925, 24.83356, 0.0 ], [ 121.0924, 24.83351, 0.0 ], [ 121.0923, 24.83344, 0.0 ], [ 121.0905, 24.83224, 0.0 ], [ 121.0904, 24.83222, 0.0 ], [ 121.0902, 24.83211, 0.0 ], [ 121.0901, 24.83205, 0.0 ], [ 121.0892, 24.83172, 0.0 ], [ 121.0891, 24.8317, 0.0 ], [ 121.0888, 24.83157, 0.0 ], [ 121.0887, 24.83155, 0.0 ], [ 121.0887, 24.83154, 0.0 ], [ 121.0885, 24.8315, 0.0 ], [ 121.0885, 24.83148, 0.0 ], [ 121.0882, 24.83142, 0.0 ], [ 121.0878, 24.83132, 0.0 ], [ 121.0871, 24.83113, 0.0 ], [ 121.0854, 24.83069, 0.0 ], [ 121.0853, 24.83067, 0.0 ], [ 121.0848, 24.83053, 0.0 ], [ 121.0846, 24.83045, 0.0 ], [ 121.0843, 24.83029, 0.0 ], [ 121.0835, 24.82978, 0.0 ], [ 121.0832, 24.82955, 0.0 ], [ 121.0824, 24.82901, 0.0 ], [ 121.0823, 24.82889, 0.0 ], [ 121.0818, 24.82851, 0.0 ], [ 121.0817, 24.82842, 0.0 ], [ 121.0816, 24.82835, 0.0 ], [ 121.0815, 24.82826, 0.0 ], [ 121.0815, 24.82823, 0.0 ], [ 121.0813, 24.82801, 0.0 ], [ 121.0812, 24.82788, 0.0 ], [ 121.0811, 24.82763, 0.0 ], [ 121.081, 24.82744, 0.0 ], [ 121.0808, 24.82716, 0.0 ], [ 121.0807, 24.82688, 0.0 ], [ 121.0807, 24.8268, 0.0 ], [ 121.0806, 24.8266, 0.0 ], [ 121.0805, 24.82643, 0.0 ], [ 121.0805, 24.82615, 0.0 ], [ 121.0801, 24.82455, 0.0 ], [ 121.0782, 24.82477, 0.0 ], [ 121.0777, 24.82482, 0.0 ], [ 121.0774, 24.82485, 0.0 ], [ 121.0773, 24.82486, 0.0 ], [ 121.0772, 24.82486, 0.0 ], [ 121.0771, 24.82487, 0.0 ], [ 121.077, 24.82489, 0.0 ], [ 121.0768, 24.82495, 0.0 ], [ 121.0764, 24.82504, 0.0 ], [ 121.0759, 24.82517, 0.0 ], [ 121.0757, 24.82522, 0.0 ], [ 121.0755, 24.82527, 0.0 ], [ 121.0752, 24.82533, 0.0 ], [ 121.0752, 24.82534, 0.0 ], [ 121.0749, 24.82538, 0.0 ], [ 121.0745, 24.82543, 0.0 ], [ 121.0744, 24.82545, 0.0 ], [ 121.0742, 24.82547, 0.0 ], [ 121.0738, 24.82555, 0.0 ], [ 121.0737, 24.82556, 0.0 ], [ 121.0731, 24.82564, 0.0 ], [ 121.0728, 24.82569, 0.0 ], [ 121.0726, 24.82571, 0.0 ], [ 121.0724, 24.82573, 0.0 ], [ 121.0724, 24.82574, 0.0 ], [ 121.0723, 24.82575, 0.0 ], [ 121.072, 24.8258, 0.0 ], [ 121.072, 24.82581, 0.0 ], [ 121.0718, 24.82585, 0.0 ], [ 121.0716, 24.8259, 0.0 ], [ 121.0712, 24.82599, 0.0 ], [ 121.0708, 24.82609, 0.0 ], [ 121.0705, 24.82619, 0.0 ], [ 121.0702, 24.8263, 0.0 ], [ 121.0697, 24.82646, 0.0 ], [ 121.0695, 24.82655, 0.0 ], [ 121.0692, 24.82665, 0.0 ], [ 121.069, 24.82676, 0.0 ], [ 121.0687, 24.82688, 0.0 ], [ 121.0685, 24.82696, 0.0 ], [ 121.0679, 24.82709, 0.0 ], [ 121.0677, 24.82695, 0.0 ], [ 121.0675, 24.82683, 0.0 ], [ 121.0675, 24.82679, 0.0 ], [ 121.0672, 24.82668, 0.0 ], [ 121.0656, 24.82577, 0.0 ], [ 121.0652, 24.82552, 0.0 ], [ 121.0651, 24.8255, 0.0 ], [ 121.0649, 24.8254, 0.0 ], [ 121.0644, 24.82525, 0.0 ], [ 121.0643, 24.82522, 0.0 ], [ 121.0643, 24.8252, 0.0 ], [ 121.0639, 24.8251, 0.0 ], [ 121.0628, 24.82478, 0.0 ], [ 121.062, 24.82455, 0.0 ], [ 121.0618, 24.82451, 0.0 ], [ 121.0613, 24.82453, 0.0 ], [ 121.0612, 24.82454, 0.0 ], [ 121.0612, 24.82455, 0.0 ], [ 121.0607, 24.82467, 0.0 ], [ 121.0594, 24.82494, 0.0 ], [ 121.0592, 24.825, 0.0 ], [ 121.0581, 24.82524, 0.0 ], [ 121.0572, 24.82544, 0.0 ], [ 121.0553, 24.82586, 0.0 ], [ 121.0549, 24.82593, 0.0 ], [ 121.0541, 24.82611, 0.0 ], [ 121.0535, 24.82625, 0.0 ], [ 121.0531, 24.82633, 0.0 ], [ 121.0529, 24.82637, 0.0 ], [ 121.0525, 24.82645, 0.0 ], [ 121.0525, 24.82646, 0.0 ], [ 121.0517, 24.82663, 0.0 ], [ 121.0502, 24.82697, 0.0 ], [ 121.0486, 24.82731, 0.0 ], [ 121.0483, 24.82739, 0.0 ], [ 121.0478, 24.82751, 0.0 ], [ 121.047, 24.82775, 0.0 ], [ 121.0463, 24.82795, 0.0 ], [ 121.0455, 24.8282, 0.0 ], [ 121.0454, 24.82823, 0.0 ], [ 121.0452, 24.82829, 0.0 ], [ 121.0449, 24.8284, 0.0 ], [ 121.0438, 24.82885, 0.0 ], [ 121.0436, 24.82895, 0.0 ], [ 121.0432, 24.82929, 0.0 ], [ 121.0429, 24.8296, 0.0 ], [ 121.0428, 24.82962, 0.0 ], [ 121.0426, 24.82976, 0.0 ], [ 121.0426, 24.82978, 0.0 ], [ 121.0422, 24.82986, 0.0 ], [ 121.0415, 24.82999, 0.0 ], [ 121.0408, 24.83011, 0.0 ], [ 121.0382, 24.83052, 0.0 ], [ 121.0379, 24.83057, 0.0 ], [ 121.0367, 24.83076, 0.0 ], [ 121.0364, 24.83079, 0.0 ], [ 121.0363, 24.8308, 0.0 ], [ 121.035, 24.83097, 0.0 ], [ 121.0345, 24.83105, 0.0 ], [ 121.0344, 24.83105, 0.0 ], [ 121.0332, 24.83114, 0.0 ], [ 121.0331, 24.83116, 0.0 ], [ 121.0329, 24.83118, 0.0 ], [ 121.0329, 24.83119, 0.0 ], [ 121.0325, 24.83125, 0.0 ], [ 121.0322, 24.83138, 0.0 ], [ 121.0313, 24.83191, 0.0 ], [ 121.0311, 24.83201, 0.0 ], [ 121.031, 24.83205, 0.0 ], [ 121.0309, 24.83212, 0.0 ], [ 121.0308, 24.83219, 0.0 ], [ 121.0301, 24.83254, 0.0 ], [ 121.0291, 24.83308, 0.0 ], [ 121.0283, 24.8335, 0.0 ], [ 121.0282, 24.83359, 0.0 ], [ 121.0281, 24.83363, 0.0 ], [ 121.0274, 24.83398, 0.0 ], [ 121.0273, 24.834, 0.0 ], [ 121.0272, 24.83404, 0.0 ], [ 121.027, 24.83406, 0.0 ], [ 121.0268, 24.83408, 0.0 ], [ 121.0267, 24.83409, 0.0 ], [ 121.0267, 24.83377, 0.0 ], [ 121.0266, 24.83353, 0.0 ], [ 121.0266, 24.83337, 0.0 ], [ 121.0266, 24.83318, 0.0 ], [ 121.0266, 24.83307, 0.0 ], [ 121.0267, 24.83289, 0.0 ], [ 121.0269, 24.8325, 0.0 ], [ 121.027, 24.83233, 0.0 ], [ 121.027, 24.83208, 0.0 ], [ 121.0271, 24.8319, 0.0 ], [ 121.0271, 24.83169, 0.0 ], [ 121.027, 24.83113, 0.0 ], [ 121.0269, 24.83084, 0.0 ], [ 121.0267, 24.83048, 0.0 ], [ 121.0266, 24.83032, 0.0 ], [ 121.0251, 24.82701, 0.0 ], [ 121.025, 24.82678, 0.0 ], [ 121.0249, 24.82648, 0.0 ], [ 121.0244, 24.82561, 0.0 ], [ 121.0241, 24.8248, 0.0 ], [ 121.0236, 24.8238, 0.0 ], [ 121.0235, 24.82362, 0.0 ], [ 121.0227, 24.82189, 0.0 ], [ 121.0226, 24.82177, 0.0 ], [ 121.0226, 24.82164, 0.0 ], [ 121.0225, 24.82154, 0.0 ], [ 121.0223, 24.82106, 0.0 ], [ 121.0221, 24.82056, 0.0 ], [ 121.0218, 24.8201, 0.0 ], [ 121.0217, 24.81976, 0.0 ], [ 121.0216, 24.81964, 0.0 ], [ 121.0214, 24.81913, 0.0 ], [ 121.0209, 24.81819, 0.0 ], [ 121.0206, 24.81754, 0.0 ], [ 121.0203, 24.81688, 0.0 ], [ 121.0201, 24.81637, 0.0 ], [ 121.0198, 24.81587, 0.0 ], [ 121.0196, 24.81543, 0.0 ], [ 121.0195, 24.81513, 0.0 ], [ 121.0191, 24.81445, 0.0 ], [ 121.018, 24.8123, 0.0 ], [ 121.0172, 24.81316, 0.0 ], [ 121.0166, 24.81368, 0.0 ], [ 121.0161, 24.81415, 0.0 ], [ 121.0155, 24.81481, 0.0 ], [ 121.0147, 24.8156, 0.0 ], [ 121.0144, 24.81588, 0.0 ], [ 121.0138, 24.81631, 0.0 ], [ 121.0135, 24.81646, 0.0 ], [ 121.0134, 24.81655, 0.0 ], [ 121.0127, 24.81689, 0.0 ], [ 121.0121, 24.81724, 0.0 ], [ 121.0112, 24.81786, 0.0 ], [ 121.0091, 24.8192, 0.0 ], [ 121.0087, 24.81946, 0.0 ], [ 121.0083, 24.81973, 0.0 ], [ 121.006, 24.82109, 0.0 ], [ 121.0012, 24.82379, 0.0 ], [ 121.0003, 24.82422, 0.0 ], [ 121.0, 24.82435, 0.0 ], [ 120.9998, 24.82444, 0.0 ], [ 120.9992, 24.82472, 0.0 ], [ 120.999, 24.82484, 0.0 ], [ 120.9979, 24.82532, 0.0 ], [ 120.9975, 24.82549, 0.0 ], [ 120.9974, 24.82552, 0.0 ], [ 120.9972, 24.82555, 0.0 ], [ 120.9971, 24.82537, 0.0 ], [ 120.9967, 24.82404, 0.0 ], [ 120.9964, 24.82301, 0.0 ], [ 120.9961, 24.82201, 0.0 ], [ 120.9958, 24.82105, 0.0 ], [ 120.9957, 24.82059, 0.0 ], [ 120.9956, 24.82047, 0.0 ], [ 120.9956, 24.82037, 0.0 ], [ 120.9955, 24.81992, 0.0 ], [ 120.9955, 24.81977, 0.0 ], [ 120.9955, 24.81971, 0.0 ], [ 120.9955, 24.8197, 0.0 ], [ 120.9955, 24.81962, 0.0 ], [ 120.9955, 24.8196, 0.0 ], [ 120.9955, 24.81951, 0.0 ], [ 120.9955, 24.81949, 0.0 ], [ 120.9955, 24.81945, 0.0 ], [ 120.9955, 24.81943, 0.0 ], [ 120.9953, 24.81896, 0.0 ], [ 120.9953, 24.81881, 0.0 ], [ 120.9951, 24.81859, 0.0 ], [ 120.995, 24.81843, 0.0 ], [ 120.9949, 24.81816, 0.0 ], [ 120.9944, 24.81744, 0.0 ], [ 120.9937, 24.81637, 0.0 ], [ 120.9935, 24.81621, 0.0 ], [ 120.9934, 24.81614, 0.0 ], [ 120.9933, 24.81609, 0.0 ], [ 120.9932, 24.81605, 0.0 ], [ 120.9931, 24.81601, 0.0 ], [ 120.992, 24.81561, 0.0 ], [ 120.9916, 24.81553, 0.0 ], [ 120.989, 24.81537, 0.0 ], [ 120.9878, 24.81529, 0.0 ], [ 120.9854, 24.81511, 0.0 ], [ 120.9853, 24.81511, 0.0 ], [ 120.9842, 24.81502, 0.0 ], [ 120.9823, 24.8149, 0.0 ], [ 120.9812, 24.81482, 0.0 ], [ 120.9809, 24.81479, 0.0 ], [ 120.9799, 24.81472, 0.0 ], [ 120.9797, 24.81471, 0.0 ], [ 120.9791, 24.81467, 0.0 ], [ 120.9781, 24.8146, 0.0 ], [ 120.9769, 24.81452, 0.0 ], [ 120.9756, 24.81443, 0.0 ], [ 120.9744, 24.81435, 0.0 ], [ 120.9742, 24.81433, 0.0 ], [ 120.9725, 24.8142, 0.0 ], [ 120.9709, 24.81411, 0.0 ], [ 120.969, 24.81396, 0.0 ], [ 120.9682, 24.81391, 0.0 ], [ 120.9676, 24.81388, 0.0 ], [ 120.9675, 24.81386, 0.0 ], [ 120.9674, 24.81383, 0.0 ], [ 120.9673, 24.8138, 0.0 ], [ 120.9673, 24.81378, 0.0 ], [ 120.9672, 24.81372, 0.0 ], [ 120.9664, 24.81327, 0.0 ], [ 120.9659, 24.81291, 0.0 ], [ 120.9656, 24.81271, 0.0 ], [ 120.9655, 24.81269, 0.0 ], [ 120.9645, 24.81199, 0.0 ], [ 120.9635, 24.8114, 0.0 ], [ 120.9628, 24.81097, 0.0 ], [ 120.9625, 24.81078, 0.0 ], [ 120.9621, 24.81049, 0.0 ], [ 120.962, 24.81048, 0.0 ], [ 120.9613, 24.80999, 0.0 ], [ 120.9607, 24.80959, 0.0 ], [ 120.9601, 24.80918, 0.0 ], [ 120.9588, 24.80834, 0.0 ], [ 120.9588, 24.80833, 0.0 ], [ 120.9581, 24.8079, 0.0 ], [ 120.9566, 24.80692, 0.0 ], [ 120.9564, 24.80677, 0.0 ], [ 120.9562, 24.80657, 0.0 ], [ 120.9561, 24.80634, 0.0 ], [ 120.956, 24.8062, 0.0 ], [ 120.9559, 24.80599, 0.0 ], [ 120.9559, 24.80597, 0.0 ], [ 120.9558, 24.80562, 0.0 ], [ 120.9558, 24.80559, 0.0 ], [ 120.9557, 24.80539, 0.0 ], [ 120.9555, 24.80482, 0.0 ], [ 120.9553, 24.80439, 0.0 ], [ 120.9551, 24.80382, 0.0 ], [ 120.955, 24.8035, 0.0 ], [ 120.9545, 24.80213, 0.0 ], [ 120.9543, 24.80158, 0.0 ], [ 120.9541, 24.80115, 0.0 ], [ 120.954, 24.80104, 0.0 ], [ 120.9539, 24.80066, 0.0 ], [ 120.9538, 24.80037, 0.0 ], [ 120.9534, 24.79924, 0.0 ], [ 120.9533, 24.7992, 0.0 ], [ 120.953, 24.79826, 0.0 ], [ 120.9528, 24.79762, 0.0 ], [ 120.9524, 24.79679, 0.0 ], [ 120.9524, 24.79653, 0.0 ], [ 120.9521, 24.79651, 0.0 ], [ 120.952, 24.79646, 0.0 ], [ 120.9514, 24.79626, 0.0 ], [ 120.9508, 24.79604, 0.0 ], [ 120.9503, 24.7958, 0.0 ], [ 120.9499, 24.79564, 0.0 ], [ 120.9488, 24.79513, 0.0 ], [ 120.9487, 24.79508, 0.0 ], [ 120.9486, 24.79504, 0.0 ], [ 120.9485, 24.79499, 0.0 ], [ 120.9484, 24.79495, 0.0 ], [ 120.9478, 24.79466, 0.0 ], [ 120.9472, 24.79437, 0.0 ], [ 120.9471, 24.79431, 0.0 ], [ 120.9464, 24.79404, 0.0 ], [ 120.9457, 24.79377, 0.0 ], [ 120.9454, 24.79363, 0.0 ], [ 120.9452, 24.79354, 0.0 ], [ 120.9451, 24.79352, 0.0 ], [ 120.9437, 24.79294, 0.0 ], [ 120.9431, 24.79271, 0.0 ], [ 120.943, 24.79267, 0.0 ], [ 120.9424, 24.79247, 0.0 ], [ 120.9422, 24.7924, 0.0 ], [ 120.9418, 24.79224, 0.0 ], [ 120.9407, 24.79186, 0.0 ], [ 120.9394, 24.7914, 0.0 ], [ 120.9394, 24.79138, 0.0 ], [ 120.939, 24.79125, 0.0 ], [ 120.9388, 24.79116, 0.0 ], [ 120.9386, 24.79111, 0.0 ], [ 120.9384, 24.79106, 0.0 ], [ 120.938, 24.79099, 0.0 ], [ 120.9351, 24.79059, 0.0 ], [ 120.935, 24.79057, 0.0 ], [ 120.9349, 24.79055, 0.0 ], [ 120.9346, 24.79051, 0.0 ], [ 120.9344, 24.79045, 0.0 ], [ 120.9342, 24.7904, 0.0 ], [ 120.934, 24.79034, 0.0 ], [ 120.9339, 24.79028, 0.0 ], [ 120.9337, 24.79021, 0.0 ], [ 120.9321, 24.78958, 0.0 ], [ 120.9298, 24.78874, 0.0 ], [ 120.9291, 24.78846, 0.0 ], [ 120.9286, 24.78828, 0.0 ], [ 120.9278, 24.78793, 0.0 ], [ 120.9272, 24.78768, 0.0 ], [ 120.9259, 24.7871, 0.0 ], [ 120.9257, 24.78703, 0.0 ], [ 120.9252, 24.78685, 0.0 ], [ 120.9235, 24.78612, 0.0 ], [ 120.9233, 24.78604, 0.0 ], [ 120.9216, 24.7853, 0.0 ], [ 120.9215, 24.78526, 0.0 ], [ 120.9212, 24.78512, 0.0 ], [ 120.921, 24.78503, 0.0 ], [ 120.9208, 24.78494, 0.0 ], [ 120.9206, 24.78485, 0.0 ], [ 120.9205, 24.78475, 0.0 ], [ 120.9205, 24.78471, 0.0 ], [ 120.9204, 24.78466, 0.0 ], [ 120.9203, 24.78452, 0.0 ], [ 120.9199, 24.78394, 0.0 ], [ 120.9198, 24.78377, 0.0 ], [ 120.9197, 24.78366, 0.0 ], [ 120.9197, 24.78351, 0.0 ], [ 120.9197, 24.78349, 0.0 ], [ 120.9196, 24.78336, 0.0 ], [ 120.9192, 24.78155, 0.0 ], [ 120.919, 24.78037, 0.0 ], [ 120.9188, 24.77929, 0.0 ], [ 120.9187, 24.77886, 0.0 ], [ 120.9186, 24.77829, 0.0 ], [ 120.9186, 24.77817, 0.0 ], [ 120.9186, 24.77814, 0.0 ], [ 120.9184, 24.77823, 0.0 ], [ 120.9181, 24.77828, 0.0 ], [ 120.9152, 24.77874, 0.0 ], [ 120.915, 24.77875, 0.0 ], [ 120.9149, 24.77869, 0.0 ], [ 120.9148, 24.77872, 0.0 ], [ 120.9147, 24.77873, 0.0 ], [ 120.9146, 24.77875, 0.0 ], [ 120.9142, 24.77621, 0.0 ], [ 120.9141, 24.77531, 0.0 ], [ 120.914, 24.77446, 0.0 ], [ 120.9139, 24.77251, 0.0 ], [ 120.9138, 24.77172, 0.0 ], [ 120.9137, 24.77087, 0.0 ], [ 120.9134, 24.76964, 0.0 ], [ 120.9133, 24.76904, 0.0 ], [ 120.913, 24.76783, 0.0 ], [ 120.9129, 24.76737, 0.0 ], [ 120.9127, 24.76697, 0.0 ], [ 120.9126, 24.76667, 0.0 ], [ 120.9125, 24.76647, 0.0 ], [ 120.9122, 24.76616, 0.0 ], [ 120.912, 24.76591, 0.0 ], [ 120.9117, 24.76561, 0.0 ], [ 120.9114, 24.7654, 0.0 ], [ 120.91, 24.76439, 0.0 ], [ 120.9091, 24.76369, 0.0 ], [ 120.9087, 24.76331, 0.0 ], [ 120.9086, 24.76312, 0.0 ], [ 120.9084, 24.76292, 0.0 ], [ 120.9082, 24.76262, 0.0 ], [ 120.9081, 24.76235, 0.0 ], [ 120.908, 24.76211, 0.0 ], [ 120.9078, 24.76165, 0.0 ], [ 120.9074, 24.76078, 0.0 ], [ 120.9068, 24.75967, 0.0 ], [ 120.9065, 24.75912, 0.0 ], [ 120.9064, 24.7588, 0.0 ], [ 120.9063, 24.75861, 0.0 ], [ 120.9062, 24.75839, 0.0 ], [ 120.9061, 24.75803, 0.0 ], [ 120.906, 24.75768, 0.0 ], [ 120.906, 24.75736, 0.0 ], [ 120.9059, 24.75705, 0.0 ], [ 120.9059, 24.75661, 0.0 ], [ 120.9059, 24.75595, 0.0 ], [ 120.9059, 24.75546, 0.0 ], [ 120.9059, 24.7551, 0.0 ], [ 120.9058, 24.75463, 0.0 ], [ 120.9058, 24.75447, 0.0 ], [ 120.9057, 24.75413, 0.0 ], [ 120.9056, 24.75382, 0.0 ], [ 120.9055, 24.75348, 0.0 ], [ 120.9053, 24.75284, 0.0 ], [ 120.9053, 24.7527, 0.0 ], [ 120.9052, 24.7526, 0.0 ], [ 120.905, 24.75206, 0.0 ], [ 120.9043, 24.75003, 0.0 ], [ 120.9041, 24.74945, 0.0 ], [ 120.904, 24.74916, 0.0 ], [ 120.9039, 24.74889, 0.0 ], [ 120.9038, 24.74862, 0.0 ], [ 120.9037, 24.74842, 0.0 ], [ 120.9036, 24.74823, 0.0 ], [ 120.9035, 24.74809, 0.0 ], [ 120.9034, 24.7479, 0.0 ], [ 120.9033, 24.74776, 0.0 ], [ 120.9032, 24.74758, 0.0 ], [ 120.903, 24.7474, 0.0 ], [ 120.9028, 24.74722, 0.0 ], [ 120.9026, 24.74705, 0.0 ], [ 120.9025, 24.74691, 0.0 ], [ 120.9021, 24.74667, 0.0 ], [ 120.9021, 24.74662, 0.0 ], [ 120.9019, 24.74652, 0.0 ], [ 120.9018, 24.74648, 0.0 ], [ 120.9014, 24.74631, 0.0 ], [ 120.9012, 24.74619, 0.0 ], [ 120.901, 24.74612, 0.0 ], [ 120.9008, 24.746, 0.0 ], [ 120.9, 24.7456, 0.0 ], [ 120.8997, 24.74543, 0.0 ], [ 120.8996, 24.7454, 0.0 ], [ 120.8992, 24.7452, 0.0 ], [ 120.8988, 24.74493, 0.0 ], [ 120.8988, 24.74486, 0.0 ], [ 120.8984, 24.74455, 0.0 ], [ 120.8984, 24.74451, 0.0 ], [ 120.8983, 24.74445, 0.0 ], [ 120.8978, 24.74414, 0.0 ], [ 120.8961, 24.74279, 0.0 ], [ 120.895, 24.74202, 0.0 ], [ 120.8939, 24.74125, 0.0 ], [ 120.8935, 24.74105, 0.0 ], [ 120.8931, 24.74076, 0.0 ], [ 120.8924, 24.74038, 0.0 ], [ 120.8887, 24.73831, 0.0 ], [ 120.8863, 24.73703, 0.0 ], [ 120.8854, 24.73656, 0.0 ], [ 120.885, 24.73622, 0.0 ], [ 120.8846, 24.73597, 0.0 ], [ 120.8835, 24.73528, 0.0 ], [ 120.883, 24.73491, 0.0 ], [ 120.8808, 24.73348, 0.0 ], [ 120.8799, 24.73286, 0.0 ], [ 120.8785, 24.73181, 0.0 ], [ 120.8781, 24.73153, 0.0 ], [ 120.8769, 24.73058, 0.0 ], [ 120.8761, 24.72999, 0.0 ], [ 120.8742, 24.72853, 0.0 ], [ 120.8733, 24.72783, 0.0 ], [ 120.8721, 24.72689, 0.0 ], [ 120.8716, 24.72647, 0.0 ], [ 120.8712, 24.72609, 0.0 ], [ 120.8708, 24.72565, 0.0 ], [ 120.8702, 24.72503, 0.0 ], [ 120.8701, 24.7248, 0.0 ], [ 120.8699, 24.72466, 0.0 ], [ 120.8699, 24.72455, 0.0 ], [ 120.8697, 24.7243, 0.0 ], [ 120.8695, 24.72406, 0.0 ], [ 120.8694, 24.72389, 0.0 ], [ 120.8693, 24.72356, 0.0 ], [ 120.8691, 24.72335, 0.0 ], [ 120.8691, 24.72324, 0.0 ], [ 120.8689, 24.72299, 0.0 ], [ 120.8688, 24.72277, 0.0 ], [ 120.8686, 24.72221, 0.0 ], [ 120.8685, 24.72206, 0.0 ], [ 120.8685, 24.72184, 0.0 ], [ 120.8684, 24.72155, 0.0 ], [ 120.8683, 24.72133, 0.0 ], [ 120.8682, 24.72083, 0.0 ], [ 120.868, 24.71991, 0.0 ], [ 120.8679, 24.71928, 0.0 ], [ 120.8677, 24.71836, 0.0 ], [ 120.8675, 24.71724, 0.0 ], [ 120.8675, 24.71663, 0.0 ], [ 120.8674, 24.71601, 0.0 ], [ 120.8672, 24.71527, 0.0 ], [ 120.8671, 24.71457, 0.0 ], [ 120.867, 24.71365, 0.0 ], [ 120.8669, 24.71322, 0.0 ], [ 120.8669, 24.71296, 0.0 ], [ 120.8669, 24.71248, 0.0 ], [ 120.8669, 24.71232, 0.0 ], [ 120.8671, 24.71035, 0.0 ], [ 120.8672, 24.70911, 0.0 ], [ 120.8673, 24.70807, 0.0 ], [ 120.8674, 24.70705, 0.0 ], [ 120.8674, 24.70679, 0.0 ], [ 120.8675, 24.70582, 0.0 ], [ 120.8675, 24.70554, 0.0 ], [ 120.8674, 24.70491, 0.0 ], [ 120.8673, 24.70462, 0.0 ], [ 120.8672, 24.70407, 0.0 ], [ 120.8672, 24.70399, 0.0 ], [ 120.8671, 24.70381, 0.0 ], [ 120.8668, 24.70291, 0.0 ], [ 120.8665, 24.70221, 0.0 ], [ 120.8664, 24.70212, 0.0 ], [ 120.8664, 24.70204, 0.0 ], [ 120.8663, 24.70196, 0.0 ], [ 120.8663, 24.70189, 0.0 ], [ 120.8662, 24.7018, 0.0 ], [ 120.8661, 24.70172, 0.0 ], [ 120.866, 24.70164, 0.0 ], [ 120.8659, 24.70156, 0.0 ], [ 120.8658, 24.70148, 0.0 ], [ 120.8658, 24.70143, 0.0 ], [ 120.8658, 24.70136, 0.0 ], [ 120.8657, 24.7013, 0.0 ], [ 120.8657, 24.70124, 0.0 ], [ 120.8657, 24.70112, 0.0 ], [ 120.8657, 24.70106, 0.0 ], [ 120.8657, 24.70098, 0.0 ], [ 120.8657, 24.70094, 0.0 ], [ 120.8657, 24.70056, 0.0 ], [ 120.8657, 24.70028, 0.0 ], [ 120.8657, 24.70027, 0.0 ], [ 120.8656, 24.69997, 0.0 ], [ 120.8654, 24.69931, 0.0 ], [ 120.8652, 24.69887, 0.0 ], [ 120.8652, 24.69863, 0.0 ], [ 120.8649, 24.69816, 0.0 ], [ 120.8646, 24.69759, 0.0 ], [ 120.8645, 24.69743, 0.0 ], [ 120.8644, 24.69727, 0.0 ], [ 120.8641, 24.69692, 0.0 ], [ 120.8639, 24.69666, 0.0 ], [ 120.8638, 24.69651, 0.0 ], [ 120.8637, 24.6965, 0.0 ], [ 120.8635, 24.69629, 0.0 ], [ 120.8633, 24.6961, 0.0 ], [ 120.8631, 24.69591, 0.0 ], [ 120.8628, 24.69573, 0.0 ], [ 120.8627, 24.69563, 0.0 ], [ 120.8625, 24.69553, 0.0 ], [ 120.8624, 24.69545, 0.0 ], [ 120.8621, 24.69528, 0.0 ], [ 120.8621, 24.69527, 0.0 ], [ 120.8618, 24.69507, 0.0 ], [ 120.8602, 24.69418, 0.0 ], [ 120.8589, 24.69344, 0.0 ], [ 120.8586, 24.69319, 0.0 ], [ 120.8583, 24.69302, 0.0 ], [ 120.8582, 24.6929, 0.0 ], [ 120.8579, 24.69269, 0.0 ], [ 120.8576, 24.69248, 0.0 ], [ 120.8572, 24.69213, 0.0 ], [ 120.8568, 24.69176, 0.0 ], [ 120.8564, 24.69124, 0.0 ], [ 120.8563, 24.69117, 0.0 ], [ 120.8552, 24.68975, 0.0 ], [ 120.8541, 24.68831, 0.0 ], [ 120.8534, 24.68751, 0.0 ], [ 120.8529, 24.68683, 0.0 ], [ 120.8526, 24.68651, 0.0 ], [ 120.8521, 24.68598, 0.0 ], [ 120.8516, 24.68541, 0.0 ], [ 120.8509, 24.68473, 0.0 ], [ 120.8498, 24.68372, 0.0 ], [ 120.8494, 24.68334, 0.0 ], [ 120.8481, 24.68211, 0.0 ], [ 120.848, 24.682, 0.0 ], [ 120.8464, 24.68044, 0.0 ], [ 120.8453, 24.67939, 0.0 ], [ 120.8449, 24.67906, 0.0 ], [ 120.8437, 24.67788, 0.0 ], [ 120.8435, 24.67765, 0.0 ], [ 120.8419, 24.67612, 0.0 ], [ 120.8416, 24.67587, 0.0 ], [ 120.8403, 24.67467, 0.0 ], [ 120.8389, 24.67329, 0.0 ], [ 120.8388, 24.67319, 0.0 ], [ 120.8383, 24.67281, 0.0 ], [ 120.8377, 24.67225, 0.0 ], [ 120.8332, 24.66802, 0.0 ], [ 120.8327, 24.66755, 0.0 ], [ 120.8324, 24.66734, 0.0 ], [ 120.8322, 24.66724, 0.0 ], [ 120.8319, 24.66702, 0.0 ], [ 120.8317, 24.66685, 0.0 ], [ 120.8313, 24.66667, 0.0 ], [ 120.8308, 24.66646, 0.0 ], [ 120.8303, 24.66627, 0.0 ], [ 120.8295, 24.66598, 0.0 ], [ 120.8236, 24.66421, 0.0 ], [ 120.8212, 24.66347, 0.0 ], [ 120.8203, 24.66319, 0.0 ], [ 120.8196, 24.66299, 0.0 ], [ 120.8192, 24.66287, 0.0 ], [ 120.8189, 24.66276, 0.0 ], [ 120.8186, 24.66262, 0.0 ], [ 120.8183, 24.6625, 0.0 ], [ 120.818, 24.66236, 0.0 ], [ 120.8178, 24.66223, 0.0 ], [ 120.8173, 24.66188, 0.0 ], [ 120.817, 24.66167, 0.0 ], [ 120.8166, 24.66141, 0.0 ], [ 120.8153, 24.66039, 0.0 ], [ 120.8152, 24.66039, 0.0 ], [ 120.8152, 24.66037, 0.0 ], [ 120.8148, 24.66006, 0.0 ], [ 120.8137, 24.65918, 0.0 ], [ 120.8125, 24.65823, 0.0 ], [ 120.8096, 24.65606, 0.0 ], [ 120.8089, 24.65547, 0.0 ], [ 120.8088, 24.65533, 0.0 ], [ 120.8086, 24.65516, 0.0 ], [ 120.8083, 24.65488, 0.0 ], [ 120.8081, 24.65466, 0.0 ], [ 120.8081, 24.65462, 0.0 ], [ 120.808, 24.65451, 0.0 ], [ 120.8076, 24.65399, 0.0 ], [ 120.8074, 24.65356, 0.0 ], [ 120.807, 24.65297, 0.0 ], [ 120.8069, 24.65276, 0.0 ], [ 120.8066, 24.6523, 0.0 ], [ 120.8062, 24.65172, 0.0 ], [ 120.8061, 24.65151, 0.0 ], [ 120.8058, 24.65125, 0.0 ], [ 120.8054, 24.65086, 0.0 ], [ 120.805, 24.65052, 0.0 ], [ 120.8048, 24.65038, 0.0 ], [ 120.8043, 24.64998, 0.0 ], [ 120.804, 24.64984, 0.0 ], [ 120.8036, 24.6496, 0.0 ], [ 120.8034, 24.64953, 0.0 ], [ 120.8029, 24.6493, 0.0 ], [ 120.8022, 24.64903, 0.0 ], [ 120.8016, 24.64877, 0.0 ], [ 120.8012, 24.6486, 0.0 ], [ 120.8009, 24.64848, 0.0 ], [ 120.8005, 24.64828, 0.0 ], [ 120.8004, 24.64824, 0.0 ], [ 120.8002, 24.64815, 0.0 ], [ 120.7999, 24.64796, 0.0 ], [ 120.7996, 24.64779, 0.0 ], [ 120.7993, 24.64753, 0.0 ], [ 120.799, 24.64734, 0.0 ], [ 120.7989, 24.64723, 0.0 ], [ 120.798, 24.6465, 0.0 ], [ 120.7977, 24.64625, 0.0 ], [ 120.7972, 24.64592, 0.0 ], [ 120.7966, 24.64557, 0.0 ], [ 120.796, 24.64523, 0.0 ], [ 120.7955, 24.64505, 0.0 ], [ 120.7951, 24.64488, 0.0 ], [ 120.7948, 24.64478, 0.0 ], [ 120.7935, 24.64433, 0.0 ], [ 120.7926, 24.64403, 0.0 ], [ 120.7923, 24.64391, 0.0 ], [ 120.7913, 24.64356, 0.0 ], [ 120.7911, 24.64349, 0.0 ], [ 120.7906, 24.6433, 0.0 ], [ 120.7901, 24.64312, 0.0 ], [ 120.7897, 24.64294, 0.0 ], [ 120.7892, 24.64275, 0.0 ], [ 120.7889, 24.64256, 0.0 ], [ 120.7885, 24.64237, 0.0 ], [ 120.7882, 24.64219, 0.0 ], [ 120.7879, 24.64199, 0.0 ], [ 120.7875, 24.64173, 0.0 ], [ 120.7873, 24.6415, 0.0 ], [ 120.7869, 24.64116, 0.0 ], [ 120.7864, 24.6407, 0.0 ], [ 120.7855, 24.63992, 0.0 ], [ 120.7834, 24.63791, 0.0 ], [ 120.7833, 24.63779, 0.0 ], [ 120.7812, 24.63578, 0.0 ], [ 120.7806, 24.63521, 0.0 ], [ 120.7788, 24.63347, 0.0 ], [ 120.7778, 24.6326, 0.0 ], [ 120.7777, 24.6324, 0.0 ], [ 120.7774, 24.63215, 0.0 ], [ 120.7772, 24.63186, 0.0 ], [ 120.7768, 24.63138, 0.0 ], [ 120.7766, 24.63112, 0.0 ], [ 120.7764, 24.63085, 0.0 ], [ 120.7762, 24.63053, 0.0 ], [ 120.776, 24.63011, 0.0 ], [ 120.7758, 24.62965, 0.0 ], [ 120.7754, 24.62866, 0.0 ], [ 120.7751, 24.62793, 0.0 ], [ 120.775, 24.62748, 0.0 ], [ 120.7747, 24.62684, 0.0 ], [ 120.7746, 24.62663, 0.0 ], [ 120.7745, 24.6263, 0.0 ], [ 120.7743, 24.62602, 0.0 ], [ 120.7741, 24.62581, 0.0 ], [ 120.774, 24.62561, 0.0 ], [ 120.7739, 24.62551, 0.0 ], [ 120.7738, 24.62535, 0.0 ], [ 120.7738, 24.6253, 0.0 ], [ 120.7737, 24.62527, 0.0 ], [ 120.7737, 24.62519, 0.0 ], [ 120.7735, 24.62501, 0.0 ], [ 120.7732, 24.62474, 0.0 ], [ 120.773, 24.62454, 0.0 ], [ 120.7727, 24.62433, 0.0 ], [ 120.7725, 24.62416, 0.0 ], [ 120.7723, 24.624, 0.0 ], [ 120.7722, 24.62397, 0.0 ], [ 120.7719, 24.62373, 0.0 ], [ 120.7714, 24.62347, 0.0 ], [ 120.7708, 24.62314, 0.0 ], [ 120.7704, 24.62286, 0.0 ], [ 120.7699, 24.62255, 0.0 ], [ 120.7695, 24.6223, 0.0 ], [ 120.7692, 24.62207, 0.0 ], [ 120.7689, 24.62188, 0.0 ], [ 120.7685, 24.62151, 0.0 ], [ 120.7683, 24.6213, 0.0 ], [ 120.7681, 24.62108, 0.0 ], [ 120.7678, 24.62085, 0.0 ], [ 120.7676, 24.62064, 0.0 ], [ 120.7674, 24.6204, 0.0 ], [ 120.7672, 24.6201, 0.0 ], [ 120.7669, 24.61969, 0.0 ], [ 120.7617, 24.61266, 0.0 ], [ 120.7612, 24.61211, 0.0 ], [ 120.7609, 24.61179, 0.0 ], [ 120.7607, 24.61162, 0.0 ], [ 120.7604, 24.61142, 0.0 ], [ 120.7602, 24.61131, 0.0 ], [ 120.7599, 24.61115, 0.0 ], [ 120.7596, 24.61105, 0.0 ], [ 120.7593, 24.61095, 0.0 ], [ 120.7589, 24.61084, 0.0 ], [ 120.7586, 24.61077, 0.0 ], [ 120.7583, 24.61074, 0.0 ], [ 120.7579, 24.61073, 0.0 ], [ 120.7577, 24.61073, 0.0 ], [ 120.7572, 24.61077, 0.0 ], [ 120.7565, 24.61089, 0.0 ], [ 120.7557, 24.61096, 0.0 ], [ 120.7553, 24.61098, 0.0 ], [ 120.7548, 24.61095, 0.0 ], [ 120.7545, 24.61089, 0.0 ], [ 120.7542, 24.61082, 0.0 ], [ 120.7539, 24.61072, 0.0 ], [ 120.7536, 24.61063, 0.0 ], [ 120.7533, 24.61051, 0.0 ], [ 120.7531, 24.61036, 0.0 ], [ 120.7528, 24.61022, 0.0 ], [ 120.7526, 24.61006, 0.0 ], [ 120.7524, 24.60991, 0.0 ], [ 120.7491, 24.6073, 0.0 ], [ 120.745, 24.60409, 0.0 ], [ 120.7449, 24.60402, 0.0 ], [ 120.7443, 24.60352, 0.0 ], [ 120.7441, 24.60334, 0.0 ], [ 120.744, 24.60324, 0.0 ], [ 120.7438, 24.60313, 0.0 ], [ 120.7436, 24.60288, 0.0 ], [ 120.7434, 24.60269, 0.0 ], [ 120.7433, 24.60254, 0.0 ], [ 120.7432, 24.60235, 0.0 ], [ 120.7431, 24.6022, 0.0 ], [ 120.743, 24.60207, 0.0 ], [ 120.7429, 24.60189, 0.0 ], [ 120.7428, 24.6017, 0.0 ], [ 120.7428, 24.60158, 0.0 ], [ 120.7427, 24.60144, 0.0 ], [ 120.7427, 24.60129, 0.0 ], [ 120.7427, 24.60115, 0.0 ], [ 120.7427, 24.60098, 0.0 ], [ 120.7426, 24.60071, 0.0 ], [ 120.7425, 24.59974, 0.0 ], [ 120.7425, 24.59922, 0.0 ], [ 120.7424, 24.59886, 0.0 ], [ 120.7423, 24.59857, 0.0 ], [ 120.7421, 24.59835, 0.0 ], [ 120.742, 24.59813, 0.0 ], [ 120.7419, 24.59789, 0.0 ], [ 120.7417, 24.59769, 0.0 ], [ 120.7413, 24.59727, 0.0 ], [ 120.7411, 24.59713, 0.0 ], [ 120.7409, 24.59697, 0.0 ], [ 120.7406, 24.59681, 0.0 ], [ 120.74, 24.59641, 0.0 ], [ 120.7368, 24.59458, 0.0 ], [ 120.7365, 24.59436, 0.0 ], [ 120.7359, 24.594, 0.0 ], [ 120.7357, 24.59383, 0.0 ], [ 120.7353, 24.59355, 0.0 ], [ 120.7351, 24.59336, 0.0 ], [ 120.7345, 24.59283, 0.0 ], [ 120.7341, 24.59236, 0.0 ], [ 120.7335, 24.59162, 0.0 ], [ 120.7333, 24.59135, 0.0 ], [ 120.7331, 24.59096, 0.0 ], [ 120.7326, 24.59002, 0.0 ], [ 120.7324, 24.58978, 0.0 ], [ 120.7322, 24.58953, 0.0 ], [ 120.7318, 24.58891, 0.0 ], [ 120.7317, 24.58878, 0.0 ], [ 120.7314, 24.58839, 0.0 ], [ 120.7312, 24.58812, 0.0 ], [ 120.7309, 24.58776, 0.0 ], [ 120.7308, 24.5876, 0.0 ], [ 120.7306, 24.58736, 0.0 ], [ 120.7305, 24.58728, 0.0 ], [ 120.7302, 24.58696, 0.0 ], [ 120.7301, 24.58687, 0.0 ], [ 120.73, 24.58676, 0.0 ], [ 120.7298, 24.58663, 0.0 ], [ 120.7296, 24.58643, 0.0 ], [ 120.7293, 24.5862, 0.0 ], [ 120.7289, 24.58595, 0.0 ], [ 120.7285, 24.5857, 0.0 ], [ 120.7284, 24.58563, 0.0 ], [ 120.7277, 24.58531, 0.0 ], [ 120.7267, 24.58484, 0.0 ], [ 120.7265, 24.5847, 0.0 ], [ 120.7256, 24.58427, 0.0 ], [ 120.7248, 24.5839, 0.0 ], [ 120.7243, 24.58362, 0.0 ], [ 120.7237, 24.58321, 0.0 ], [ 120.7223, 24.58209, 0.0 ], [ 120.7219, 24.58182, 0.0 ], [ 120.7216, 24.58155, 0.0 ], [ 120.7214, 24.58129, 0.0 ], [ 120.7211, 24.58098, 0.0 ], [ 120.721, 24.58079, 0.0 ], [ 120.7207, 24.58035, 0.0 ], [ 120.7206, 24.58004, 0.0 ], [ 120.7205, 24.57983, 0.0 ], [ 120.7204, 24.57962, 0.0 ], [ 120.7203, 24.57937, 0.0 ], [ 120.7202, 24.57894, 0.0 ], [ 120.7201, 24.57858, 0.0 ], [ 120.7201, 24.57839, 0.0 ], [ 120.7201, 24.57837, 0.0 ], [ 120.7201, 24.57814, 0.0 ], [ 120.7201, 24.57758, 0.0 ], [ 120.7201, 24.57618, 0.0 ], [ 120.72, 24.57571, 0.0 ], [ 120.72, 24.57535, 0.0 ], [ 120.7199, 24.57507, 0.0 ], [ 120.7198, 24.57475, 0.0 ], [ 120.7197, 24.57447, 0.0 ], [ 120.7195, 24.57418, 0.0 ], [ 120.7194, 24.57393, 0.0 ], [ 120.7192, 24.57359, 0.0 ], [ 120.7189, 24.57319, 0.0 ], [ 120.7188, 24.57299, 0.0 ], [ 120.7185, 24.5727, 0.0 ], [ 120.7182, 24.57242, 0.0 ], [ 120.7178, 24.57217, 0.0 ], [ 120.7174, 24.57188, 0.0 ], [ 120.7168, 24.57158, 0.0 ], [ 120.7161, 24.57131, 0.0 ], [ 120.7154, 24.57091, 0.0 ], [ 120.715, 24.57069, 0.0 ], [ 120.7146, 24.57042, 0.0 ], [ 120.7145, 24.57025, 0.0 ], [ 120.7142, 24.57017, 0.0 ], [ 120.7139, 24.57007, 0.0 ], [ 120.7136, 24.56996, 0.0 ], [ 120.7133, 24.56988, 0.0 ], [ 120.7129, 24.56974, 0.0 ], [ 120.7127, 24.56966, 0.0 ], [ 120.7126, 24.56962, 0.0 ], [ 120.7124, 24.56955, 0.0 ], [ 120.7123, 24.5695, 0.0 ], [ 120.7122, 24.56939, 0.0 ], [ 120.7121, 24.56932, 0.0 ], [ 120.712, 24.56927, 0.0 ], [ 120.712, 24.56923, 0.0 ], [ 120.7119, 24.5691, 0.0 ], [ 120.7118, 24.56899, 0.0 ], [ 120.7118, 24.56896, 0.0 ], [ 120.7117, 24.5689, 0.0 ], [ 120.7117, 24.56879, 0.0 ], [ 120.7116, 24.56864, 0.0 ], [ 120.7116, 24.56845, 0.0 ], [ 120.7116, 24.56828, 0.0 ], [ 120.7116, 24.56808, 0.0 ], [ 120.7116, 24.5678, 0.0 ], [ 120.7115, 24.56759, 0.0 ], [ 120.7115, 24.56741, 0.0 ], [ 120.711, 24.56634, 0.0 ], [ 120.7109, 24.56592, 0.0 ], [ 120.7107, 24.56551, 0.0 ], [ 120.7106, 24.56529, 0.0 ], [ 120.7105, 24.56494, 0.0 ], [ 120.7104, 24.56488, 0.0 ], [ 120.7104, 24.56474, 0.0 ], [ 120.7103, 24.56463, 0.0 ], [ 120.7103, 24.56451, 0.0 ], [ 120.7102, 24.56436, 0.0 ], [ 120.7099, 24.56391, 0.0 ], [ 120.7097, 24.56375, 0.0 ], [ 120.7096, 24.56356, 0.0 ], [ 120.7091, 24.56302, 0.0 ], [ 120.709, 24.56296, 0.0 ], [ 120.7089, 24.56283, 0.0 ], [ 120.7088, 24.56267, 0.0 ], [ 120.7086, 24.56237, 0.0 ], [ 120.7085, 24.56228, 0.0 ], [ 120.7084, 24.56214, 0.0 ], [ 120.7078, 24.56117, 0.0 ], [ 120.7078, 24.56116, 0.0 ], [ 120.7076, 24.56076, 0.0 ], [ 120.7074, 24.56057, 0.0 ], [ 120.7073, 24.56031, 0.0 ], [ 120.7069, 24.55982, 0.0 ], [ 120.7068, 24.55961, 0.0 ], [ 120.7066, 24.55935, 0.0 ], [ 120.7065, 24.5592, 0.0 ], [ 120.7058, 24.55825, 0.0 ], [ 120.7054, 24.55758, 0.0 ], [ 120.7052, 24.5573, 0.0 ], [ 120.7051, 24.55723, 0.0 ], [ 120.7049, 24.55692, 0.0 ], [ 120.7047, 24.55662, 0.0 ], [ 120.7044, 24.55634, 0.0 ], [ 120.7041, 24.55592, 0.0 ], [ 120.704, 24.55583, 0.0 ], [ 120.7037, 24.55546, 0.0 ], [ 120.7036, 24.55532, 0.0 ], [ 120.7033, 24.55499, 0.0 ], [ 120.7032, 24.55494, 0.0 ], [ 120.7031, 24.55481, 0.0 ], [ 120.7028, 24.55432, 0.0 ], [ 120.7026, 24.55412, 0.0 ], [ 120.7025, 24.5539, 0.0 ], [ 120.7022, 24.55349, 0.0 ], [ 120.7019, 24.55306, 0.0 ], [ 120.7018, 24.55296, 0.0 ], [ 120.7016, 24.55268, 0.0 ], [ 120.7015, 24.55253, 0.0 ], [ 120.7013, 24.55225, 0.0 ], [ 120.701, 24.55193, 0.0 ], [ 120.7005, 24.55147, 0.0 ], [ 120.7002, 24.55111, 0.0 ], [ 120.7, 24.5509, 0.0 ], [ 120.6997, 24.55057, 0.0 ], [ 120.6996, 24.5504, 0.0 ], [ 120.6995, 24.55026, 0.0 ], [ 120.6993, 24.54986, 0.0 ], [ 120.6992, 24.54965, 0.0 ], [ 120.6991, 24.54959, 0.0 ], [ 120.6991, 24.54947, 0.0 ], [ 120.699, 24.54922, 0.0 ], [ 120.6986, 24.5481, 0.0 ], [ 120.6984, 24.54739, 0.0 ], [ 120.6983, 24.54696, 0.0 ], [ 120.6982, 24.54681, 0.0 ], [ 120.6981, 24.54634, 0.0 ], [ 120.6979, 24.54581, 0.0 ], [ 120.6978, 24.54529, 0.0 ], [ 120.6975, 24.54449, 0.0 ], [ 120.6971, 24.54309, 0.0 ], [ 120.697, 24.54277, 0.0 ], [ 120.6968, 24.54205, 0.0 ], [ 120.6967, 24.54196, 0.0 ], [ 120.6963, 24.54065, 0.0 ], [ 120.6963, 24.54052, 0.0 ], [ 120.6962, 24.54044, 0.0 ], [ 120.6959, 24.5396, 0.0 ], [ 120.6958, 24.53931, 0.0 ], [ 120.6956, 24.5389, 0.0 ], [ 120.6953, 24.53806, 0.0 ], [ 120.6952, 24.53784, 0.0 ], [ 120.6951, 24.53754, 0.0 ], [ 120.695, 24.53713, 0.0 ], [ 120.6948, 24.53673, 0.0 ], [ 120.6948, 24.53658, 0.0 ], [ 120.6947, 24.53617, 0.0 ], [ 120.6946, 24.5358, 0.0 ], [ 120.6945, 24.53547, 0.0 ], [ 120.6942, 24.53397, 0.0 ], [ 120.694, 24.53334, 0.0 ], [ 120.6936, 24.53163, 0.0 ], [ 120.6935, 24.53083, 0.0 ], [ 120.6933, 24.52982, 0.0 ], [ 120.6931, 24.52856, 0.0 ], [ 120.6929, 24.52767, 0.0 ], [ 120.6929, 24.52732, 0.0 ], [ 120.6928, 24.52664, 0.0 ], [ 120.6927, 24.52586, 0.0 ], [ 120.6926, 24.52548, 0.0 ], [ 120.6926, 24.52495, 0.0 ], [ 120.6925, 24.52439, 0.0 ], [ 120.6925, 24.52431, 0.0 ], [ 120.6924, 24.52372, 0.0 ], [ 120.6924, 24.5234, 0.0 ], [ 120.6923, 24.52235, 0.0 ], [ 120.6923, 24.52208, 0.0 ], [ 120.6921, 24.52069, 0.0 ], [ 120.692, 24.51992, 0.0 ], [ 120.6919, 24.51927, 0.0 ], [ 120.6917, 24.51717, 0.0 ], [ 120.6917, 24.51704, 0.0 ], [ 120.6917, 24.51687, 0.0 ], [ 120.6916, 24.51629, 0.0 ], [ 120.6914, 24.51554, 0.0 ], [ 120.691, 24.51402, 0.0 ], [ 120.691, 24.51379, 0.0 ], [ 120.6903, 24.51147, 0.0 ], [ 120.69, 24.5101, 0.0 ], [ 120.6898, 24.50958, 0.0 ], [ 120.6895, 24.50815, 0.0 ], [ 120.6891, 24.50672, 0.0 ], [ 120.6887, 24.50607, 0.0 ], [ 120.6881, 24.50502, 0.0 ], [ 120.6881, 24.50492, 0.0 ], [ 120.6881, 24.5048, 0.0 ], [ 120.688, 24.50474, 0.0 ], [ 120.6879, 24.50445, 0.0 ], [ 120.6879, 24.5044, 0.0 ], [ 120.6878, 24.50417, 0.0 ], [ 120.6876, 24.50379, 0.0 ], [ 120.6875, 24.50354, 0.0 ], [ 120.6874, 24.50337, 0.0 ], [ 120.6874, 24.50333, 0.0 ], [ 120.6873, 24.50305, 0.0 ], [ 120.687, 24.50239, 0.0 ], [ 120.6867, 24.50167, 0.0 ], [ 120.6867, 24.50161, 0.0 ], [ 120.6866, 24.50146, 0.0 ], [ 120.6865, 24.50135, 0.0 ], [ 120.6864, 24.50114, 0.0 ], [ 120.6862, 24.50076, 0.0 ], [ 120.686, 24.50044, 0.0 ], [ 120.6855, 24.49971, 0.0 ], [ 120.6853, 24.49924, 0.0 ], [ 120.6852, 24.4991, 0.0 ], [ 120.6849, 24.49873, 0.0 ], [ 120.6846, 24.49833, 0.0 ], [ 120.6835, 24.49694, 0.0 ], [ 120.683, 24.49641, 0.0 ], [ 120.6816, 24.49462, 0.0 ], [ 120.6813, 24.49429, 0.0 ], [ 120.6807, 24.49372, 0.0 ], [ 120.6806, 24.49364, 0.0 ], [ 120.6802, 24.49322, 0.0 ], [ 120.68, 24.49304, 0.0 ], [ 120.6797, 24.49228, 0.0 ], [ 120.6795, 24.49186, 0.0 ], [ 120.6794, 24.49171, 0.0 ], [ 120.6793, 24.49166, 0.0 ], [ 120.6789, 24.49105, 0.0 ], [ 120.6785, 24.48985, 0.0 ], [ 120.6784, 24.48976, 0.0 ], [ 120.6783, 24.48932, 0.0 ], [ 120.6782, 24.48913, 0.0 ], [ 120.6782, 24.4889, 0.0 ], [ 120.6782, 24.48842, 0.0 ], [ 120.6784, 24.48744, 0.0 ], [ 120.6784, 24.48722, 0.0 ], [ 120.6784, 24.48686, 0.0 ], [ 120.6782, 24.48649, 0.0 ], [ 120.678, 24.48627, 0.0 ], [ 120.6779, 24.48612, 0.0 ], [ 120.6776, 24.48594, 0.0 ], [ 120.6766, 24.48525, 0.0 ], [ 120.6763, 24.48503, 0.0 ], [ 120.6761, 24.4848, 0.0 ], [ 120.676, 24.48462, 0.0 ], [ 120.6759, 24.4844, 0.0 ], [ 120.6758, 24.4841, 0.0 ], [ 120.6757, 24.48383, 0.0 ], [ 120.6757, 24.48362, 0.0 ], [ 120.6757, 24.48302, 0.0 ], [ 120.6757, 24.48224, 0.0 ], [ 120.6757, 24.48178, 0.0 ], [ 120.6757, 24.48093, 0.0 ], [ 120.6757, 24.48071, 0.0 ], [ 120.6757, 24.47993, 0.0 ], [ 120.6756, 24.47945, 0.0 ], [ 120.6755, 24.47927, 0.0 ], [ 120.6754, 24.47917, 0.0 ], [ 120.6752, 24.47904, 0.0 ], [ 120.6749, 24.47872, 0.0 ], [ 120.6749, 24.4787, 0.0 ], [ 120.6746, 24.47834, 0.0 ], [ 120.6742, 24.47767, 0.0 ], [ 120.6739, 24.47716, 0.0 ], [ 120.6738, 24.47708, 0.0 ], [ 120.6736, 24.47651, 0.0 ], [ 120.6731, 24.47584, 0.0 ], [ 120.6728, 24.47529, 0.0 ], [ 120.6727, 24.47514, 0.0 ], [ 120.6725, 24.47487, 0.0 ], [ 120.6722, 24.47442, 0.0 ], [ 120.6721, 24.47436, 0.0 ], [ 120.6717, 24.47398, 0.0 ], [ 120.6707, 24.47326, 0.0 ], [ 120.6693, 24.47231, 0.0 ], [ 120.6691, 24.47214, 0.0 ], [ 120.669, 24.4721, 0.0 ], [ 120.6684, 24.47165, 0.0 ], [ 120.6675, 24.47096, 0.0 ], [ 120.6667, 24.47024, 0.0 ], [ 120.6665, 24.46995, 0.0 ], [ 120.6662, 24.46954, 0.0 ], [ 120.6661, 24.46933, 0.0 ], [ 120.666, 24.4691, 0.0 ], [ 120.6656, 24.46834, 0.0 ], [ 120.6654, 24.46785, 0.0 ], [ 120.6647, 24.46673, 0.0 ], [ 120.6646, 24.46651, 0.0 ], [ 120.6645, 24.4664, 0.0 ], [ 120.6642, 24.46568, 0.0 ], [ 120.6641, 24.46554, 0.0 ], [ 120.664, 24.46511, 0.0 ], [ 120.6637, 24.46442, 0.0 ], [ 120.6637, 24.46424, 0.0 ], [ 120.6637, 24.46398, 0.0 ], [ 120.6636, 24.4637, 0.0 ], [ 120.6635, 24.46301, 0.0 ], [ 120.6634, 24.46217, 0.0 ], [ 120.6632, 24.46135, 0.0 ], [ 120.6631, 24.46062, 0.0 ], [ 120.6629, 24.45972, 0.0 ], [ 120.6628, 24.45918, 0.0 ], [ 120.6627, 24.45896, 0.0 ], [ 120.6623, 24.45841, 0.0 ], [ 120.662, 24.45796, 0.0 ], [ 120.6617, 24.45758, 0.0 ], [ 120.6612, 24.4571, 0.0 ], [ 120.6612, 24.45709, 0.0 ], [ 120.6606, 24.45658, 0.0 ], [ 120.6598, 24.45552, 0.0 ], [ 120.6594, 24.45488, 0.0 ], [ 120.6593, 24.45479, 0.0 ], [ 120.659, 24.4544, 0.0 ], [ 120.6587, 24.45394, 0.0 ], [ 120.6581, 24.45275, 0.0 ], [ 120.6576, 24.4517, 0.0 ], [ 120.6572, 24.45108, 0.0 ], [ 120.6571, 24.45096, 0.0 ], [ 120.6569, 24.45084, 0.0 ], [ 120.6567, 24.45075, 0.0 ], [ 120.6531, 24.44966, 0.0 ], [ 120.6517, 24.44922, 0.0 ], [ 120.6514, 24.44912, 0.0 ], [ 120.6511, 24.44898, 0.0 ], [ 120.6509, 24.44883, 0.0 ], [ 120.6506, 24.44862, 0.0 ], [ 120.6505, 24.44846, 0.0 ], [ 120.6504, 24.44835, 0.0 ], [ 120.6503, 24.44828, 0.0 ], [ 120.6503, 24.44817, 0.0 ], [ 120.6501, 24.44793, 0.0 ], [ 120.65, 24.44766, 0.0 ], [ 120.6499, 24.44744, 0.0 ], [ 120.6497, 24.44705, 0.0 ], [ 120.6487, 24.44464, 0.0 ], [ 120.6484, 24.44395, 0.0 ], [ 120.6481, 24.44326, 0.0 ], [ 120.6467, 24.44025, 0.0 ], [ 120.6464, 24.43945, 0.0 ], [ 120.6462, 24.43913, 0.0 ], [ 120.645, 24.43619, 0.0 ], [ 120.6449, 24.43602, 0.0 ], [ 120.6447, 24.43563, 0.0 ], [ 120.6447, 24.43532, 0.0 ], [ 120.6447, 24.43504, 0.0 ], [ 120.6451, 24.43423, 0.0 ], [ 120.6455, 24.4333, 0.0 ], [ 120.6456, 24.43321, 0.0 ], [ 120.6459, 24.43239, 0.0 ], [ 120.6459, 24.43216, 0.0 ], [ 120.646, 24.43188, 0.0 ], [ 120.6459, 24.43171, 0.0 ], [ 120.6459, 24.43169, 0.0 ], [ 120.6457, 24.43147, 0.0 ], [ 120.6448, 24.4299, 0.0 ], [ 120.6444, 24.42925, 0.0 ], [ 120.6444, 24.42916, 0.0 ], [ 120.6443, 24.42888, 0.0 ], [ 120.6441, 24.42862, 0.0 ], [ 120.6441, 24.42831, 0.0 ], [ 120.6439, 24.42729, 0.0 ], [ 120.6437, 24.42646, 0.0 ], [ 120.6436, 24.42563, 0.0 ], [ 120.6435, 24.4251, 0.0 ], [ 120.6434, 24.42449, 0.0 ], [ 120.6433, 24.42326, 0.0 ], [ 120.6433, 24.42286, 0.0 ], [ 120.6433, 24.42273, 0.0 ], [ 120.6432, 24.4223, 0.0 ], [ 120.6432, 24.42198, 0.0 ], [ 120.6431, 24.42173, 0.0 ], [ 120.643, 24.42154, 0.0 ], [ 120.643, 24.42133, 0.0 ], [ 120.6429, 24.42048, 0.0 ], [ 120.6428, 24.41963, 0.0 ], [ 120.6428, 24.41895, 0.0 ], [ 120.6428, 24.41878, 0.0 ], [ 120.6427, 24.4181, 0.0 ], [ 120.6427, 24.41791, 0.0 ], [ 120.6427, 24.41758, 0.0 ], [ 120.6427, 24.41721, 0.0 ], [ 120.6428, 24.41631, 0.0 ], [ 120.6428, 24.41619, 0.0 ], [ 120.6429, 24.41555, 0.0 ], [ 120.6429, 24.41538, 0.0 ], [ 120.6429, 24.41517, 0.0 ], [ 120.643, 24.41426, 0.0 ], [ 120.643, 24.41397, 0.0 ], [ 120.6431, 24.41271, 0.0 ], [ 120.6431, 24.41257, 0.0 ], [ 120.6432, 24.4124, 0.0 ], [ 120.6432, 24.41183, 0.0 ], [ 120.6432, 24.41159, 0.0 ], [ 120.6434, 24.40971, 0.0 ], [ 120.6434, 24.40953, 0.0 ], [ 120.6434, 24.40929, 0.0 ], [ 120.6433, 24.40904, 0.0 ], [ 120.6433, 24.40876, 0.0 ], [ 120.6432, 24.40847, 0.0 ], [ 120.643, 24.40791, 0.0 ], [ 120.643, 24.40775, 0.0 ], [ 120.6423, 24.40625, 0.0 ], [ 120.6416, 24.4045, 0.0 ], [ 120.6415, 24.40431, 0.0 ], [ 120.6414, 24.4041, 0.0 ], [ 120.6413, 24.40386, 0.0 ], [ 120.6412, 24.40352, 0.0 ], [ 120.6412, 24.40314, 0.0 ], [ 120.6412, 24.40301, 0.0 ], [ 120.6413, 24.40277, 0.0 ], [ 120.6413, 24.40253, 0.0 ], [ 120.6414, 24.40225, 0.0 ], [ 120.6415, 24.40203, 0.0 ], [ 120.6416, 24.40179, 0.0 ], [ 120.6418, 24.40159, 0.0 ], [ 120.6419, 24.40143, 0.0 ], [ 120.642, 24.4013, 0.0 ], [ 120.6422, 24.40117, 0.0 ], [ 120.6424, 24.40097, 0.0 ], [ 120.6427, 24.40071, 0.0 ], [ 120.6432, 24.40031, 0.0 ], [ 120.6433, 24.40018, 0.0 ], [ 120.6455, 24.39826, 0.0 ], [ 120.6456, 24.39817, 0.0 ], [ 120.6458, 24.39807, 0.0 ], [ 120.6463, 24.39763, 0.0 ], [ 120.6468, 24.39717, 0.0 ], [ 120.6474, 24.39658, 0.0 ], [ 120.6478, 24.39605, 0.0 ], [ 120.6479, 24.39588, 0.0 ], [ 120.648, 24.39573, 0.0 ], [ 120.6484, 24.39521, 0.0 ], [ 120.6487, 24.3946, 0.0 ], [ 120.649, 24.39394, 0.0 ], [ 120.6498, 24.39185, 0.0 ], [ 120.6498, 24.39166, 0.0 ], [ 120.6499, 24.39152, 0.0 ], [ 120.65, 24.39121, 0.0 ], [ 120.6503, 24.39032, 0.0 ], [ 120.6504, 24.39016, 0.0 ], [ 120.651, 24.38853, 0.0 ], [ 120.651, 24.3884, 0.0 ], [ 120.6511, 24.3882, 0.0 ], [ 120.6515, 24.38709, 0.0 ], [ 120.6515, 24.38696, 0.0 ], [ 120.6516, 24.3865, 0.0 ], [ 120.6517, 24.38614, 0.0 ], [ 120.6518, 24.3858, 0.0 ], [ 120.6518, 24.38554, 0.0 ], [ 120.6519, 24.38527, 0.0 ], [ 120.6519, 24.3851, 0.0 ], [ 120.6519, 24.38461, 0.0 ], [ 120.6519, 24.38454, 0.0 ], [ 120.6519, 24.38435, 0.0 ], [ 120.6519, 24.38363, 0.0 ], [ 120.6518, 24.38343, 0.0 ], [ 120.6518, 24.38314, 0.0 ], [ 120.6517, 24.3827, 0.0 ], [ 120.6517, 24.38251, 0.0 ], [ 120.6515, 24.38202, 0.0 ], [ 120.6513, 24.38133, 0.0 ], [ 120.6512, 24.38121, 0.0 ], [ 120.6511, 24.381, 0.0 ], [ 120.6507, 24.38023, 0.0 ], [ 120.6507, 24.38015, 0.0 ], [ 120.6506, 24.38001, 0.0 ], [ 120.6505, 24.37988, 0.0 ], [ 120.6502, 24.37951, 0.0 ], [ 120.6497, 24.37872, 0.0 ], [ 120.6497, 24.3786, 0.0 ], [ 120.6493, 24.37809, 0.0 ], [ 120.6493, 24.37797, 0.0 ], [ 120.6492, 24.37784, 0.0 ], [ 120.6485, 24.37681, 0.0 ], [ 120.6485, 24.37668, 0.0 ], [ 120.6437, 24.36894, 0.0 ], [ 120.6429, 24.36779, 0.0 ], [ 120.6419, 24.36655, 0.0 ], [ 120.6414, 24.36585, 0.0 ], [ 120.64, 24.36399, 0.0 ], [ 120.6399, 24.36383, 0.0 ], [ 120.6397, 24.36363, 0.0 ], [ 120.6395, 24.36347, 0.0 ], [ 120.6393, 24.36335, 0.0 ], [ 120.6392, 24.36326, 0.0 ], [ 120.6391, 24.36318, 0.0 ], [ 120.6364, 24.36212, 0.0 ], [ 120.6339, 24.3612, 0.0 ], [ 120.6338, 24.36113, 0.0 ], [ 120.6336, 24.36104, 0.0 ], [ 120.6315, 24.36024, 0.0 ], [ 120.6302, 24.35977, 0.0 ], [ 120.6297, 24.3596, 0.0 ], [ 120.6295, 24.3595, 0.0 ], [ 120.6293, 24.35944, 0.0 ], [ 120.6244, 24.35752, 0.0 ], [ 120.6243, 24.35749, 0.0 ], [ 120.6231, 24.35705, 0.0 ], [ 120.6226, 24.35686, 0.0 ], [ 120.6225, 24.35679, 0.0 ], [ 120.6222, 24.3567, 0.0 ], [ 120.6218, 24.35653, 0.0 ], [ 120.6211, 24.35626, 0.0 ], [ 120.6204, 24.35601, 0.0 ], [ 120.62, 24.35584, 0.0 ], [ 120.6196, 24.35559, 0.0 ], [ 120.6194, 24.35539, 0.0 ], [ 120.6192, 24.35524, 0.0 ], [ 120.619, 24.35497, 0.0 ], [ 120.6189, 24.35475, 0.0 ], [ 120.6188, 24.3545, 0.0 ], [ 120.6187, 24.35438, 0.0 ], [ 120.6186, 24.35402, 0.0 ], [ 120.6185, 24.35392, 0.0 ], [ 120.6185, 24.35382, 0.0 ], [ 120.6176, 24.35176, 0.0 ], [ 120.6176, 24.35164, 0.0 ], [ 120.6175, 24.35154, 0.0 ], [ 120.6173, 24.35093, 0.0 ], [ 120.6172, 24.35069, 0.0 ], [ 120.6171, 24.35035, 0.0 ], [ 120.6171, 24.34996, 0.0 ], [ 120.617, 24.34971, 0.0 ], [ 120.617, 24.34942, 0.0 ], [ 120.617, 24.3493, 0.0 ], [ 120.617, 24.34859, 0.0 ], [ 120.617, 24.34829, 0.0 ], [ 120.617, 24.34811, 0.0 ], [ 120.617, 24.34801, 0.0 ], [ 120.617, 24.34786, 0.0 ], [ 120.6171, 24.34765, 0.0 ], [ 120.617, 24.3471, 0.0 ], [ 120.6171, 24.34699, 0.0 ], [ 120.6171, 24.3462, 0.0 ], [ 120.6171, 24.34513, 0.0 ], [ 120.6171, 24.34459, 0.0 ], [ 120.6173, 24.34383, 0.0 ], [ 120.6173, 24.34362, 0.0 ], [ 120.6173, 24.34356, 0.0 ], [ 120.6174, 24.34345, 0.0 ], [ 120.6178, 24.34176, 0.0 ], [ 120.6178, 24.34169, 0.0 ], [ 120.618, 24.34089, 0.0 ], [ 120.618, 24.34079, 0.0 ], [ 120.6181, 24.34072, 0.0 ], [ 120.6182, 24.34007, 0.0 ], [ 120.6182, 24.33963, 0.0 ], [ 120.6182, 24.33957, 0.0 ], [ 120.6182, 24.33927, 0.0 ], [ 120.6182, 24.33907, 0.0 ], [ 120.6181, 24.33895, 0.0 ], [ 120.618, 24.33881, 0.0 ], [ 120.6177, 24.33816, 0.0 ], [ 120.6171, 24.33735, 0.0 ], [ 120.6169, 24.33699, 0.0 ], [ 120.6162, 24.336, 0.0 ], [ 120.616, 24.33561, 0.0 ], [ 120.6159, 24.33553, 0.0 ], [ 120.6154, 24.33483, 0.0 ], [ 120.6151, 24.33436, 0.0 ], [ 120.6148, 24.33392, 0.0 ], [ 120.6148, 24.33382, 0.0 ], [ 120.6146, 24.33359, 0.0 ], [ 120.6143, 24.33331, 0.0 ], [ 120.6137, 24.33262, 0.0 ], [ 120.6136, 24.33256, 0.0 ], [ 120.6096, 24.32834, 0.0 ], [ 120.6093, 24.32797, 0.0 ], [ 120.6091, 24.32784, 0.0 ], [ 120.609, 24.32778, 0.0 ], [ 120.609, 24.32769, 0.0 ], [ 120.6088, 24.32754, 0.0 ], [ 120.6087, 24.32737, 0.0 ], [ 120.6085, 24.32709, 0.0 ], [ 120.6083, 24.32687, 0.0 ], [ 120.6081, 24.32647, 0.0 ], [ 120.6081, 24.32633, 0.0 ], [ 120.608, 24.32624, 0.0 ], [ 120.608, 24.32614, 0.0 ], [ 120.6076, 24.32471, 0.0 ], [ 120.6043, 24.31385, 0.0 ], [ 120.6041, 24.31319, 0.0 ], [ 120.6039, 24.31264, 0.0 ], [ 120.6037, 24.31222, 0.0 ], [ 120.6035, 24.31166, 0.0 ], [ 120.6033, 24.3114, 0.0 ], [ 120.6032, 24.31128, 0.0 ], [ 120.6028, 24.31092, 0.0 ], [ 120.6026, 24.31079, 0.0 ], [ 120.6022, 24.31058, 0.0 ], [ 120.602, 24.31047, 0.0 ], [ 120.6008, 24.30994, 0.0 ], [ 120.6006, 24.30984, 0.0 ], [ 120.6003, 24.30973, 0.0 ], [ 120.5999, 24.30958, 0.0 ], [ 120.5996, 24.30944, 0.0 ], [ 120.5993, 24.3093, 0.0 ], [ 120.5991, 24.30919, 0.0 ], [ 120.5989, 24.30904, 0.0 ], [ 120.5987, 24.30885, 0.0 ], [ 120.5983, 24.30847, 0.0 ], [ 120.5976, 24.30769, 0.0 ], [ 120.5975, 24.30749, 0.0 ], [ 120.5973, 24.30723, 0.0 ], [ 120.597, 24.30681, 0.0 ], [ 120.5969, 24.30628, 0.0 ], [ 120.5968, 24.30598, 0.0 ], [ 120.5964, 24.304, 0.0 ], [ 120.5963, 24.30388, 0.0 ], [ 120.5963, 24.30378, 0.0 ], [ 120.596, 24.30285, 0.0 ], [ 120.5956, 24.30187, 0.0 ], [ 120.5952, 24.3008, 0.0 ], [ 120.5951, 24.30069, 0.0 ], [ 120.595, 24.30035, 0.0 ], [ 120.5948, 24.30013, 0.0 ], [ 120.5946, 24.29985, 0.0 ], [ 120.5944, 24.29959, 0.0 ], [ 120.5942, 24.29937, 0.0 ], [ 120.5939, 24.29906, 0.0 ], [ 120.5935, 24.29868, 0.0 ], [ 120.5913, 24.29647, 0.0 ], [ 120.5911, 24.29629, 0.0 ], [ 120.5903, 24.29542, 0.0 ], [ 120.5898, 24.29495, 0.0 ], [ 120.5895, 24.2946, 0.0 ], [ 120.5893, 24.29439, 0.0 ], [ 120.5891, 24.29402, 0.0 ], [ 120.5889, 24.29374, 0.0 ], [ 120.5887, 24.29353, 0.0 ], [ 120.5885, 24.2931, 0.0 ], [ 120.5857, 24.28827, 0.0 ], [ 120.5854, 24.28775, 0.0 ], [ 120.5835, 24.28444, 0.0 ], [ 120.5834, 24.28409, 0.0 ], [ 120.5829, 24.28344, 0.0 ], [ 120.5829, 24.28336, 0.0 ], [ 120.5828, 24.28321, 0.0 ], [ 120.5826, 24.28305, 0.0 ], [ 120.5824, 24.2828, 0.0 ], [ 120.5822, 24.28265, 0.0 ], [ 120.582, 24.28249, 0.0 ], [ 120.5817, 24.28226, 0.0 ], [ 120.5814, 24.28211, 0.0 ], [ 120.5813, 24.28201, 0.0 ], [ 120.5789, 24.2805, 0.0 ], [ 120.5778, 24.27976, 0.0 ], [ 120.5772, 24.27941, 0.0 ], [ 120.5755, 24.2783, 0.0 ], [ 120.5752, 24.27813, 0.0 ], [ 120.5735, 24.27703, 0.0 ], [ 120.5729, 24.2766, 0.0 ], [ 120.5721, 24.27611, 0.0 ], [ 120.5717, 24.27584, 0.0 ], [ 120.5714, 24.27555, 0.0 ], [ 120.5713, 24.27548, 0.0 ], [ 120.5712, 24.27537, 0.0 ], [ 120.5704, 24.27468, 0.0 ], [ 120.5694, 24.27362, 0.0 ], [ 120.5691, 24.27333, 0.0 ], [ 120.5689, 24.2731, 0.0 ], [ 120.5686, 24.27268, 0.0 ], [ 120.5685, 24.27243, 0.0 ], [ 120.5683, 24.2722, 0.0 ], [ 120.5681, 24.2717, 0.0 ], [ 120.5676, 24.27068, 0.0 ], [ 120.5675, 24.27054, 0.0 ], [ 120.5674, 24.27029, 0.0 ], [ 120.5673, 24.27001, 0.0 ], [ 120.5669, 24.269, 0.0 ], [ 120.5668, 24.26889, 0.0 ], [ 120.5667, 24.26871, 0.0 ], [ 120.5666, 24.2684, 0.0 ], [ 120.5664, 24.26798, 0.0 ], [ 120.5662, 24.26772, 0.0 ], [ 120.5658, 24.26715, 0.0 ], [ 120.5656, 24.26691, 0.0 ], [ 120.5655, 24.26679, 0.0 ], [ 120.5643, 24.26544, 0.0 ], [ 120.563, 24.26394, 0.0 ], [ 120.5629, 24.26381, 0.0 ], [ 120.562, 24.26283, 0.0 ], [ 120.5611, 24.26173, 0.0 ], [ 120.5609, 24.26145, 0.0 ], [ 120.5604, 24.26071, 0.0 ], [ 120.56, 24.2601, 0.0 ], [ 120.5591, 24.2582, 0.0 ], [ 120.5585, 24.25689, 0.0 ], [ 120.5585, 24.25678, 0.0 ], [ 120.557, 24.25358, 0.0 ], [ 120.5559, 24.25095, 0.0 ], [ 120.5558, 24.25085, 0.0 ], [ 120.5557, 24.25064, 0.0 ], [ 120.5553, 24.2499, 0.0 ], [ 120.5551, 24.24959, 0.0 ], [ 120.5541, 24.24825, 0.0 ], [ 120.5534, 24.24734, 0.0 ], [ 120.5532, 24.24723, 0.0 ], [ 120.5529, 24.2468, 0.0 ], [ 120.5527, 24.24643, 0.0 ], [ 120.5524, 24.24571, 0.0 ], [ 120.5518, 24.24445, 0.0 ], [ 120.5518, 24.24436, 0.0 ], [ 120.5517, 24.24423, 0.0 ], [ 120.5517, 24.24416, 0.0 ], [ 120.5506, 24.24172, 0.0 ], [ 120.5506, 24.24144, 0.0 ], [ 120.5497, 24.23937, 0.0 ], [ 120.5495, 24.23904, 0.0 ], [ 120.5488, 24.23741, 0.0 ], [ 120.5483, 24.23614, 0.0 ], [ 120.5475, 24.23433, 0.0 ], [ 120.5472, 24.23353, 0.0 ], [ 120.5468, 24.23248, 0.0 ], [ 120.5467, 24.23216, 0.0 ], [ 120.546, 24.22993, 0.0 ], [ 120.5457, 24.2291, 0.0 ], [ 120.545, 24.22694, 0.0 ], [ 120.5444, 24.22521, 0.0 ], [ 120.5443, 24.22474, 0.0 ], [ 120.5432, 24.22179, 0.0 ], [ 120.5432, 24.2217, 0.0 ], [ 120.5425, 24.21925, 0.0 ], [ 120.5424, 24.21891, 0.0 ], [ 120.5423, 24.2185, 0.0 ], [ 120.5422, 24.21823, 0.0 ], [ 120.5417, 24.21624, 0.0 ], [ 120.5416, 24.21617, 0.0 ], [ 120.5409, 24.21336, 0.0 ], [ 120.5402, 24.21047, 0.0 ], [ 120.5393, 24.207, 0.0 ], [ 120.5391, 24.20643, 0.0 ], [ 120.539, 24.20604, 0.0 ], [ 120.5384, 24.20347, 0.0 ], [ 120.5381, 24.20236, 0.0 ], [ 120.5375, 24.19995, 0.0 ], [ 120.5367, 24.19661, 0.0 ], [ 120.5362, 24.195, 0.0 ], [ 120.5362, 24.19452, 0.0 ], [ 120.5363, 24.19416, 0.0 ], [ 120.5364, 24.19402, 0.0 ], [ 120.5365, 24.19387, 0.0 ], [ 120.5366, 24.19366, 0.0 ], [ 120.5369, 24.19352, 0.0 ], [ 120.5375, 24.19325, 0.0 ], [ 120.5394, 24.19287, 0.0 ], [ 120.54, 24.19273, 0.0 ], [ 120.5405, 24.19258, 0.0 ], [ 120.5413, 24.19219, 0.0 ], [ 120.5422, 24.19162, 0.0 ], [ 120.5425, 24.19141, 0.0 ], [ 120.5431, 24.19072, 0.0 ], [ 120.5437, 24.18998, 0.0 ], [ 120.5439, 24.18976, 0.0 ], [ 120.544, 24.18941, 0.0 ], [ 120.5442, 24.1888, 0.0 ], [ 120.5442, 24.18873, 0.0 ], [ 120.5445, 24.18835, 0.0 ], [ 120.5444, 24.188, 0.0 ], [ 120.5444, 24.1875, 0.0 ], [ 120.5445, 24.18709, 0.0 ], [ 120.5444, 24.18634, 0.0 ], [ 120.5443, 24.18559, 0.0 ], [ 120.5438, 24.18086, 0.0 ], [ 120.5433, 24.17669, 0.0 ], [ 120.5432, 24.17589, 0.0 ], [ 120.5428, 24.17282, 0.0 ], [ 120.5426, 24.17143, 0.0 ], [ 120.5425, 24.17058, 0.0 ], [ 120.5424, 24.17012, 0.0 ], [ 120.5423, 24.16984, 0.0 ], [ 120.5423, 24.16953, 0.0 ], [ 120.5423, 24.16931, 0.0 ], [ 120.5423, 24.16821, 0.0 ], [ 120.5423, 24.16725, 0.0 ], [ 120.5423, 24.16689, 0.0 ], [ 120.5423, 24.16632, 0.0 ], [ 120.5423, 24.16619, 0.0 ], [ 120.5425, 24.16522, 0.0 ], [ 120.5427, 24.16401, 0.0 ], [ 120.5429, 24.16333, 0.0 ], [ 120.543, 24.16312, 0.0 ], [ 120.5431, 24.16292, 0.0 ], [ 120.5433, 24.16272, 0.0 ], [ 120.544, 24.16213, 0.0 ], [ 120.5441, 24.16202, 0.0 ], [ 120.5444, 24.1617, 0.0 ], [ 120.5448, 24.16129, 0.0 ], [ 120.545, 24.16111, 0.0 ], [ 120.5453, 24.16068, 0.0 ], [ 120.5456, 24.16018, 0.0 ], [ 120.5463, 24.15864, 0.0 ], [ 120.5465, 24.15828, 0.0 ], [ 120.5466, 24.15797, 0.0 ], [ 120.5469, 24.15739, 0.0 ], [ 120.5476, 24.1558, 0.0 ], [ 120.5477, 24.15565, 0.0 ], [ 120.5478, 24.15542, 0.0 ], [ 120.548, 24.15495, 0.0 ], [ 120.5482, 24.15432, 0.0 ], [ 120.5483, 24.15398, 0.0 ], [ 120.5488, 24.15205, 0.0 ], [ 120.5489, 24.1517, 0.0 ], [ 120.549, 24.15149, 0.0 ], [ 120.5493, 24.15035, 0.0 ], [ 120.5494, 24.14998, 0.0 ], [ 120.5494, 24.14973, 0.0 ], [ 120.5494, 24.14945, 0.0 ], [ 120.5494, 24.14888, 0.0 ], [ 120.5494, 24.14854, 0.0 ], [ 120.5492, 24.14815, 0.0 ], [ 120.5489, 24.14723, 0.0 ], [ 120.5489, 24.14703, 0.0 ], [ 120.5488, 24.14689, 0.0 ], [ 120.5487, 24.14654, 0.0 ], [ 120.5486, 24.14627, 0.0 ], [ 120.5486, 24.14577, 0.0 ], [ 120.5485, 24.14555, 0.0 ], [ 120.5485, 24.14518, 0.0 ], [ 120.5484, 24.14349, 0.0 ], [ 120.5483, 24.14301, 0.0 ], [ 120.5483, 24.14284, 0.0 ], [ 120.5484, 24.14246, 0.0 ], [ 120.5484, 24.14214, 0.0 ], [ 120.5485, 24.14196, 0.0 ], [ 120.5486, 24.14168, 0.0 ], [ 120.5487, 24.14145, 0.0 ], [ 120.5489, 24.14118, 0.0 ], [ 120.5493, 24.14047, 0.0 ], [ 120.5497, 24.13995, 0.0 ], [ 120.55, 24.13929, 0.0 ], [ 120.5501, 24.13921, 0.0 ], [ 120.5503, 24.13895, 0.0 ], [ 120.5506, 24.13843, 0.0 ], [ 120.5518, 24.13691, 0.0 ], [ 120.5522, 24.13648, 0.0 ], [ 120.5526, 24.136, 0.0 ], [ 120.5532, 24.1352, 0.0 ], [ 120.5533, 24.13501, 0.0 ], [ 120.5534, 24.13481, 0.0 ], [ 120.5536, 24.13439, 0.0 ], [ 120.5536, 24.13436, 0.0 ], [ 120.5538, 24.13347, 0.0 ], [ 120.5539, 24.13255, 0.0 ], [ 120.554, 24.13227, 0.0 ], [ 120.5542, 24.1311, 0.0 ], [ 120.5545, 24.13053, 0.0 ], [ 120.5548, 24.12988, 0.0 ], [ 120.5549, 24.12966, 0.0 ], [ 120.555, 24.12941, 0.0 ], [ 120.5553, 24.12913, 0.0 ], [ 120.5555, 24.12882, 0.0 ], [ 120.5559, 24.12848, 0.0 ], [ 120.5564, 24.12813, 0.0 ], [ 120.5581, 24.1271, 0.0 ], [ 120.5599, 24.12605, 0.0 ], [ 120.5612, 24.12524, 0.0 ], [ 120.5615, 24.12506, 0.0 ], [ 120.5618, 24.12486, 0.0 ], [ 120.563, 24.12412, 0.0 ], [ 120.564, 24.12353, 0.0 ], [ 120.5644, 24.12333, 0.0 ], [ 120.565, 24.12307, 0.0 ], [ 120.5653, 24.12294, 0.0 ], [ 120.567, 24.12234, 0.0 ], [ 120.5682, 24.12188, 0.0 ], [ 120.5703, 24.12108, 0.0 ], [ 120.5716, 24.1206, 0.0 ], [ 120.574, 24.1197, 0.0 ], [ 120.5764, 24.11878, 0.0 ], [ 120.5776, 24.11833, 0.0 ], [ 120.5777, 24.11823, 0.0 ], [ 120.5777, 24.11818, 0.0 ], [ 120.5779, 24.11809, 0.0 ], [ 120.578, 24.11802, 0.0 ], [ 120.5781, 24.1179, 0.0 ], [ 120.5787, 24.11719, 0.0 ], [ 120.5788, 24.11705, 0.0 ], [ 120.5789, 24.11695, 0.0 ], [ 120.579, 24.11687, 0.0 ], [ 120.5792, 24.11678, 0.0 ], [ 120.5793, 24.11667, 0.0 ], [ 120.5795, 24.11659, 0.0 ], [ 120.5797, 24.11652, 0.0 ], [ 120.58, 24.11643, 0.0 ], [ 120.5818, 24.11607, 0.0 ], [ 120.582, 24.11604, 0.0 ], [ 120.5822, 24.11604, 0.0 ], [ 120.5826, 24.11608, 0.0 ], [ 120.5828, 24.1161, 0.0 ], [ 120.583, 24.11608, 0.0 ], [ 120.5831, 24.11604, 0.0 ], [ 120.5832, 24.11594, 0.0 ], [ 120.5834, 24.11582, 0.0 ], [ 120.5836, 24.11556, 0.0 ], [ 120.5838, 24.11539, 0.0 ], [ 120.5839, 24.11528, 0.0 ], [ 120.5842, 24.11473, 0.0 ], [ 120.5843, 24.11464, 0.0 ], [ 120.5844, 24.11442, 0.0 ], [ 120.5844, 24.11423, 0.0 ], [ 120.5845, 24.11409, 0.0 ], [ 120.5845, 24.11398, 0.0 ], [ 120.5845, 24.11367, 0.0 ], [ 120.5844, 24.11345, 0.0 ], [ 120.5844, 24.11319, 0.0 ], [ 120.5844, 24.11304, 0.0 ], [ 120.5843, 24.1129, 0.0 ], [ 120.5843, 24.11287, 0.0 ], [ 120.5842, 24.11265, 0.0 ], [ 120.5843, 24.11252, 0.0 ], [ 120.5841, 24.11202, 0.0 ], [ 120.584, 24.11172, 0.0 ], [ 120.5838, 24.11149, 0.0 ], [ 120.5837, 24.11131, 0.0 ], [ 120.5837, 24.11113, 0.0 ], [ 120.5836, 24.11099, 0.0 ], [ 120.5835, 24.11083, 0.0 ], [ 120.5835, 24.11072, 0.0 ], [ 120.5835, 24.11048, 0.0 ], [ 120.5834, 24.11019, 0.0 ], [ 120.5833, 24.1101, 0.0 ], [ 120.5831, 24.10953, 0.0 ], [ 120.5828, 24.10859, 0.0 ], [ 120.5818, 24.10542, 0.0 ], [ 120.5804, 24.10175, 0.0 ], [ 120.5803, 24.1014, 0.0 ], [ 120.5802, 24.10115, 0.0 ], [ 120.5801, 24.10088, 0.0 ], [ 120.5799, 24.10061, 0.0 ], [ 120.5798, 24.1004, 0.0 ], [ 120.5797, 24.10025, 0.0 ], [ 120.5795, 24.1001, 0.0 ], [ 120.5794, 24.09997, 0.0 ], [ 120.5791, 24.09978, 0.0 ], [ 120.5788, 24.09958, 0.0 ], [ 120.5783, 24.0994, 0.0 ], [ 120.578, 24.09935, 0.0 ], [ 120.5777, 24.09931, 0.0 ], [ 120.577, 24.09911, 0.0 ], [ 120.5767, 24.09901, 0.0 ], [ 120.5766, 24.09896, 0.0 ], [ 120.5751, 24.09852, 0.0 ], [ 120.5744, 24.0983, 0.0 ], [ 120.5741, 24.09818, 0.0 ], [ 120.5739, 24.09812, 0.0 ], [ 120.5738, 24.09808, 0.0 ], [ 120.5733, 24.09794, 0.0 ], [ 120.5725, 24.09768, 0.0 ], [ 120.5722, 24.09761, 0.0 ], [ 120.5717, 24.09744, 0.0 ], [ 120.5715, 24.09733, 0.0 ], [ 120.5712, 24.09721, 0.0 ], [ 120.571, 24.09713, 0.0 ], [ 120.571, 24.09709, 0.0 ], [ 120.5709, 24.09704, 0.0 ], [ 120.5707, 24.0969, 0.0 ], [ 120.5706, 24.09679, 0.0 ], [ 120.5704, 24.09665, 0.0 ], [ 120.5703, 24.09651, 0.0 ], [ 120.5702, 24.09635, 0.0 ], [ 120.5701, 24.09621, 0.0 ], [ 120.57, 24.09602, 0.0 ], [ 120.5699, 24.09587, 0.0 ], [ 120.5698, 24.0957, 0.0 ], [ 120.5697, 24.09559, 0.0 ], [ 120.5697, 24.09547, 0.0 ], [ 120.5695, 24.09517, 0.0 ], [ 120.5693, 24.09477, 0.0 ], [ 120.5685, 24.0935, 0.0 ], [ 120.5627, 24.09645, 0.0 ], [ 120.5624, 24.09653, 0.0 ], [ 120.5623, 24.09663, 0.0 ], [ 120.5601, 24.09776, 0.0 ], [ 120.5598, 24.09791, 0.0 ], [ 120.5592, 24.09812, 0.0 ], [ 120.5588, 24.09821, 0.0 ], [ 120.5584, 24.09827, 0.0 ], [ 120.5581, 24.09829, 0.0 ], [ 120.5575, 24.09833, 0.0 ], [ 120.5571, 24.09835, 0.0 ], [ 120.5566, 24.09837, 0.0 ], [ 120.556, 24.09838, 0.0 ], [ 120.5548, 24.09842, 0.0 ], [ 120.5545, 24.09841, 0.0 ], [ 120.5542, 24.09839, 0.0 ], [ 120.554, 24.09836, 0.0 ], [ 120.5536, 24.09829, 0.0 ], [ 120.5532, 24.09821, 0.0 ], [ 120.5529, 24.09815, 0.0 ], [ 120.5527, 24.09806, 0.0 ], [ 120.5513, 24.09756, 0.0 ], [ 120.5507, 24.09733, 0.0 ], [ 120.5503, 24.09719, 0.0 ], [ 120.5498, 24.09705, 0.0 ], [ 120.549, 24.09686, 0.0 ], [ 120.5489, 24.09684, 0.0 ], [ 120.5455, 24.09596, 0.0 ], [ 120.5446, 24.09574, 0.0 ], [ 120.5445, 24.09571, 0.0 ], [ 120.544, 24.09557, 0.0 ], [ 120.5438, 24.09551, 0.0 ], [ 120.5424, 24.09487, 0.0 ], [ 120.5419, 24.09468, 0.0 ], [ 120.5416, 24.09455, 0.0 ], [ 120.5409, 24.09423, 0.0 ], [ 120.5403, 24.09398, 0.0 ], [ 120.5399, 24.09381, 0.0 ], [ 120.5395, 24.09358, 0.0 ], [ 120.5393, 24.09349, 0.0 ], [ 120.5391, 24.09335, 0.0 ], [ 120.5386, 24.09302, 0.0 ], [ 120.5383, 24.09284, 0.0 ], [ 120.538, 24.09267, 0.0 ], [ 120.5371, 24.09193, 0.0 ], [ 120.5368, 24.09174, 0.0 ], [ 120.5362, 24.09118, 0.0 ], [ 120.5359, 24.09096, 0.0 ], [ 120.5357, 24.09069, 0.0 ], [ 120.5355, 24.09054, 0.0 ], [ 120.5352, 24.09013, 0.0 ], [ 120.5341, 24.08884, 0.0 ], [ 120.5338, 24.08856, 0.0 ], [ 120.5332, 24.08782, 0.0 ], [ 120.5328, 24.08741, 0.0 ], [ 120.5326, 24.08719, 0.0 ], [ 120.5324, 24.08693, 0.0 ], [ 120.5321, 24.08648, 0.0 ], [ 120.5319, 24.08621, 0.0 ], [ 120.5318, 24.08614, 0.0 ], [ 120.5316, 24.08582, 0.0 ], [ 120.5314, 24.0855, 0.0 ], [ 120.5311, 24.08479, 0.0 ], [ 120.5308, 24.08406, 0.0 ], [ 120.5306, 24.0838, 0.0 ], [ 120.5306, 24.08354, 0.0 ], [ 120.5303, 24.08284, 0.0 ], [ 120.5302, 24.08231, 0.0 ], [ 120.5299, 24.08138, 0.0 ], [ 120.5298, 24.08045, 0.0 ], [ 120.5298, 24.07966, 0.0 ], [ 120.5298, 24.07938, 0.0 ], [ 120.5299, 24.07909, 0.0 ], [ 120.5299, 24.07901, 0.0 ], [ 120.5299, 24.07881, 0.0 ], [ 120.53, 24.07858, 0.0 ], [ 120.5301, 24.07794, 0.0 ], [ 120.5305, 24.07666, 0.0 ], [ 120.5306, 24.07651, 0.0 ], [ 120.5307, 24.0761, 0.0 ], [ 120.5311, 24.0751, 0.0 ], [ 120.5314, 24.07441, 0.0 ], [ 120.5314, 24.07415, 0.0 ], [ 120.5313, 24.07387, 0.0 ], [ 120.5313, 24.07348, 0.0 ], [ 120.5311, 24.07312, 0.0 ], [ 120.531, 24.07282, 0.0 ], [ 120.5308, 24.07266, 0.0 ], [ 120.5301, 24.07206, 0.0 ], [ 120.5295, 24.07155, 0.0 ], [ 120.5288, 24.07094, 0.0 ], [ 120.5285, 24.07068, 0.0 ], [ 120.5279, 24.07014, 0.0 ], [ 120.5278, 24.07003, 0.0 ], [ 120.5265, 24.06888, 0.0 ], [ 120.5262, 24.06864, 0.0 ], [ 120.5261, 24.06854, 0.0 ], [ 120.5262, 24.06844, 0.0 ], [ 120.5268, 24.06779, 0.0 ], [ 120.5272, 24.0674, 0.0 ], [ 120.5275, 24.06706, 0.0 ], [ 120.5279, 24.06669, 0.0 ], [ 120.5281, 24.06647, 0.0 ], [ 120.5286, 24.06609, 0.0 ], [ 120.5291, 24.06565, 0.0 ], [ 120.5293, 24.06554, 0.0 ], [ 120.5295, 24.06544, 0.0 ], [ 120.5297, 24.06537, 0.0 ], [ 120.53, 24.06529, 0.0 ], [ 120.5304, 24.06517, 0.0 ], [ 120.531, 24.06503, 0.0 ], [ 120.5327, 24.06459, 0.0 ], [ 120.5352, 24.06402, 0.0 ], [ 120.5355, 24.06396, 0.0 ], [ 120.5365, 24.06372, 0.0 ], [ 120.5361, 24.06286, 0.0 ], [ 120.5359, 24.06232, 0.0 ], [ 120.5356, 24.06187, 0.0 ], [ 120.5354, 24.06129, 0.0 ], [ 120.5352, 24.06107, 0.0 ], [ 120.5351, 24.06075, 0.0 ], [ 120.535, 24.0605, 0.0 ], [ 120.5349, 24.06017, 0.0 ], [ 120.5346, 24.05928, 0.0 ], [ 120.5345, 24.05878, 0.0 ], [ 120.5342, 24.05789, 0.0 ], [ 120.5341, 24.05764, 0.0 ], [ 120.5339, 24.05704, 0.0 ], [ 120.5339, 24.05677, 0.0 ], [ 120.5337, 24.05623, 0.0 ], [ 120.5337, 24.05597, 0.0 ], [ 120.5337, 24.05539, 0.0 ], [ 120.5337, 24.055, 0.0 ], [ 120.5337, 24.05463, 0.0 ], [ 120.5337, 24.05384, 0.0 ], [ 120.5337, 24.0531, 0.0 ], [ 120.5337, 24.05257, 0.0 ], [ 120.5336, 24.05232, 0.0 ], [ 120.5336, 24.05225, 0.0 ], [ 120.5331, 24.05091, 0.0 ], [ 120.5329, 24.05017, 0.0 ], [ 120.5327, 24.04983, 0.0 ], [ 120.5327, 24.04965, 0.0 ], [ 120.5327, 24.04952, 0.0 ], [ 120.5327, 24.04935, 0.0 ], [ 120.5327, 24.04918, 0.0 ], [ 120.5327, 24.04909, 0.0 ], [ 120.533, 24.04812, 0.0 ], [ 120.5331, 24.04765, 0.0 ], [ 120.5333, 24.0464, 0.0 ], [ 120.5336, 24.04516, 0.0 ], [ 120.5337, 24.04496, 0.0 ], [ 120.5344, 24.04235, 0.0 ], [ 120.5347, 24.04104, 0.0 ], [ 120.5348, 24.04074, 0.0 ], [ 120.535, 24.04001, 0.0 ], [ 120.5351, 24.03909, 0.0 ], [ 120.5353, 24.0383, 0.0 ], [ 120.5356, 24.03679, 0.0 ], [ 120.5356, 24.03672, 0.0 ], [ 120.5356, 24.03651, 0.0 ], [ 120.5357, 24.03621, 0.0 ], [ 120.5359, 24.03582, 0.0 ], [ 120.5359, 24.03573, 0.0 ], [ 120.536, 24.03554, 0.0 ], [ 120.5363, 24.0351, 0.0 ], [ 120.5364, 24.03481, 0.0 ], [ 120.5365, 24.03431, 0.0 ], [ 120.5367, 24.03386, 0.0 ], [ 120.5368, 24.03341, 0.0 ], [ 120.5368, 24.03337, 0.0 ], [ 120.5372, 24.03216, 0.0 ], [ 120.5377, 24.03056, 0.0 ], [ 120.5381, 24.02908, 0.0 ], [ 120.5386, 24.02755, 0.0 ], [ 120.5393, 24.02567, 0.0 ], [ 120.5403, 24.02481, 0.0 ], [ 120.541, 24.02417, 0.0 ], [ 120.5415, 24.02378, 0.0 ], [ 120.5426, 24.02292, 0.0 ], [ 120.5427, 24.02279, 0.0 ], [ 120.5444, 24.02147, 0.0 ], [ 120.5453, 24.02077, 0.0 ], [ 120.5465, 24.0198, 0.0 ], [ 120.5466, 24.01971, 0.0 ], [ 120.5487, 24.01801, 0.0 ], [ 120.5492, 24.01759, 0.0 ], [ 120.5494, 24.01741, 0.0 ], [ 120.5495, 24.01724, 0.0 ], [ 120.5497, 24.01703, 0.0 ], [ 120.5497, 24.01694, 0.0 ], [ 120.5498, 24.01682, 0.0 ], [ 120.5498, 24.0168, 0.0 ], [ 120.5499, 24.01654, 0.0 ], [ 120.5501, 24.01599, 0.0 ], [ 120.551, 24.01347, 0.0 ], [ 120.5511, 24.01318, 0.0 ], [ 120.5515, 24.01226, 0.0 ], [ 120.5519, 24.01158, 0.0 ], [ 120.5523, 24.01083, 0.0 ], [ 120.553, 24.00951, 0.0 ], [ 120.5543, 24.00727, 0.0 ], [ 120.5548, 24.00632, 0.0 ], [ 120.5558, 24.00464, 0.0 ], [ 120.5563, 24.00368, 0.0 ], [ 120.5569, 24.00258, 0.0 ], [ 120.5571, 24.00227, 0.0 ], [ 120.5573, 24.00172, 0.0 ], [ 120.5574, 24.00158, 0.0 ], [ 120.5574, 24.00152, 0.0 ], [ 120.5574, 24.00122, 0.0 ], [ 120.5575, 24.0011, 0.0 ], [ 120.5576, 24.00045, 0.0 ], [ 120.5577, 24.00017, 0.0 ], [ 120.5577, 23.99959, 0.0 ], [ 120.5578, 23.99932, 0.0 ], [ 120.5578, 23.99911, 0.0 ], [ 120.5579, 23.99883, 0.0 ], [ 120.558, 23.9986, 0.0 ], [ 120.5581, 23.99835, 0.0 ], [ 120.5582, 23.9981, 0.0 ], [ 120.559, 23.99682, 0.0 ], [ 120.5607, 23.99427, 0.0 ], [ 120.5616, 23.99282, 0.0 ], [ 120.5627, 23.99118, 0.0 ], [ 120.5631, 23.99054, 0.0 ], [ 120.5639, 23.98932, 0.0 ], [ 120.5641, 23.98892, 0.0 ], [ 120.5645, 23.98838, 0.0 ], [ 120.5652, 23.98722, 0.0 ], [ 120.5662, 23.9856, 0.0 ], [ 120.567, 23.98448, 0.0 ], [ 120.567, 23.98436, 0.0 ], [ 120.5673, 23.98399, 0.0 ], [ 120.5675, 23.98366, 0.0 ], [ 120.5677, 23.98347, 0.0 ], [ 120.5678, 23.98333, 0.0 ], [ 120.5684, 23.9827, 0.0 ], [ 120.5689, 23.98221, 0.0 ], [ 120.5696, 23.98146, 0.0 ], [ 120.5699, 23.98115, 0.0 ], [ 120.57, 23.98105, 0.0 ], [ 120.5701, 23.98096, 0.0 ], [ 120.5702, 23.98079, 0.0 ], [ 120.5704, 23.98056, 0.0 ], [ 120.5712, 23.97879, 0.0 ], [ 120.5713, 23.97856, 0.0 ], [ 120.5714, 23.97841, 0.0 ], [ 120.5715, 23.97814, 0.0 ], [ 120.5716, 23.97793, 0.0 ], [ 120.5716, 23.97773, 0.0 ], [ 120.5716, 23.97761, 0.0 ], [ 120.5716, 23.97734, 0.0 ], [ 120.5716, 23.97719, 0.0 ], [ 120.5716, 23.97683, 0.0 ], [ 120.5715, 23.97541, 0.0 ], [ 120.5715, 23.97451, 0.0 ], [ 120.5715, 23.9741, 0.0 ], [ 120.5715, 23.97382, 0.0 ], [ 120.5715, 23.97314, 0.0 ], [ 120.5715, 23.9728, 0.0 ], [ 120.5714, 23.97248, 0.0 ], [ 120.5714, 23.9724, 0.0 ], [ 120.5714, 23.97229, 0.0 ], [ 120.5713, 23.97211, 0.0 ], [ 120.5711, 23.97192, 0.0 ], [ 120.5708, 23.97172, 0.0 ], [ 120.5705, 23.97154, 0.0 ], [ 120.5702, 23.9713, 0.0 ], [ 120.5682, 23.9698, 0.0 ], [ 120.5679, 23.9696, 0.0 ], [ 120.5677, 23.96934, 0.0 ], [ 120.5675, 23.96905, 0.0 ], [ 120.5673, 23.96876, 0.0 ], [ 120.5671, 23.96844, 0.0 ], [ 120.5668, 23.9675, 0.0 ], [ 120.5667, 23.96734, 0.0 ], [ 120.5667, 23.96697, 0.0 ], [ 120.5666, 23.96654, 0.0 ], [ 120.5666, 23.96578, 0.0 ], [ 120.5666, 23.96568, 0.0 ], [ 120.5665, 23.96512, 0.0 ], [ 120.5665, 23.96502, 0.0 ], [ 120.5665, 23.96439, 0.0 ], [ 120.5666, 23.96333, 0.0 ], [ 120.5666, 23.96225, 0.0 ], [ 120.5666, 23.96137, 0.0 ], [ 120.5666, 23.96121, 0.0 ], [ 120.5666, 23.9597, 0.0 ], [ 120.5666, 23.95869, 0.0 ], [ 120.5667, 23.958, 0.0 ], [ 120.5667, 23.95697, 0.0 ], [ 120.5667, 23.95642, 0.0 ], [ 120.5667, 23.95631, 0.0 ], [ 120.5666, 23.95597, 0.0 ], [ 120.5666, 23.95497, 0.0 ], [ 120.5665, 23.95367, 0.0 ], [ 120.5665, 23.95278, 0.0 ], [ 120.5664, 23.95163, 0.0 ], [ 120.5664, 23.95153, 0.0 ], [ 120.5662, 23.95117, 0.0 ], [ 120.5659, 23.95063, 0.0 ], [ 120.5658, 23.95052, 0.0 ], [ 120.5657, 23.95026, 0.0 ], [ 120.5649, 23.94897, 0.0 ], [ 120.5649, 23.94887, 0.0 ], [ 120.5645, 23.94824, 0.0 ], [ 120.5641, 23.94759, 0.0 ], [ 120.5632, 23.94598, 0.0 ], [ 120.5629, 23.94552, 0.0 ], [ 120.5614, 23.94287, 0.0 ], [ 120.5611, 23.94241, 0.0 ], [ 120.5607, 23.94178, 0.0 ], [ 120.5606, 23.9415, 0.0 ], [ 120.56, 23.94049, 0.0 ], [ 120.5599, 23.94038, 0.0 ], [ 120.559, 23.9387, 0.0 ], [ 120.5587, 23.93834, 0.0 ], [ 120.5585, 23.9381, 0.0 ], [ 120.5582, 23.93781, 0.0 ], [ 120.558, 23.93756, 0.0 ], [ 120.5567, 23.93636, 0.0 ], [ 120.5564, 23.93606, 0.0 ], [ 120.5562, 23.93585, 0.0 ], [ 120.5557, 23.9351, 0.0 ], [ 120.5553, 23.93436, 0.0 ], [ 120.5552, 23.9342, 0.0 ], [ 120.5548, 23.93353, 0.0 ], [ 120.5539, 23.93117, 0.0 ], [ 120.5533, 23.92975, 0.0 ], [ 120.5533, 23.92946, 0.0 ], [ 120.5532, 23.92927, 0.0 ], [ 120.553, 23.92829, 0.0 ], [ 120.5528, 23.9275, 0.0 ], [ 120.5527, 23.92663, 0.0 ], [ 120.5525, 23.92579, 0.0 ], [ 120.5521, 23.92383, 0.0 ], [ 120.552, 23.92355, 0.0 ], [ 120.5519, 23.92287, 0.0 ], [ 120.5518, 23.92271, 0.0 ], [ 120.5518, 23.9226, 0.0 ], [ 120.5517, 23.92245, 0.0 ], [ 120.5516, 23.92233, 0.0 ], [ 120.5515, 23.92223, 0.0 ], [ 120.5513, 23.92212, 0.0 ], [ 120.5512, 23.92202, 0.0 ], [ 120.5507, 23.92175, 0.0 ], [ 120.55, 23.92142, 0.0 ], [ 120.5499, 23.92134, 0.0 ], [ 120.5477, 23.92018, 0.0 ], [ 120.5475, 23.92009, 0.0 ], [ 120.5474, 23.92001, 0.0 ], [ 120.5473, 23.91993, 0.0 ], [ 120.5472, 23.91985, 0.0 ], [ 120.547, 23.91973, 0.0 ], [ 120.5469, 23.91959, 0.0 ], [ 120.5468, 23.91947, 0.0 ], [ 120.5467, 23.91931, 0.0 ], [ 120.5464, 23.91874, 0.0 ], [ 120.5462, 23.91824, 0.0 ], [ 120.5461, 23.91796, 0.0 ], [ 120.546, 23.91777, 0.0 ], [ 120.5457, 23.91701, 0.0 ], [ 120.5453, 23.91629, 0.0 ], [ 120.5442, 23.91395, 0.0 ], [ 120.5439, 23.91331, 0.0 ], [ 120.5436, 23.91256, 0.0 ], [ 120.5431, 23.9116, 0.0 ], [ 120.543, 23.9115, 0.0 ], [ 120.5427, 23.91096, 0.0 ], [ 120.5422, 23.91003, 0.0 ], [ 120.5422, 23.90999, 0.0 ], [ 120.5418, 23.90932, 0.0 ], [ 120.5415, 23.90881, 0.0 ], [ 120.5412, 23.9083, 0.0 ], [ 120.5411, 23.90803, 0.0 ], [ 120.541, 23.90798, 0.0 ], [ 120.5406, 23.90726, 0.0 ], [ 120.5398, 23.90578, 0.0 ], [ 120.5394, 23.90501, 0.0 ], [ 120.5392, 23.90468, 0.0 ], [ 120.5391, 23.90457, 0.0 ], [ 120.539, 23.90442, 0.0 ], [ 120.5389, 23.90429, 0.0 ], [ 120.5387, 23.90413, 0.0 ], [ 120.5386, 23.90398, 0.0 ], [ 120.5383, 23.90365, 0.0 ], [ 120.5382, 23.90352, 0.0 ], [ 120.5381, 23.9033, 0.0 ], [ 120.538, 23.90303, 0.0 ], [ 120.5376, 23.90228, 0.0 ], [ 120.5374, 23.90192, 0.0 ], [ 120.5361, 23.89959, 0.0 ], [ 120.5359, 23.89923, 0.0 ], [ 120.5358, 23.89901, 0.0 ], [ 120.5355, 23.8987, 0.0 ], [ 120.5352, 23.89826, 0.0 ], [ 120.535, 23.89801, 0.0 ], [ 120.5345, 23.89724, 0.0 ], [ 120.5338, 23.89613, 0.0 ], [ 120.5329, 23.89475, 0.0 ], [ 120.5329, 23.89465, 0.0 ], [ 120.5327, 23.8944, 0.0 ], [ 120.5326, 23.89431, 0.0 ], [ 120.5323, 23.8941, 0.0 ], [ 120.53, 23.89242, 0.0 ], [ 120.5294, 23.89195, 0.0 ], [ 120.5274, 23.89051, 0.0 ], [ 120.5269, 23.89022, 0.0 ], [ 120.5259, 23.88949, 0.0 ], [ 120.5258, 23.8894, 0.0 ], [ 120.5257, 23.8893, 0.0 ], [ 120.5257, 23.88921, 0.0 ], [ 120.5255, 23.88905, 0.0 ], [ 120.5255, 23.88898, 0.0 ], [ 120.5254, 23.88888, 0.0 ], [ 120.5253, 23.88866, 0.0 ], [ 120.5253, 23.88856, 0.0 ], [ 120.525, 23.88789, 0.0 ], [ 120.5248, 23.88751, 0.0 ], [ 120.5247, 23.88731, 0.0 ], [ 120.5246, 23.88714, 0.0 ], [ 120.5246, 23.88699, 0.0 ], [ 120.5241, 23.88594, 0.0 ], [ 120.5235, 23.8846, 0.0 ], [ 120.523, 23.88356, 0.0 ], [ 120.5229, 23.88338, 0.0 ], [ 120.5229, 23.8832, 0.0 ], [ 120.5225, 23.88236, 0.0 ], [ 120.522, 23.88114, 0.0 ], [ 120.5213, 23.87966, 0.0 ], [ 120.5206, 23.87805, 0.0 ], [ 120.5204, 23.87764, 0.0 ], [ 120.52, 23.87666, 0.0 ], [ 120.5191, 23.87571, 0.0 ], [ 120.5187, 23.87518, 0.0 ], [ 120.5172, 23.87348, 0.0 ], [ 120.5169, 23.87317, 0.0 ], [ 120.516, 23.87222, 0.0 ], [ 120.5156, 23.87177, 0.0 ], [ 120.5142, 23.87023, 0.0 ], [ 120.5131, 23.86901, 0.0 ], [ 120.5122, 23.86797, 0.0 ], [ 120.5118, 23.86751, 0.0 ], [ 120.5106, 23.86616, 0.0 ], [ 120.51, 23.86547, 0.0 ], [ 120.5084, 23.86373, 0.0 ], [ 120.5063, 23.86136, 0.0 ], [ 120.5049, 23.85975, 0.0 ], [ 120.504, 23.85883, 0.0 ], [ 120.5038, 23.85865, 0.0 ], [ 120.5037, 23.85857, 0.0 ], [ 120.5034, 23.85842, 0.0 ], [ 120.4997, 23.85735, 0.0 ], [ 120.4982, 23.85681, 0.0 ], [ 120.4967, 23.85627, 0.0 ], [ 120.4964, 23.85614, 0.0 ], [ 120.4956, 23.85576, 0.0 ], [ 120.4955, 23.85572, 0.0 ], [ 120.4948, 23.8554, 0.0 ], [ 120.4947, 23.85534, 0.0 ], [ 120.4946, 23.85527, 0.0 ], [ 120.493, 23.85454, 0.0 ], [ 120.4924, 23.85423, 0.0 ], [ 120.4919, 23.854, 0.0 ], [ 120.4918, 23.85394, 0.0 ], [ 120.491, 23.85349, 0.0 ], [ 120.4898, 23.8528, 0.0 ], [ 120.4893, 23.8525, 0.0 ], [ 120.4889, 23.85229, 0.0 ], [ 120.4887, 23.85216, 0.0 ], [ 120.488, 23.85176, 0.0 ], [ 120.4857, 23.8504, 0.0 ], [ 120.4853, 23.85017, 0.0 ], [ 120.4844, 23.84965, 0.0 ], [ 120.4841, 23.84949, 0.0 ], [ 120.4819, 23.84817, 0.0 ], [ 120.4816, 23.848, 0.0 ], [ 120.4813, 23.84775, 0.0 ], [ 120.4811, 23.84745, 0.0 ], [ 120.4799, 23.84616, 0.0 ], [ 120.479, 23.84502, 0.0 ], [ 120.4781, 23.84389, 0.0 ], [ 120.4765, 23.842, 0.0 ], [ 120.4755, 23.84083, 0.0 ], [ 120.4754, 23.84063, 0.0 ], [ 120.4735, 23.83838, 0.0 ], [ 120.4705, 23.83486, 0.0 ], [ 120.4693, 23.83337, 0.0 ], [ 120.4692, 23.83318, 0.0 ], [ 120.4668, 23.83036, 0.0 ], [ 120.4664, 23.82982, 0.0 ], [ 120.4663, 23.82966, 0.0 ], [ 120.4641, 23.82697, 0.0 ], [ 120.4639, 23.82663, 0.0 ], [ 120.4636, 23.82613, 0.0 ], [ 120.4631, 23.82351, 0.0 ], [ 120.4629, 23.82238, 0.0 ], [ 120.4613, 23.81472, 0.0 ], [ 120.4594, 23.80522, 0.0 ], [ 120.4593, 23.80503, 0.0 ], [ 120.4593, 23.80473, 0.0 ], [ 120.4594, 23.80466, 0.0 ], [ 120.4596, 23.80455, 0.0 ], [ 120.4597, 23.80447, 0.0 ], [ 120.4598, 23.80442, 0.0 ], [ 120.46, 23.80436, 0.0 ], [ 120.4612, 23.80421, 0.0 ], [ 120.4616, 23.80416, 0.0 ], [ 120.4617, 23.80413, 0.0 ], [ 120.4619, 23.80407, 0.0 ], [ 120.4625, 23.80389, 0.0 ], [ 120.4628, 23.80373, 0.0 ], [ 120.4632, 23.8035, 0.0 ], [ 120.4642, 23.80298, 0.0 ], [ 120.4645, 23.80279, 0.0 ], [ 120.4646, 23.80256, 0.0 ], [ 120.4647, 23.80209, 0.0 ], [ 120.4649, 23.80106, 0.0 ], [ 120.4652, 23.80021, 0.0 ], [ 120.4655, 23.79962, 0.0 ], [ 120.4657, 23.79917, 0.0 ], [ 120.4659, 23.79891, 0.0 ], [ 120.4665, 23.79773, 0.0 ], [ 120.4671, 23.79645, 0.0 ], [ 120.4676, 23.79546, 0.0 ], [ 120.4678, 23.79513, 0.0 ], [ 120.4682, 23.79449, 0.0 ], [ 120.4684, 23.79402, 0.0 ], [ 120.4687, 23.79353, 0.0 ], [ 120.4688, 23.79328, 0.0 ], [ 120.469, 23.79307, 0.0 ], [ 120.469, 23.7929, 0.0 ], [ 120.4695, 23.79207, 0.0 ], [ 120.47, 23.79113, 0.0 ], [ 120.4702, 23.79071, 0.0 ], [ 120.4705, 23.7902, 0.0 ], [ 120.4706, 23.78999, 0.0 ], [ 120.4712, 23.78897, 0.0 ], [ 120.4714, 23.78855, 0.0 ], [ 120.4715, 23.78832, 0.0 ], [ 120.4722, 23.787, 0.0 ], [ 120.473, 23.78567, 0.0 ], [ 120.474, 23.78379, 0.0 ], [ 120.4742, 23.78338, 0.0 ], [ 120.4744, 23.78297, 0.0 ], [ 120.4746, 23.78263, 0.0 ], [ 120.4747, 23.78254, 0.0 ], [ 120.4749, 23.78223, 0.0 ], [ 120.4762, 23.77983, 0.0 ], [ 120.4762, 23.77974, 0.0 ], [ 120.4763, 23.77963, 0.0 ], [ 120.4766, 23.77899, 0.0 ], [ 120.4771, 23.77817, 0.0 ], [ 120.4787, 23.77525, 0.0 ], [ 120.4796, 23.77374, 0.0 ], [ 120.48, 23.77296, 0.0 ], [ 120.4801, 23.77281, 0.0 ], [ 120.4803, 23.77251, 0.0 ], [ 120.4804, 23.77234, 0.0 ], [ 120.4806, 23.77208, 0.0 ], [ 120.4807, 23.77201, 0.0 ], [ 120.4808, 23.77187, 0.0 ], [ 120.481, 23.77159, 0.0 ], [ 120.4812, 23.7714, 0.0 ], [ 120.4814, 23.77122, 0.0 ], [ 120.4817, 23.77099, 0.0 ], [ 120.4846, 23.76884, 0.0 ], [ 120.4856, 23.76809, 0.0 ], [ 120.4875, 23.76664, 0.0 ], [ 120.4891, 23.76544, 0.0 ], [ 120.4903, 23.76455, 0.0 ], [ 120.4915, 23.76365, 0.0 ], [ 120.4918, 23.76345, 0.0 ], [ 120.4923, 23.76314, 0.0 ], [ 120.4925, 23.76303, 0.0 ], [ 120.4928, 23.76283, 0.0 ], [ 120.4954, 23.7613, 0.0 ], [ 120.4956, 23.76115, 0.0 ], [ 120.4958, 23.76107, 0.0 ], [ 120.4959, 23.76093, 0.0 ], [ 120.496, 23.76074, 0.0 ], [ 120.4962, 23.76047, 0.0 ], [ 120.4963, 23.76026, 0.0 ], [ 120.4964, 23.76013, 0.0 ], [ 120.4964, 23.76005, 0.0 ], [ 120.4964, 23.75993, 0.0 ], [ 120.4965, 23.75966, 0.0 ], [ 120.4965, 23.75945, 0.0 ], [ 120.4965, 23.75924, 0.0 ], [ 120.4966, 23.75912, 0.0 ], [ 120.4966, 23.75866, 0.0 ], [ 120.4966, 23.75769, 0.0 ], [ 120.4967, 23.75613, 0.0 ], [ 120.4967, 23.75539, 0.0 ], [ 120.4967, 23.75484, 0.0 ], [ 120.4967, 23.75393, 0.0 ], [ 120.4968, 23.75277, 0.0 ], [ 120.4968, 23.75249, 0.0 ], [ 120.4968, 23.7516, 0.0 ], [ 120.4968, 23.7508, 0.0 ], [ 120.4968, 23.75052, 0.0 ], [ 120.4968, 23.75027, 0.0 ], [ 120.4968, 23.75002, 0.0 ], [ 120.4967, 23.74976, 0.0 ], [ 120.4964, 23.74918, 0.0 ], [ 120.4962, 23.74857, 0.0 ], [ 120.4953, 23.74571, 0.0 ], [ 120.4951, 23.74497, 0.0 ], [ 120.4946, 23.74324, 0.0 ], [ 120.4942, 23.74225, 0.0 ], [ 120.4929, 23.73866, 0.0 ], [ 120.4919, 23.736, 0.0 ], [ 120.4918, 23.73575, 0.0 ], [ 120.4914, 23.7349, 0.0 ], [ 120.4906, 23.73268, 0.0 ], [ 120.4904, 23.73209, 0.0 ], [ 120.4903, 23.73199, 0.0 ], [ 120.4899, 23.73104, 0.0 ], [ 120.4898, 23.73072, 0.0 ], [ 120.4889, 23.72821, 0.0 ], [ 120.4886, 23.72764, 0.0 ], [ 120.488, 23.72597, 0.0 ], [ 120.4874, 23.72444, 0.0 ], [ 120.4872, 23.72402, 0.0 ], [ 120.4871, 23.72382, 0.0 ], [ 120.487, 23.72355, 0.0 ], [ 120.487, 23.72333, 0.0 ], [ 120.4869, 23.72306, 0.0 ], [ 120.4868, 23.72283, 0.0 ], [ 120.4867, 23.72252, 0.0 ], [ 120.4865, 23.72211, 0.0 ], [ 120.4865, 23.72187, 0.0 ], [ 120.486, 23.72008, 0.0 ], [ 120.4854, 23.7173, 0.0 ], [ 120.4852, 23.71678, 0.0 ], [ 120.485, 23.71599, 0.0 ], [ 120.4846, 23.71431, 0.0 ], [ 120.4843, 23.71307, 0.0 ], [ 120.4841, 23.71249, 0.0 ], [ 120.4838, 23.71141, 0.0 ], [ 120.4837, 23.71098, 0.0 ], [ 120.4837, 23.71071, 0.0 ], [ 120.4836, 23.71054, 0.0 ], [ 120.4836, 23.71035, 0.0 ], [ 120.4836, 23.71017, 0.0 ], [ 120.4836, 23.7099, 0.0 ], [ 120.4838, 23.70765, 0.0 ], [ 120.4838, 23.7072, 0.0 ], [ 120.484, 23.70598, 0.0 ], [ 120.484, 23.70564, 0.0 ], [ 120.484, 23.70553, 0.0 ], [ 120.4841, 23.70452, 0.0 ], [ 120.4842, 23.70383, 0.0 ], [ 120.4843, 23.70227, 0.0 ], [ 120.4844, 23.70199, 0.0 ], [ 120.4844, 23.70191, 0.0 ], [ 120.4844, 23.70181, 0.0 ], [ 120.4844, 23.70169, 0.0 ], [ 120.4844, 23.70138, 0.0 ], [ 120.4844, 23.70118, 0.0 ], [ 120.4843, 23.70094, 0.0 ], [ 120.4842, 23.70082, 0.0 ], [ 120.4825, 23.6986, 0.0 ], [ 120.4821, 23.69802, 0.0 ], [ 120.4817, 23.69749, 0.0 ], [ 120.4803, 23.69568, 0.0 ], [ 120.48, 23.69526, 0.0 ], [ 120.4799, 23.69515, 0.0 ], [ 120.4799, 23.69503, 0.0 ], [ 120.4798, 23.69491, 0.0 ], [ 120.4798, 23.69479, 0.0 ], [ 120.4798, 23.69463, 0.0 ], [ 120.4798, 23.69451, 0.0 ], [ 120.4798, 23.6943, 0.0 ], [ 120.4798, 23.69362, 0.0 ], [ 120.4799, 23.69279, 0.0 ], [ 120.4799, 23.6922, 0.0 ], [ 120.48, 23.69077, 0.0 ], [ 120.4802, 23.68928, 0.0 ], [ 120.4803, 23.68697, 0.0 ], [ 120.4803, 23.68682, 0.0 ], [ 120.4803, 23.68666, 0.0 ], [ 120.4804, 23.6865, 0.0 ], [ 120.4805, 23.68609, 0.0 ], [ 120.4805, 23.68591, 0.0 ], [ 120.4806, 23.68581, 0.0 ], [ 120.4807, 23.68538, 0.0 ], [ 120.481, 23.68445, 0.0 ], [ 120.4812, 23.68392, 0.0 ], [ 120.4812, 23.68382, 0.0 ], [ 120.4813, 23.68359, 0.0 ], [ 120.4813, 23.68341, 0.0 ], [ 120.4814, 23.68325, 0.0 ], [ 120.4813, 23.68305, 0.0 ], [ 120.4812, 23.68245, 0.0 ], [ 120.4811, 23.68171, 0.0 ], [ 120.481, 23.68117, 0.0 ], [ 120.4809, 23.6806, 0.0 ], [ 120.4808, 23.68003, 0.0 ], [ 120.4807, 23.67937, 0.0 ], [ 120.4806, 23.67918, 0.0 ], [ 120.4806, 23.67908, 0.0 ], [ 120.4806, 23.67904, 0.0 ], [ 120.4805, 23.67896, 0.0 ], [ 120.4805, 23.67891, 0.0 ], [ 120.4804, 23.67884, 0.0 ], [ 120.4803, 23.67875, 0.0 ], [ 120.4802, 23.67866, 0.0 ], [ 120.48, 23.67856, 0.0 ], [ 120.4799, 23.67852, 0.0 ], [ 120.4792, 23.67841, 0.0 ], [ 120.4778, 23.67815, 0.0 ], [ 120.477, 23.67799, 0.0 ], [ 120.4769, 23.67796, 0.0 ], [ 120.4768, 23.67793, 0.0 ], [ 120.4766, 23.67783, 0.0 ], [ 120.4765, 23.67775, 0.0 ], [ 120.4764, 23.67766, 0.0 ], [ 120.4763, 23.67756, 0.0 ], [ 120.4763, 23.67746, 0.0 ], [ 120.4762, 23.67738, 0.0 ], [ 120.4762, 23.67727, 0.0 ], [ 120.4762, 23.67714, 0.0 ], [ 120.4761, 23.67706, 0.0 ], [ 120.4761, 23.67692, 0.0 ], [ 120.4761, 23.67676, 0.0 ], [ 120.4762, 23.67616, 0.0 ], [ 120.4762, 23.67517, 0.0 ], [ 120.4762, 23.67489, 0.0 ], [ 120.4762, 23.67462, 0.0 ], [ 120.4763, 23.6739, 0.0 ], [ 120.4762, 23.67353, 0.0 ], [ 120.4762, 23.67308, 0.0 ], [ 120.4761, 23.6724, 0.0 ], [ 120.4759, 23.671, 0.0 ], [ 120.4758, 23.67012, 0.0 ], [ 120.4758, 23.66995, 0.0 ], [ 120.4757, 23.66938, 0.0 ], [ 120.4756, 23.66902, 0.0 ], [ 120.4756, 23.66885, 0.0 ], [ 120.4755, 23.66824, 0.0 ], [ 120.4753, 23.6674, 0.0 ], [ 120.4751, 23.66635, 0.0 ], [ 120.4751, 23.66627, 0.0 ], [ 120.4747, 23.66453, 0.0 ], [ 120.4741, 23.66166, 0.0 ], [ 120.4739, 23.66072, 0.0 ], [ 120.4737, 23.6597, 0.0 ], [ 120.4736, 23.65926, 0.0 ], [ 120.4735, 23.65879, 0.0 ], [ 120.4734, 23.65842, 0.0 ], [ 120.4731, 23.65692, 0.0 ], [ 120.4728, 23.65553, 0.0 ], [ 120.4725, 23.65425, 0.0 ], [ 120.4723, 23.65327, 0.0 ], [ 120.4721, 23.65194, 0.0 ], [ 120.4718, 23.65051, 0.0 ], [ 120.4715, 23.64907, 0.0 ], [ 120.4713, 23.64817, 0.0 ], [ 120.4712, 23.64794, 0.0 ], [ 120.4707, 23.64555, 0.0 ], [ 120.4702, 23.64301, 0.0 ], [ 120.4688, 23.63664, 0.0 ], [ 120.4683, 23.6341, 0.0 ], [ 120.4681, 23.63339, 0.0 ], [ 120.4681, 23.63318, 0.0 ], [ 120.468, 23.63285, 0.0 ], [ 120.468, 23.63271, 0.0 ], [ 120.4681, 23.63221, 0.0 ], [ 120.4684, 23.63028, 0.0 ], [ 120.4685, 23.62935, 0.0 ], [ 120.4685, 23.62921, 0.0 ], [ 120.4686, 23.62899, 0.0 ], [ 120.4686, 23.62878, 0.0 ], [ 120.4685, 23.62852, 0.0 ], [ 120.4682, 23.62599, 0.0 ], [ 120.4682, 23.62584, 0.0 ], [ 120.4678, 23.62318, 0.0 ], [ 120.4677, 23.62283, 0.0 ], [ 120.4676, 23.62259, 0.0 ], [ 120.4675, 23.6223, 0.0 ], [ 120.4674, 23.62204, 0.0 ], [ 120.467, 23.62119, 0.0 ], [ 120.4668, 23.62068, 0.0 ], [ 120.4652, 23.61757, 0.0 ], [ 120.4638, 23.61479, 0.0 ], [ 120.4635, 23.61408, 0.0 ], [ 120.4626, 23.61226, 0.0 ], [ 120.4624, 23.61199, 0.0 ], [ 120.4615, 23.61012, 0.0 ], [ 120.4614, 23.60992, 0.0 ], [ 120.4612, 23.60968, 0.0 ], [ 120.4591, 23.60733, 0.0 ], [ 120.459, 23.60717, 0.0 ], [ 120.4588, 23.60703, 0.0 ], [ 120.4586, 23.60692, 0.0 ], [ 120.4583, 23.60684, 0.0 ], [ 120.4581, 23.60679, 0.0 ], [ 120.4559, 23.60639, 0.0 ], [ 120.4553, 23.60629, 0.0 ], [ 120.4532, 23.60597, 0.0 ], [ 120.4527, 23.6059, 0.0 ], [ 120.4513, 23.60569, 0.0 ], [ 120.45, 23.60551, 0.0 ], [ 120.4495, 23.60539, 0.0 ], [ 120.4492, 23.60525, 0.0 ], [ 120.449, 23.60517, 0.0 ], [ 120.4488, 23.60509, 0.0 ], [ 120.4486, 23.60499, 0.0 ], [ 120.4484, 23.6049, 0.0 ], [ 120.4483, 23.6048, 0.0 ], [ 120.4481, 23.60469, 0.0 ], [ 120.448, 23.60458, 0.0 ], [ 120.4478, 23.60445, 0.0 ], [ 120.4474, 23.60405, 0.0 ], [ 120.4473, 23.60398, 0.0 ], [ 120.4471, 23.60378, 0.0 ], [ 120.4466, 23.6032, 0.0 ], [ 120.4463, 23.60281, 0.0 ], [ 120.446, 23.60239, 0.0 ], [ 120.4459, 23.60208, 0.0 ], [ 120.4458, 23.60182, 0.0 ], [ 120.4457, 23.6015, 0.0 ], [ 120.4456, 23.60113, 0.0 ], [ 120.4455, 23.60086, 0.0 ], [ 120.4455, 23.60065, 0.0 ], [ 120.4454, 23.59986, 0.0 ], [ 120.4451, 23.59585, 0.0 ], [ 120.445, 23.595, 0.0 ], [ 120.445, 23.59479, 0.0 ], [ 120.4449, 23.59373, 0.0 ], [ 120.4449, 23.59336, 0.0 ], [ 120.4448, 23.59302, 0.0 ], [ 120.4447, 23.59265, 0.0 ], [ 120.4447, 23.5924, 0.0 ], [ 120.4444, 23.59159, 0.0 ], [ 120.4441, 23.59083, 0.0 ], [ 120.4438, 23.59011, 0.0 ], [ 120.4433, 23.58905, 0.0 ], [ 120.4432, 23.58881, 0.0 ], [ 120.4431, 23.58855, 0.0 ], [ 120.4426, 23.58638, 0.0 ], [ 120.4425, 23.58615, 0.0 ], [ 120.4424, 23.58597, 0.0 ], [ 120.4419, 23.58488, 0.0 ], [ 120.4417, 23.58449, 0.0 ], [ 120.4408, 23.58211, 0.0 ], [ 120.4406, 23.5817, 0.0 ], [ 120.44, 23.58004, 0.0 ], [ 120.4394, 23.57839, 0.0 ], [ 120.4385, 23.57607, 0.0 ], [ 120.438, 23.5749, 0.0 ], [ 120.4371, 23.5726, 0.0 ], [ 120.4356, 23.56864, 0.0 ], [ 120.4352, 23.56742, 0.0 ], [ 120.435, 23.56671, 0.0 ], [ 120.4347, 23.5659, 0.0 ], [ 120.4347, 23.56568, 0.0 ], [ 120.4347, 23.56542, 0.0 ], [ 120.4347, 23.56473, 0.0 ], [ 120.4346, 23.56362, 0.0 ], [ 120.4346, 23.56349, 0.0 ], [ 120.4346, 23.56255, 0.0 ], [ 120.4345, 23.56198, 0.0 ], [ 120.4345, 23.56182, 0.0 ], [ 120.4344, 23.56164, 0.0 ], [ 120.4341, 23.56009, 0.0 ], [ 120.4338, 23.55871, 0.0 ], [ 120.4335, 23.55728, 0.0 ], [ 120.4335, 23.55693, 0.0 ], [ 120.4335, 23.55678, 0.0 ], [ 120.4335, 23.55653, 0.0 ], [ 120.4338, 23.55539, 0.0 ], [ 120.4339, 23.55478, 0.0 ], [ 120.4339, 23.5546, 0.0 ], [ 120.4339, 23.55428, 0.0 ], [ 120.4339, 23.55393, 0.0 ], [ 120.4338, 23.55253, 0.0 ], [ 120.4337, 23.55099, 0.0 ], [ 120.4336, 23.55033, 0.0 ], [ 120.4335, 23.54923, 0.0 ], [ 120.4333, 23.54691, 0.0 ], [ 120.4332, 23.54579, 0.0 ], [ 120.4332, 23.54544, 0.0 ], [ 120.4332, 23.54527, 0.0 ], [ 120.4331, 23.54426, 0.0 ], [ 120.4331, 23.54369, 0.0 ], [ 120.4331, 23.54329, 0.0 ], [ 120.4332, 23.54288, 0.0 ], [ 120.4333, 23.54248, 0.0 ], [ 120.4334, 23.542, 0.0 ], [ 120.4341, 23.54068, 0.0 ], [ 120.4346, 23.54, 0.0 ], [ 120.435, 23.53914, 0.0 ], [ 120.4357, 23.53796, 0.0 ], [ 120.4357, 23.53784, 0.0 ], [ 120.436, 23.53729, 0.0 ], [ 120.4361, 23.53719, 0.0 ], [ 120.4363, 23.53643, 0.0 ], [ 120.4364, 23.53638, 0.0 ], [ 120.4365, 23.5356, 0.0 ], [ 120.4365, 23.53529, 0.0 ], [ 120.4367, 23.53439, 0.0 ], [ 120.4367, 23.53406, 0.0 ], [ 120.4368, 23.53371, 0.0 ], [ 120.4369, 23.53273, 0.0 ], [ 120.4371, 23.53128, 0.0 ], [ 120.4374, 23.53056, 0.0 ], [ 120.4375, 23.53042, 0.0 ], [ 120.4378, 23.52983, 0.0 ], [ 120.438, 23.52941, 0.0 ], [ 120.438, 23.52937, 0.0 ], [ 120.4383, 23.5286, 0.0 ], [ 120.4384, 23.52834, 0.0 ], [ 120.4389, 23.52624, 0.0 ], [ 120.439, 23.52585, 0.0 ], [ 120.439, 23.52572, 0.0 ], [ 120.4391, 23.52533, 0.0 ], [ 120.4392, 23.52473, 0.0 ], [ 120.4392, 23.52462, 0.0 ], [ 120.4393, 23.52403, 0.0 ], [ 120.4394, 23.52368, 0.0 ], [ 120.4395, 23.52344, 0.0 ], [ 120.4397, 23.52233, 0.0 ], [ 120.4401, 23.52078, 0.0 ], [ 120.4402, 23.52025, 0.0 ], [ 120.4403, 23.52003, 0.0 ], [ 120.4406, 23.51878, 0.0 ], [ 120.4407, 23.51834, 0.0 ], [ 120.4407, 23.51822, 0.0 ], [ 120.4407, 23.51813, 0.0 ], [ 120.4408, 23.51784, 0.0 ], [ 120.441, 23.51736, 0.0 ], [ 120.4412, 23.5169, 0.0 ], [ 120.4417, 23.51603, 0.0 ], [ 120.442, 23.51566, 0.0 ], [ 120.445, 23.51081, 0.0 ], [ 120.4456, 23.5098, 0.0 ], [ 120.446, 23.50923, 0.0 ], [ 120.4463, 23.5086, 0.0 ], [ 120.4468, 23.50743, 0.0 ], [ 120.4468, 23.50727, 0.0 ], [ 120.4469, 23.50713, 0.0 ], [ 120.447, 23.50639, 0.0 ], [ 120.4472, 23.50592, 0.0 ], [ 120.4472, 23.5055, 0.0 ], [ 120.4473, 23.50509, 0.0 ], [ 120.4475, 23.50448, 0.0 ], [ 120.4478, 23.50344, 0.0 ], [ 120.4479, 23.5033, 0.0 ], [ 120.4489, 23.50171, 0.0 ], [ 120.4498, 23.50012, 0.0 ], [ 120.4499, 23.49996, 0.0 ], [ 120.45, 23.49981, 0.0 ], [ 120.4507, 23.49849, 0.0 ], [ 120.4508, 23.49832, 0.0 ], [ 120.4508, 23.49823, 0.0 ], [ 120.4509, 23.49813, 0.0 ], [ 120.4513, 23.49683, 0.0 ], [ 120.4516, 23.49629, 0.0 ], [ 120.4516, 23.49623, 0.0 ], [ 120.4516, 23.49593, 0.0 ], [ 120.4516, 23.49582, 0.0 ], [ 120.4517, 23.49558, 0.0 ], [ 120.4518, 23.49462, 0.0 ], [ 120.452, 23.49363, 0.0 ], [ 120.452, 23.49356, 0.0 ], [ 120.4522, 23.49227, 0.0 ], [ 120.4522, 23.49203, 0.0 ], [ 120.4523, 23.49184, 0.0 ], [ 120.4524, 23.49073, 0.0 ], [ 120.4524, 23.4907, 0.0 ], [ 120.4525, 23.49056, 0.0 ], [ 120.4526, 23.49041, 0.0 ], [ 120.4528, 23.49015, 0.0 ], [ 120.4525, 23.49012, 0.0 ], [ 120.4515, 23.49, 0.0 ], [ 120.45, 23.48984, 0.0 ], [ 120.4496, 23.4898, 0.0 ], [ 120.448, 23.48963, 0.0 ], [ 120.4469, 23.48951, 0.0 ], [ 120.4464, 23.48946, 0.0 ], [ 120.4461, 23.48944, 0.0 ], [ 120.446, 23.48923, 0.0 ], [ 120.4458, 23.48911, 0.0 ], [ 120.4453, 23.4885, 0.0 ], [ 120.4445, 23.48753, 0.0 ], [ 120.4444, 23.48747, 0.0 ], [ 120.4441, 23.48706, 0.0 ], [ 120.4437, 23.48665, 0.0 ], [ 120.4433, 23.48613, 0.0 ], [ 120.4429, 23.48568, 0.0 ], [ 120.4428, 23.48551, 0.0 ], [ 120.4426, 23.48526, 0.0 ], [ 120.4426, 23.48523, 0.0 ], [ 120.4425, 23.48522, 0.0 ], [ 120.4422, 23.4848, 0.0 ], [ 120.442, 23.4846, 0.0 ], [ 120.4418, 23.48438, 0.0 ], [ 120.4418, 23.48432, 0.0 ], [ 120.4416, 23.48407, 0.0 ], [ 120.4413, 23.48372, 0.0 ], [ 120.4412, 23.48362, 0.0 ], [ 120.4407, 23.48294, 0.0 ], [ 120.4404, 23.48265, 0.0 ], [ 120.4402, 23.48235, 0.0 ], [ 120.44, 23.48216, 0.0 ], [ 120.4398, 23.48184, 0.0 ], [ 120.4389, 23.48079, 0.0 ], [ 120.4388, 23.48072, 0.0 ], [ 120.4378, 23.47946, 0.0 ], [ 120.4375, 23.47913, 0.0 ], [ 120.4372, 23.47873, 0.0 ], [ 120.4365, 23.47791, 0.0 ], [ 120.4356, 23.47687, 0.0 ], [ 120.4352, 23.47643, 0.0 ], [ 120.4346, 23.47574, 0.0 ], [ 120.4345, 23.47568, 0.0 ], [ 120.4344, 23.47558, 0.0 ], [ 120.4343, 23.47542, 0.0 ], [ 120.4342, 23.47534, 0.0 ], [ 120.4341, 23.47526, 0.0 ], [ 120.4341, 23.47519, 0.0 ], [ 120.4337, 23.47483, 0.0 ], [ 120.4335, 23.47463, 0.0 ], [ 120.4326, 23.47354, 0.0 ], [ 120.4318, 23.47268, 0.0 ], [ 120.4305, 23.47116, 0.0 ], [ 120.4301, 23.47063, 0.0 ], [ 120.4286, 23.46893, 0.0 ], [ 120.4284, 23.46868, 0.0 ], [ 120.4266, 23.4666, 0.0 ], [ 120.4265, 23.46649, 0.0 ], [ 120.4264, 23.46632, 0.0 ], [ 120.4263, 23.46624, 0.0 ], [ 120.4262, 23.46618, 0.0 ], [ 120.4262, 23.46613, 0.0 ], [ 120.426, 23.46598, 0.0 ], [ 120.4258, 23.46614, 0.0 ], [ 120.4257, 23.46607, 0.0 ], [ 120.4254, 23.46561, 0.0 ], [ 120.4246, 23.46471, 0.0 ], [ 120.4246, 23.4647, 0.0 ], [ 120.4245, 23.46459, 0.0 ], [ 120.423, 23.46279, 0.0 ], [ 120.4228, 23.46263, 0.0 ], [ 120.4225, 23.4623, 0.0 ], [ 120.422, 23.46169, 0.0 ], [ 120.4216, 23.46116, 0.0 ], [ 120.4215, 23.46106, 0.0 ], [ 120.4214, 23.461, 0.0 ], [ 120.4202, 23.45952, 0.0 ], [ 120.4184, 23.45752, 0.0 ], [ 120.4177, 23.45669, 0.0 ], [ 120.4158, 23.4544, 0.0 ], [ 120.4152, 23.45379, 0.0 ], [ 120.4152, 23.4537, 0.0 ], [ 120.4152, 23.45363, 0.0 ], [ 120.4153, 23.45342, 0.0 ], [ 120.4142, 23.45218, 0.0 ], [ 120.4141, 23.45208, 0.0 ], [ 120.4136, 23.45155, 0.0 ], [ 120.4118, 23.44935, 0.0 ], [ 120.408, 23.44496, 0.0 ], [ 120.4067, 23.44349, 0.0 ], [ 120.4034, 23.43975, 0.0 ], [ 120.4033, 23.43954, 0.0 ], [ 120.4025, 23.43863, 0.0 ], [ 120.4021, 23.43809, 0.0 ], [ 120.4021, 23.43807, 0.0 ], [ 120.4006, 23.43636, 0.0 ], [ 120.3998, 23.43531, 0.0 ], [ 120.3997, 23.43523, 0.0 ], [ 120.3986, 23.43394, 0.0 ], [ 120.3982, 23.43338, 0.0 ], [ 120.3979, 23.43303, 0.0 ], [ 120.3968, 23.43139, 0.0 ], [ 120.3961, 23.43029, 0.0 ], [ 120.3956, 23.42973, 0.0 ], [ 120.3955, 23.42956, 0.0 ], [ 120.3954, 23.42941, 0.0 ], [ 120.3953, 23.42935, 0.0 ], [ 120.3952, 23.42921, 0.0 ], [ 120.3951, 23.42912, 0.0 ], [ 120.3938, 23.42687, 0.0 ], [ 120.3937, 23.42669, 0.0 ], [ 120.3918, 23.42347, 0.0 ], [ 120.3912, 23.42246, 0.0 ], [ 120.3911, 23.42226, 0.0 ], [ 120.3907, 23.42167, 0.0 ], [ 120.3905, 23.42135, 0.0 ], [ 120.3902, 23.42075, 0.0 ], [ 120.3899, 23.42029, 0.0 ], [ 120.389, 23.41885, 0.0 ], [ 120.3888, 23.41842, 0.0 ], [ 120.3885, 23.41802, 0.0 ], [ 120.3883, 23.4177, 0.0 ], [ 120.3878, 23.41682, 0.0 ], [ 120.3876, 23.41648, 0.0 ], [ 120.3875, 23.41628, 0.0 ], [ 120.3872, 23.41581, 0.0 ], [ 120.3867, 23.41484, 0.0 ], [ 120.3865, 23.41444, 0.0 ], [ 120.386, 23.41365, 0.0 ], [ 120.3856, 23.41295, 0.0 ], [ 120.3843, 23.41081, 0.0 ], [ 120.3841, 23.41029, 0.0 ], [ 120.384, 23.41014, 0.0 ], [ 120.3839, 23.40988, 0.0 ], [ 120.3838, 23.40938, 0.0 ], [ 120.3836, 23.40889, 0.0 ], [ 120.3836, 23.4086, 0.0 ], [ 120.3835, 23.40841, 0.0 ], [ 120.3827, 23.40579, 0.0 ], [ 120.3824, 23.40487, 0.0 ], [ 120.3821, 23.40374, 0.0 ], [ 120.3818, 23.40264, 0.0 ], [ 120.3818, 23.40253, 0.0 ], [ 120.3815, 23.40204, 0.0 ], [ 120.3804, 23.40009, 0.0 ], [ 120.3793, 23.39821, 0.0 ], [ 120.3793, 23.39805, 0.0 ], [ 120.3792, 23.39784, 0.0 ], [ 120.3792, 23.39767, 0.0 ], [ 120.3792, 23.39746, 0.0 ], [ 120.3791, 23.39721, 0.0 ], [ 120.3791, 23.39701, 0.0 ], [ 120.3792, 23.39678, 0.0 ], [ 120.3793, 23.39625, 0.0 ], [ 120.3794, 23.39564, 0.0 ], [ 120.3794, 23.3954, 0.0 ], [ 120.3794, 23.39521, 0.0 ], [ 120.3794, 23.39491, 0.0 ], [ 120.3794, 23.3947, 0.0 ], [ 120.3793, 23.39446, 0.0 ], [ 120.3793, 23.39427, 0.0 ], [ 120.3791, 23.394, 0.0 ], [ 120.379, 23.39382, 0.0 ], [ 120.3785, 23.39301, 0.0 ], [ 120.3777, 23.3919, 0.0 ], [ 120.3772, 23.39119, 0.0 ], [ 120.3769, 23.39088, 0.0 ], [ 120.3765, 23.39022, 0.0 ], [ 120.3754, 23.38872, 0.0 ], [ 120.3753, 23.38859, 0.0 ], [ 120.3751, 23.38827, 0.0 ], [ 120.3744, 23.38732, 0.0 ], [ 120.374, 23.38681, 0.0 ], [ 120.3725, 23.38472, 0.0 ], [ 120.3721, 23.38416, 0.0 ], [ 120.3715, 23.38338, 0.0 ], [ 120.3708, 23.38236, 0.0 ], [ 120.3702, 23.3815, 0.0 ], [ 120.3698, 23.38097, 0.0 ], [ 120.3686, 23.37935, 0.0 ], [ 120.3671, 23.3772, 0.0 ], [ 120.3657, 23.37524, 0.0 ], [ 120.3647, 23.37386, 0.0 ], [ 120.3643, 23.37335, 0.0 ], [ 120.3638, 23.37267, 0.0 ], [ 120.3638, 23.37256, 0.0 ], [ 120.3637, 23.37245, 0.0 ], [ 120.3637, 23.37234, 0.0 ], [ 120.3636, 23.37222, 0.0 ], [ 120.3636, 23.37211, 0.0 ], [ 120.3636, 23.37198, 0.0 ], [ 120.3636, 23.37086, 0.0 ], [ 120.3636, 23.37076, 0.0 ], [ 120.3636, 23.37062, 0.0 ], [ 120.3635, 23.37044, 0.0 ], [ 120.3634, 23.37028, 0.0 ], [ 120.3633, 23.37011, 0.0 ], [ 120.363, 23.36967, 0.0 ], [ 120.3629, 23.36964, 0.0 ], [ 120.3624, 23.36904, 0.0 ], [ 120.3623, 23.36883, 0.0 ], [ 120.3621, 23.36868, 0.0 ], [ 120.3621, 23.36854, 0.0 ], [ 120.362, 23.36842, 0.0 ], [ 120.362, 23.36831, 0.0 ], [ 120.3616, 23.36734, 0.0 ], [ 120.3613, 23.36648, 0.0 ], [ 120.3612, 23.36624, 0.0 ], [ 120.3612, 23.36613, 0.0 ], [ 120.3612, 23.36603, 0.0 ], [ 120.3611, 23.36588, 0.0 ], [ 120.3608, 23.36508, 0.0 ], [ 120.3606, 23.36455, 0.0 ], [ 120.3605, 23.36402, 0.0 ], [ 120.3603, 23.36355, 0.0 ], [ 120.3603, 23.36348, 0.0 ], [ 120.3601, 23.36306, 0.0 ], [ 120.36, 23.36253, 0.0 ], [ 120.3598, 23.36215, 0.0 ], [ 120.3597, 23.3616, 0.0 ], [ 120.3596, 23.36142, 0.0 ], [ 120.3592, 23.36006, 0.0 ], [ 120.3591, 23.35963, 0.0 ], [ 120.3589, 23.35906, 0.0 ], [ 120.3589, 23.35889, 0.0 ], [ 120.3585, 23.35773, 0.0 ], [ 120.3585, 23.35757, 0.0 ], [ 120.3583, 23.35715, 0.0 ], [ 120.3583, 23.35687, 0.0 ], [ 120.3582, 23.3567, 0.0 ], [ 120.3581, 23.35621, 0.0 ], [ 120.3576, 23.35463, 0.0 ], [ 120.3575, 23.35433, 0.0 ], [ 120.3573, 23.35389, 0.0 ], [ 120.357, 23.35278, 0.0 ], [ 120.3567, 23.35192, 0.0 ], [ 120.3564, 23.35069, 0.0 ], [ 120.3562, 23.35028, 0.0 ], [ 120.3561, 23.34996, 0.0 ], [ 120.3558, 23.34889, 0.0 ], [ 120.3556, 23.34835, 0.0 ], [ 120.3555, 23.34804, 0.0 ], [ 120.3548, 23.34609, 0.0 ], [ 120.3545, 23.34522, 0.0 ], [ 120.3541, 23.34414, 0.0 ], [ 120.354, 23.34368, 0.0 ], [ 120.3539, 23.34327, 0.0 ], [ 120.3535, 23.34221, 0.0 ], [ 120.3535, 23.34216, 0.0 ], [ 120.3532, 23.34145, 0.0 ], [ 120.3528, 23.34027, 0.0 ], [ 120.3525, 23.33919, 0.0 ], [ 120.3523, 23.33878, 0.0 ], [ 120.3521, 23.33821, 0.0 ], [ 120.3521, 23.33795, 0.0 ], [ 120.352, 23.33788, 0.0 ], [ 120.3519, 23.33759, 0.0 ], [ 120.3518, 23.33732, 0.0 ], [ 120.3516, 23.33706, 0.0 ], [ 120.3514, 23.33674, 0.0 ], [ 120.3512, 23.33652, 0.0 ], [ 120.3504, 23.33566, 0.0 ], [ 120.3499, 23.33503, 0.0 ], [ 120.3487, 23.33364, 0.0 ], [ 120.3486, 23.33355, 0.0 ], [ 120.3484, 23.33332, 0.0 ], [ 120.3475, 23.33245, 0.0 ], [ 120.3468, 23.33172, 0.0 ], [ 120.3462, 23.33105, 0.0 ], [ 120.3458, 23.33064, 0.0 ], [ 120.3452, 23.33007, 0.0 ], [ 120.3449, 23.32973, 0.0 ], [ 120.3445, 23.32935, 0.0 ], [ 120.3439, 23.3287, 0.0 ], [ 120.3436, 23.32847, 0.0 ], [ 120.3431, 23.32788, 0.0 ], [ 120.342, 23.32685, 0.0 ], [ 120.3405, 23.32527, 0.0 ], [ 120.3399, 23.32468, 0.0 ], [ 120.3394, 23.32415, 0.0 ], [ 120.3387, 23.32342, 0.0 ], [ 120.3382, 23.32297, 0.0 ], [ 120.3378, 23.32251, 0.0 ], [ 120.3378, 23.32249, 0.0 ], [ 120.3371, 23.32183, 0.0 ], [ 120.3366, 23.32129, 0.0 ], [ 120.3365, 23.32117, 0.0 ], [ 120.3354, 23.32011, 0.0 ], [ 120.3345, 23.31921, 0.0 ], [ 120.3339, 23.31857, 0.0 ], [ 120.3334, 23.31806, 0.0 ], [ 120.333, 23.31769, 0.0 ], [ 120.3322, 23.31682, 0.0 ], [ 120.3311, 23.31574, 0.0 ], [ 120.3303, 23.31485, 0.0 ], [ 120.33, 23.31464, 0.0 ], [ 120.3298, 23.31442, 0.0 ], [ 120.3294, 23.314, 0.0 ], [ 120.3292, 23.31381, 0.0 ], [ 120.3286, 23.31316, 0.0 ], [ 120.3283, 23.31282, 0.0 ], [ 120.3282, 23.31271, 0.0 ], [ 120.3281, 23.31263, 0.0 ], [ 120.3276, 23.31186, 0.0 ], [ 120.3273, 23.31132, 0.0 ], [ 120.3267, 23.31045, 0.0 ], [ 120.3266, 23.31026, 0.0 ], [ 120.3259, 23.30912, 0.0 ], [ 120.3256, 23.30866, 0.0 ], [ 120.3249, 23.3075, 0.0 ], [ 120.3232, 23.30485, 0.0 ], [ 120.3221, 23.30311, 0.0 ], [ 120.3221, 23.30305, 0.0 ], [ 120.3221, 23.30294, 0.0 ], [ 120.322, 23.30283, 0.0 ], [ 120.322, 23.30276, 0.0 ], [ 120.322, 23.30265, 0.0 ], [ 120.322, 23.30259, 0.0 ], [ 120.3219, 23.30249, 0.0 ], [ 120.3219, 23.30226, 0.0 ], [ 120.3219, 23.30216, 0.0 ], [ 120.322, 23.30201, 0.0 ], [ 120.322, 23.3019, 0.0 ], [ 120.322, 23.3018, 0.0 ], [ 120.322, 23.3017, 0.0 ], [ 120.322, 23.3016, 0.0 ], [ 120.3221, 23.30149, 0.0 ], [ 120.3221, 23.30133, 0.0 ], [ 120.3222, 23.30111, 0.0 ], [ 120.3227, 23.29963, 0.0 ], [ 120.3232, 23.29842, 0.0 ], [ 120.3232, 23.29835, 0.0 ], [ 120.324, 23.29591, 0.0 ], [ 120.3242, 23.29547, 0.0 ], [ 120.3242, 23.29544, 0.0 ], [ 120.3245, 23.29457, 0.0 ], [ 120.3247, 23.29401, 0.0 ], [ 120.3256, 23.29122, 0.0 ], [ 120.3257, 23.29095, 0.0 ], [ 120.3259, 23.29056, 0.0 ], [ 120.3259, 23.29046, 0.0 ], [ 120.3259, 23.29029, 0.0 ], [ 120.3259, 23.29015, 0.0 ], [ 120.3259, 23.28978, 0.0 ], [ 120.3259, 23.28964, 0.0 ], [ 120.3259, 23.28958, 0.0 ], [ 120.3258, 23.28832, 0.0 ], [ 120.3258, 23.28797, 0.0 ], [ 120.3257, 23.28655, 0.0 ], [ 120.3256, 23.28642, 0.0 ], [ 120.3255, 23.28452, 0.0 ], [ 120.3255, 23.2844, 0.0 ], [ 120.3253, 23.28265, 0.0 ], [ 120.3253, 23.28262, 0.0 ], [ 120.3253, 23.28075, 0.0 ], [ 120.3252, 23.28007, 0.0 ], [ 120.3252, 23.27919, 0.0 ], [ 120.3252, 23.27853, 0.0 ], [ 120.3252, 23.2776, 0.0 ], [ 120.3252, 23.27636, 0.0 ], [ 120.3252, 23.27571, 0.0 ], [ 120.3252, 23.27542, 0.0 ], [ 120.3252, 23.27521, 0.0 ], [ 120.3252, 23.27505, 0.0 ], [ 120.3251, 23.27488, 0.0 ], [ 120.3251, 23.27468, 0.0 ], [ 120.325, 23.27441, 0.0 ], [ 120.325, 23.27426, 0.0 ], [ 120.3248, 23.27405, 0.0 ], [ 120.3247, 23.27386, 0.0 ], [ 120.3247, 23.27383, 0.0 ], [ 120.3245, 23.27365, 0.0 ], [ 120.3243, 23.27346, 0.0 ], [ 120.3242, 23.27336, 0.0 ], [ 120.324, 23.27322, 0.0 ], [ 120.3238, 23.27309, 0.0 ], [ 120.3222, 23.27259, 0.0 ], [ 120.3193, 23.27169, 0.0 ], [ 120.3189, 23.27157, 0.0 ], [ 120.3175, 23.2711, 0.0 ], [ 120.3172, 23.27102, 0.0 ], [ 120.3169, 23.27092, 0.0 ], [ 120.3159, 23.27054, 0.0 ], [ 120.3151, 23.27024, 0.0 ], [ 120.3149, 23.27016, 0.0 ], [ 120.3144, 23.26987, 0.0 ], [ 120.3143, 23.26974, 0.0 ], [ 120.314, 23.2695, 0.0 ], [ 120.3139, 23.2693, 0.0 ], [ 120.3137, 23.26904, 0.0 ], [ 120.3135, 23.26878, 0.0 ], [ 120.3133, 23.26828, 0.0 ], [ 120.3133, 23.26777, 0.0 ], [ 120.3132, 23.26637, 0.0 ], [ 120.3131, 23.26607, 0.0 ], [ 120.3131, 23.26521, 0.0 ], [ 120.313, 23.26469, 0.0 ], [ 120.3129, 23.26341, 0.0 ], [ 120.3129, 23.26306, 0.0 ], [ 120.3127, 23.26092, 0.0 ], [ 120.3127, 23.26073, 0.0 ], [ 120.3126, 23.2602, 0.0 ], [ 120.3126, 23.25988, 0.0 ], [ 120.3125, 23.25827, 0.0 ], [ 120.3123, 23.25594, 0.0 ], [ 120.3122, 23.25527, 0.0 ], [ 120.3122, 23.25526, 0.0 ], [ 120.3122, 23.25469, 0.0 ], [ 120.3122, 23.25441, 0.0 ], [ 120.3122, 23.2541, 0.0 ], [ 120.3122, 23.25402, 0.0 ], [ 120.3123, 23.25364, 0.0 ], [ 120.3124, 23.25342, 0.0 ], [ 120.3126, 23.25275, 0.0 ], [ 120.3128, 23.25191, 0.0 ], [ 120.3132, 23.25033, 0.0 ], [ 120.3133, 23.25019, 0.0 ], [ 120.3133, 23.25003, 0.0 ], [ 120.3135, 23.24918, 0.0 ], [ 120.3138, 23.24849, 0.0 ], [ 120.3143, 23.24664, 0.0 ], [ 120.3147, 23.24521, 0.0 ], [ 120.3148, 23.24478, 0.0 ], [ 120.315, 23.24405, 0.0 ], [ 120.3152, 23.24332, 0.0 ], [ 120.3153, 23.24253, 0.0 ], [ 120.3154, 23.24197, 0.0 ], [ 120.3155, 23.24139, 0.0 ], [ 120.3155, 23.24044, 0.0 ], [ 120.3156, 23.24038, 0.0 ], [ 120.3155, 23.23986, 0.0 ], [ 120.3155, 23.2397, 0.0 ], [ 120.3155, 23.23921, 0.0 ], [ 120.3155, 23.23905, 0.0 ], [ 120.3153, 23.23829, 0.0 ], [ 120.3152, 23.23787, 0.0 ], [ 120.3148, 23.23618, 0.0 ], [ 120.3147, 23.23592, 0.0 ], [ 120.3146, 23.2356, 0.0 ], [ 120.3146, 23.23546, 0.0 ], [ 120.3145, 23.23524, 0.0 ], [ 120.3144, 23.23499, 0.0 ], [ 120.314, 23.2343, 0.0 ], [ 120.3139, 23.2341, 0.0 ], [ 120.3136, 23.23375, 0.0 ], [ 120.3136, 23.23368, 0.0 ], [ 120.3135, 23.23356, 0.0 ], [ 120.313, 23.23274, 0.0 ], [ 120.3125, 23.23197, 0.0 ], [ 120.3123, 23.23161, 0.0 ], [ 120.3119, 23.23109, 0.0 ], [ 120.3111, 23.22972, 0.0 ], [ 120.311, 23.22957, 0.0 ], [ 120.3102, 23.22834, 0.0 ], [ 120.3098, 23.22773, 0.0 ], [ 120.3097, 23.22744, 0.0 ], [ 120.3097, 23.22742, 0.0 ], [ 120.3096, 23.22722, 0.0 ], [ 120.3095, 23.22704, 0.0 ], [ 120.3095, 23.22666, 0.0 ], [ 120.3092, 23.22474, 0.0 ], [ 120.3092, 23.2247, 0.0 ], [ 120.3091, 23.22441, 0.0 ], [ 120.309, 23.22411, 0.0 ], [ 120.3089, 23.22388, 0.0 ], [ 120.3087, 23.22335, 0.0 ], [ 120.3085, 23.22284, 0.0 ], [ 120.3085, 23.22275, 0.0 ], [ 120.3083, 23.22252, 0.0 ], [ 120.3082, 23.22227, 0.0 ], [ 120.3077, 23.22117, 0.0 ], [ 120.3074, 23.22062, 0.0 ], [ 120.3064, 23.21844, 0.0 ], [ 120.3062, 23.21819, 0.0 ], [ 120.3062, 23.21798, 0.0 ], [ 120.3061, 23.21781, 0.0 ], [ 120.306, 23.21762, 0.0 ], [ 120.306, 23.21736, 0.0 ], [ 120.306, 23.21713, 0.0 ], [ 120.306, 23.21694, 0.0 ], [ 120.306, 23.21684, 0.0 ], [ 120.3061, 23.21662, 0.0 ], [ 120.3061, 23.21651, 0.0 ], [ 120.3062, 23.21624, 0.0 ], [ 120.3062, 23.21601, 0.0 ], [ 120.3063, 23.21583, 0.0 ], [ 120.3073, 23.2143, 0.0 ], [ 120.308, 23.21299, 0.0 ], [ 120.3095, 23.21064, 0.0 ], [ 120.3097, 23.21033, 0.0 ], [ 120.3107, 23.20867, 0.0 ], [ 120.3109, 23.20834, 0.0 ], [ 120.3118, 23.20684, 0.0 ], [ 120.3118, 23.20679, 0.0 ], [ 120.312, 23.20653, 0.0 ], [ 120.3132, 23.20454, 0.0 ], [ 120.3143, 23.2028, 0.0 ], [ 120.3144, 23.20263, 0.0 ], [ 120.3149, 23.20169, 0.0 ], [ 120.3152, 23.20127, 0.0 ], [ 120.316, 23.20009, 0.0 ], [ 120.3167, 23.19929, 0.0 ], [ 120.3169, 23.19893, 0.0 ], [ 120.3171, 23.19871, 0.0 ], [ 120.3173, 23.19847, 0.0 ], [ 120.3177, 23.19792, 0.0 ], [ 120.3179, 23.19761, 0.0 ], [ 120.3182, 23.19736, 0.0 ], [ 120.3186, 23.197, 0.0 ], [ 120.3189, 23.19674, 0.0 ], [ 120.3193, 23.19649, 0.0 ], [ 120.321, 23.19566, 0.0 ], [ 120.3211, 23.19563, 0.0 ], [ 120.3216, 23.1954, 0.0 ], [ 120.322, 23.19522, 0.0 ], [ 120.3229, 23.19479, 0.0 ], [ 120.3229, 23.19476, 0.0 ], [ 120.323, 23.19471, 0.0 ], [ 120.3231, 23.19461, 0.0 ], [ 120.3234, 23.19442, 0.0 ], [ 120.3235, 23.1943, 0.0 ], [ 120.3235, 23.19425, 0.0 ], [ 120.3241, 23.19351, 0.0 ], [ 120.3243, 23.19321, 0.0 ], [ 120.325, 23.19228, 0.0 ], [ 120.3251, 23.19214, 0.0 ], [ 120.3274, 23.18891, 0.0 ], [ 120.3285, 23.18736, 0.0 ], [ 120.3286, 23.18724, 0.0 ], [ 120.3288, 23.18711, 0.0 ], [ 120.3289, 23.187, 0.0 ], [ 120.3291, 23.18694, 0.0 ], [ 120.3293, 23.18682, 0.0 ], [ 120.3308, 23.18624, 0.0 ], [ 120.3325, 23.18554, 0.0 ], [ 120.3328, 23.18542, 0.0 ], [ 120.3328, 23.18537, 0.0 ], [ 120.3346, 23.18403, 0.0 ], [ 120.3357, 23.18325, 0.0 ], [ 120.3362, 23.18284, 0.0 ], [ 120.3364, 23.18267, 0.0 ], [ 120.3366, 23.18252, 0.0 ], [ 120.3368, 23.18237, 0.0 ], [ 120.3369, 23.18225, 0.0 ], [ 120.337, 23.18206, 0.0 ], [ 120.3371, 23.18192, 0.0 ], [ 120.3371, 23.18172, 0.0 ], [ 120.3373, 23.18135, 0.0 ], [ 120.3374, 23.18096, 0.0 ], [ 120.338, 23.1787, 0.0 ], [ 120.3381, 23.17848, 0.0 ], [ 120.3383, 23.17772, 0.0 ], [ 120.3384, 23.1773, 0.0 ], [ 120.3385, 23.177, 0.0 ], [ 120.3385, 23.1768, 0.0 ], [ 120.3385, 23.17634, 0.0 ], [ 120.3385, 23.1762, 0.0 ], [ 120.3384, 23.17531, 0.0 ], [ 120.3383, 23.17477, 0.0 ], [ 120.3383, 23.17472, 0.0 ], [ 120.3383, 23.17418, 0.0 ], [ 120.3382, 23.17356, 0.0 ], [ 120.3382, 23.17219, 0.0 ], [ 120.3382, 23.17197, 0.0 ], [ 120.3382, 23.1717, 0.0 ], [ 120.3382, 23.17157, 0.0 ], [ 120.3384, 23.17089, 0.0 ], [ 120.3385, 23.17067, 0.0 ], [ 120.3386, 23.17049, 0.0 ], [ 120.3391, 23.16945, 0.0 ], [ 120.3397, 23.16825, 0.0 ], [ 120.3402, 23.16731, 0.0 ], [ 120.3404, 23.16696, 0.0 ], [ 120.3404, 23.16682, 0.0 ], [ 120.3405, 23.16667, 0.0 ], [ 120.3406, 23.16644, 0.0 ], [ 120.3406, 23.16626, 0.0 ], [ 120.3407, 23.16598, 0.0 ], [ 120.3408, 23.16517, 0.0 ], [ 120.3409, 23.16424, 0.0 ], [ 120.3409, 23.16394, 0.0 ], [ 120.3409, 23.16377, 0.0 ], [ 120.3409, 23.16374, 0.0 ], [ 120.3409, 23.16365, 0.0 ], [ 120.3409, 23.16362, 0.0 ], [ 120.3409, 23.16341, 0.0 ], [ 120.341, 23.16295, 0.0 ], [ 120.341, 23.16272, 0.0 ], [ 120.3411, 23.16225, 0.0 ], [ 120.3411, 23.16214, 0.0 ], [ 120.3411, 23.16188, 0.0 ], [ 120.3412, 23.16149, 0.0 ], [ 120.3412, 23.16121, 0.0 ], [ 120.3411, 23.16099, 0.0 ], [ 120.3411, 23.16071, 0.0 ], [ 120.341, 23.16044, 0.0 ], [ 120.3408, 23.16008, 0.0 ], [ 120.3407, 23.15979, 0.0 ], [ 120.3405, 23.15951, 0.0 ], [ 120.34, 23.15864, 0.0 ], [ 120.3391, 23.15729, 0.0 ], [ 120.3384, 23.15623, 0.0 ], [ 120.3371, 23.15432, 0.0 ], [ 120.337, 23.15409, 0.0 ], [ 120.3364, 23.15321, 0.0 ], [ 120.3361, 23.15273, 0.0 ], [ 120.3357, 23.15233, 0.0 ], [ 120.3352, 23.15179, 0.0 ], [ 120.3339, 23.1505, 0.0 ], [ 120.3325, 23.1492, 0.0 ], [ 120.3317, 23.14843, 0.0 ], [ 120.3315, 23.14829, 0.0 ], [ 120.3305, 23.14738, 0.0 ], [ 120.3297, 23.14657, 0.0 ], [ 120.3288, 23.14579, 0.0 ], [ 120.3283, 23.14534, 0.0 ], [ 120.3273, 23.14441, 0.0 ], [ 120.3252, 23.14243, 0.0 ], [ 120.3249, 23.14214, 0.0 ], [ 120.3247, 23.1419, 0.0 ], [ 120.3245, 23.14168, 0.0 ], [ 120.3244, 23.14159, 0.0 ], [ 120.3243, 23.14138, 0.0 ], [ 120.324, 23.14069, 0.0 ], [ 120.3237, 23.1398, 0.0 ], [ 120.3233, 23.13884, 0.0 ], [ 120.3227, 23.13725, 0.0 ], [ 120.3223, 23.13639, 0.0 ], [ 120.322, 23.13554, 0.0 ], [ 120.3215, 23.13424, 0.0 ], [ 120.321, 23.13302, 0.0 ], [ 120.3206, 23.13202, 0.0 ], [ 120.3206, 23.13194, 0.0 ], [ 120.3203, 23.13111, 0.0 ], [ 120.319, 23.1279, 0.0 ], [ 120.3187, 23.12722, 0.0 ], [ 120.3187, 23.12697, 0.0 ], [ 120.3186, 23.12678, 0.0 ], [ 120.3186, 23.12567, 0.0 ], [ 120.3186, 23.12405, 0.0 ], [ 120.3186, 23.12333, 0.0 ], [ 120.3186, 23.12281, 0.0 ], [ 120.3186, 23.12203, 0.0 ], [ 120.3186, 23.12176, 0.0 ], [ 120.3185, 23.12091, 0.0 ], [ 120.3185, 23.11978, 0.0 ], [ 120.3185, 23.11899, 0.0 ], [ 120.3184, 23.11751, 0.0 ], [ 120.3184, 23.117, 0.0 ], [ 120.3184, 23.11613, 0.0 ], [ 120.3184, 23.11423, 0.0 ], [ 120.3184, 23.11418, 0.0 ], [ 120.3183, 23.11233, 0.0 ], [ 120.3183, 23.11172, 0.0 ], [ 120.3183, 23.11135, 0.0 ], [ 120.3183, 23.1103, 0.0 ], [ 120.3182, 23.10922, 0.0 ], [ 120.3182, 23.10856, 0.0 ], [ 120.3182, 23.10808, 0.0 ], [ 120.3181, 23.10523, 0.0 ], [ 120.3181, 23.1036, 0.0 ], [ 120.318, 23.10234, 0.0 ], [ 120.318, 23.10192, 0.0 ], [ 120.318, 23.1017, 0.0 ], [ 120.3179, 23.1013, 0.0 ], [ 120.3178, 23.10098, 0.0 ], [ 120.3178, 23.10086, 0.0 ], [ 120.3175, 23.10032, 0.0 ], [ 120.3174, 23.10024, 0.0 ], [ 120.3171, 23.09987, 0.0 ], [ 120.3169, 23.09969, 0.0 ], [ 120.3166, 23.09944, 0.0 ], [ 120.3164, 23.09925, 0.0 ], [ 120.3143, 23.09724, 0.0 ], [ 120.3135, 23.09646, 0.0 ], [ 120.3128, 23.09583, 0.0 ], [ 120.3115, 23.09459, 0.0 ], [ 120.3095, 23.09265, 0.0 ], [ 120.3076, 23.09089, 0.0 ], [ 120.3074, 23.09066, 0.0 ], [ 120.3071, 23.09028, 0.0 ], [ 120.307, 23.09012, 0.0 ], [ 120.3068, 23.08995, 0.0 ], [ 120.3067, 23.08975, 0.0 ], [ 120.3066, 23.08941, 0.0 ], [ 120.3064, 23.08888, 0.0 ], [ 120.3058, 23.08728, 0.0 ], [ 120.3053, 23.0861, 0.0 ], [ 120.3045, 23.08393, 0.0 ], [ 120.3042, 23.08292, 0.0 ], [ 120.304, 23.08239, 0.0 ], [ 120.3035, 23.08104, 0.0 ], [ 120.3031, 23.08011, 0.0 ], [ 120.303, 23.07972, 0.0 ], [ 120.3027, 23.07903, 0.0 ], [ 120.3026, 23.0787, 0.0 ], [ 120.3023, 23.07795, 0.0 ], [ 120.3021, 23.07739, 0.0 ], [ 120.3018, 23.07643, 0.0 ], [ 120.3015, 23.07577, 0.0 ], [ 120.3013, 23.07521, 0.0 ], [ 120.3011, 23.07465, 0.0 ], [ 120.3008, 23.07421, 0.0 ], [ 120.3007, 23.074, 0.0 ], [ 120.3004, 23.07374, 0.0 ], [ 120.3002, 23.0735, 0.0 ], [ 120.3001, 23.07335, 0.0 ], [ 120.2996, 23.07299, 0.0 ], [ 120.2994, 23.07284, 0.0 ], [ 120.2982, 23.07213, 0.0 ], [ 120.2958, 23.07068, 0.0 ], [ 120.2939, 23.06952, 0.0 ], [ 120.2928, 23.06883, 0.0 ], [ 120.2907, 23.06759, 0.0 ], [ 120.2922, 23.06632, 0.0 ], [ 120.2932, 23.06543, 0.0 ], [ 120.2939, 23.06482, 0.0 ], [ 120.2944, 23.06447, 0.0 ], [ 120.2945, 23.06435, 0.0 ], [ 120.2946, 23.06416, 0.0 ], [ 120.295, 23.06333, 0.0 ], [ 120.2953, 23.06268, 0.0 ], [ 120.2966, 23.06008, 0.0 ], [ 120.2971, 23.05916, 0.0 ], [ 120.2974, 23.05852, 0.0 ], [ 120.2975, 23.05825, 0.0 ], [ 120.2976, 23.05814, 0.0 ], [ 120.298, 23.05746, 0.0 ], [ 120.2983, 23.05676, 0.0 ], [ 120.2986, 23.05609, 0.0 ], [ 120.2995, 23.0543, 0.0 ], [ 120.2999, 23.05365, 0.0 ], [ 120.3001, 23.05323, 0.0 ], [ 120.3002, 23.05296, 0.0 ], [ 120.3003, 23.05264, 0.0 ], [ 120.3003, 23.05261, 0.0 ], [ 120.3006, 23.05173, 0.0 ], [ 120.3017, 23.05198, 0.0 ], [ 120.3035, 23.05229, 0.0 ], [ 120.3058, 23.0527, 0.0 ], [ 120.308, 23.05287, 0.0 ], [ 120.31, 23.0527, 0.0 ], [ 120.3115, 23.05234, 0.0 ], [ 120.3195, 23.04911, 0.0 ], [ 120.319, 23.04851, 0.0 ], [ 120.3181, 23.04748, 0.0 ], [ 120.3173, 23.04657, 0.0 ], [ 120.3172, 23.04649, 0.0 ], [ 120.3162, 23.04534, 0.0 ], [ 120.3143, 23.04316, 0.0 ], [ 120.3139, 23.04269, 0.0 ], [ 120.3138, 23.04255, 0.0 ], [ 120.3137, 23.04241, 0.0 ], [ 120.3133, 23.04205, 0.0 ], [ 120.3128, 23.04148, 0.0 ], [ 120.3126, 23.04133, 0.0 ], [ 120.3125, 23.04122, 0.0 ], [ 120.3118, 23.04042, 0.0 ], [ 120.3118, 23.04031, 0.0 ], [ 120.3117, 23.04026, 0.0 ], [ 120.3117, 23.04009, 0.0 ], [ 120.3116, 23.04, 0.0 ], [ 120.3113, 23.03904, 0.0 ], [ 120.3096, 23.03869, 0.0 ], [ 120.309, 23.03865, 0.0 ], [ 120.3081, 23.0386, 0.0 ], [ 120.3076, 23.03852, 0.0 ], [ 120.3071, 23.03843, 0.0 ], [ 120.3065, 23.03831, 0.0 ], [ 120.306, 23.03821, 0.0 ], [ 120.3058, 23.03818, 0.0 ], [ 120.3055, 23.03813, 0.0 ], [ 120.3052, 23.03807, 0.0 ], [ 120.3047, 23.03799, 0.0 ], [ 120.3039, 23.03783, 0.0 ], [ 120.3036, 23.03778, 0.0 ], [ 120.3034, 23.03774, 0.0 ], [ 120.303, 23.03763, 0.0 ], [ 120.3026, 23.03756, 0.0 ], [ 120.3024, 23.03749, 0.0 ], [ 120.3022, 23.03746, 0.0 ], [ 120.3019, 23.03737, 0.0 ], [ 120.3018, 23.03735, 0.0 ], [ 120.3016, 23.03729, 0.0 ], [ 120.3015, 23.03725, 0.0 ], [ 120.3013, 23.03716, 0.0 ], [ 120.3013, 23.03715, 0.0 ], [ 120.3006, 23.0368, 0.0 ], [ 120.3002, 23.03664, 0.0 ], [ 120.3, 23.0366, 0.0 ], [ 120.2999, 23.0366, 0.0 ], [ 120.2998, 23.03662, 0.0 ], [ 120.2996, 23.03666, 0.0 ], [ 120.2993, 23.0367, 0.0 ], [ 120.2991, 23.03672, 0.0 ], [ 120.299, 23.03672, 0.0 ], [ 120.2989, 23.03671, 0.0 ], [ 120.2988, 23.0367, 0.0 ], [ 120.2986, 23.03667, 0.0 ], [ 120.2985, 23.03666, 0.0 ], [ 120.2983, 23.03659, 0.0 ], [ 120.298, 23.03652, 0.0 ], [ 120.2976, 23.03637, 0.0 ], [ 120.2971, 23.03624, 0.0 ], [ 120.2964, 23.03606, 0.0 ], [ 120.2962, 23.03597, 0.0 ], [ 120.2957, 23.03582, 0.0 ], [ 120.2949, 23.0356, 0.0 ], [ 120.2947, 23.03554, 0.0 ], [ 120.2946, 23.03551, 0.0 ], [ 120.2945, 23.0355, 0.0 ], [ 120.2938, 23.03543, 0.0 ], [ 120.2935, 23.0354, 0.0 ], [ 120.2934, 23.03537, 0.0 ], [ 120.2924, 23.03525, 0.0 ], [ 120.292, 23.03519, 0.0 ], [ 120.2904, 23.03501, 0.0 ], [ 120.2892, 23.03485, 0.0 ], [ 120.2891, 23.03483, 0.0 ], [ 120.2892, 23.03355, 0.0 ], [ 120.2892, 23.03269, 0.0 ], [ 120.2892, 23.0315, 0.0 ], [ 120.2893, 23.03024, 0.0 ], [ 120.2893, 23.02908, 0.0 ], [ 120.2894, 23.02808, 0.0 ], [ 120.2894, 23.02655, 0.0 ], [ 120.2894, 23.02414, 0.0 ], [ 120.2894, 23.02402, 0.0 ], [ 120.2893, 23.02344, 0.0 ], [ 120.2893, 23.02288, 0.0 ], [ 120.2892, 23.02168, 0.0 ], [ 120.2891, 23.02052, 0.0 ], [ 120.289, 23.01968, 0.0 ], [ 120.2888, 23.01794, 0.0 ], [ 120.2887, 23.01721, 0.0 ], [ 120.2885, 23.01633, 0.0 ], [ 120.2885, 23.01615, 0.0 ], [ 120.2883, 23.01534, 0.0 ], [ 120.2881, 23.01449, 0.0 ], [ 120.2879, 23.01381, 0.0 ], [ 120.2877, 23.01292, 0.0 ], [ 120.2876, 23.01231, 0.0 ], [ 120.2873, 23.01144, 0.0 ], [ 120.287, 23.01045, 0.0 ], [ 120.2864, 23.00844, 0.0 ], [ 120.2856, 23.00644, 0.0 ], [ 120.2849, 23.00482, 0.0 ], [ 120.2848, 23.00443, 0.0 ], [ 120.2846, 23.00412, 0.0 ], [ 120.2844, 23.00361, 0.0 ], [ 120.2842, 23.00316, 0.0 ], [ 120.2838, 23.00241, 0.0 ], [ 120.2836, 23.00195, 0.0 ], [ 120.2832, 23.00124, 0.0 ], [ 120.283, 23.00072, 0.0 ], [ 120.2828, 23.00041, 0.0 ], [ 120.2825, 22.99966, 0.0 ], [ 120.282, 22.99871, 0.0 ], [ 120.2816, 22.99783, 0.0 ], [ 120.2812, 22.99704, 0.0 ], [ 120.281, 22.99654, 0.0 ], [ 120.2807, 22.99606, 0.0 ], [ 120.2806, 22.99571, 0.0 ], [ 120.2801, 22.99468, 0.0 ], [ 120.2798, 22.99412, 0.0 ], [ 120.2795, 22.99364, 0.0 ], [ 120.2791, 22.99274, 0.0 ], [ 120.2789, 22.99234, 0.0 ], [ 120.2786, 22.99174, 0.0 ], [ 120.2783, 22.99117, 0.0 ], [ 120.2782, 22.99082, 0.0 ], [ 120.2781, 22.99056, 0.0 ], [ 120.2779, 22.99021, 0.0 ], [ 120.2776, 22.98965, 0.0 ], [ 120.2774, 22.98908, 0.0 ], [ 120.2771, 22.98868, 0.0 ], [ 120.2767, 22.98768, 0.0 ], [ 120.2763, 22.98677, 0.0 ], [ 120.2755, 22.98483, 0.0 ], [ 120.2754, 22.98462, 0.0 ], [ 120.2753, 22.9842, 0.0 ], [ 120.2751, 22.98377, 0.0 ], [ 120.2749, 22.98327, 0.0 ], [ 120.2748, 22.98295, 0.0 ], [ 120.2742, 22.98104, 0.0 ], [ 120.2741, 22.98074, 0.0 ], [ 120.274, 22.98034, 0.0 ], [ 120.2739, 22.9799, 0.0 ], [ 120.2738, 22.97948, 0.0 ], [ 120.2737, 22.97913, 0.0 ], [ 120.2735, 22.97855, 0.0 ], [ 120.2734, 22.97795, 0.0 ], [ 120.2732, 22.97722, 0.0 ], [ 120.2731, 22.9768, 0.0 ], [ 120.2731, 22.9765, 0.0 ], [ 120.273, 22.97612, 0.0 ], [ 120.2729, 22.97574, 0.0 ], [ 120.2728, 22.97531, 0.0 ], [ 120.2727, 22.97433, 0.0 ], [ 120.2725, 22.97337, 0.0 ], [ 120.2724, 22.97264, 0.0 ], [ 120.2723, 22.97182, 0.0 ], [ 120.2722, 22.97103, 0.0 ], [ 120.2722, 22.97052, 0.0 ], [ 120.2721, 22.96934, 0.0 ], [ 120.272, 22.96833, 0.0 ], [ 120.272, 22.96659, 0.0 ], [ 120.272, 22.96501, 0.0 ], [ 120.272, 22.96375, 0.0 ], [ 120.2721, 22.96283, 0.0 ], [ 120.2721, 22.96274, 0.0 ], [ 120.2722, 22.96163, 0.0 ], [ 120.2722, 22.96071, 0.0 ], [ 120.2723, 22.96036, 0.0 ], [ 120.2723, 22.95982, 0.0 ], [ 120.2724, 22.95917, 0.0 ], [ 120.2725, 22.95852, 0.0 ], [ 120.2726, 22.95769, 0.0 ], [ 120.2728, 22.95681, 0.0 ], [ 120.2732, 22.95481, 0.0 ], [ 120.2734, 22.954, 0.0 ], [ 120.2736, 22.95291, 0.0 ], [ 120.2738, 22.95211, 0.0 ], [ 120.2743, 22.95062, 0.0 ], [ 120.2748, 22.94895, 0.0 ], [ 120.2752, 22.94796, 0.0 ], [ 120.2756, 22.94686, 0.0 ], [ 120.2758, 22.94626, 0.0 ], [ 120.2761, 22.94547, 0.0 ], [ 120.2762, 22.94522, 0.0 ], [ 120.2764, 22.94481, 0.0 ], [ 120.2768, 22.94394, 0.0 ], [ 120.2772, 22.94301, 0.0 ], [ 120.2778, 22.94188, 0.0 ], [ 120.279, 22.93943, 0.0 ], [ 120.2798, 22.93787, 0.0 ], [ 120.2807, 22.93603, 0.0 ], [ 120.2816, 22.93424, 0.0 ], [ 120.282, 22.93348, 0.0 ], [ 120.2821, 22.93341, 0.0 ], [ 120.2821, 22.93324, 0.0 ], [ 120.2822, 22.93313, 0.0 ], [ 120.2822, 22.93311, 0.0 ], [ 120.2832, 22.93109, 0.0 ], [ 120.284, 22.92958, 0.0 ], [ 120.2845, 22.92866, 0.0 ], [ 120.2849, 22.92776, 0.0 ], [ 120.2854, 22.9268, 0.0 ], [ 120.2873, 22.92298, 0.0 ], [ 120.2883, 22.92096, 0.0 ], [ 120.2893, 22.91903, 0.0 ], [ 120.2909, 22.91583, 0.0 ], [ 120.292, 22.91367, 0.0 ], [ 120.2932, 22.91135, 0.0 ], [ 120.2939, 22.9098, 0.0 ], [ 120.2947, 22.90833, 0.0 ], [ 120.2951, 22.90756, 0.0 ], [ 120.2962, 22.9053, 0.0 ], [ 120.2969, 22.90402, 0.0 ], [ 120.2976, 22.90258, 0.0 ], [ 120.2978, 22.90149, 0.0 ], [ 120.2982, 22.90087, 0.0 ], [ 120.2993, 22.89864, 0.0 ], [ 120.2993, 22.8985, 0.0 ], [ 120.2998, 22.89762, 0.0 ], [ 120.3, 22.89722, 0.0 ], [ 120.3004, 22.89653, 0.0 ], [ 120.3005, 22.89642, 0.0 ], [ 120.3006, 22.89614, 0.0 ], [ 120.3009, 22.89549, 0.0 ], [ 120.3015, 22.89427, 0.0 ], [ 120.3016, 22.89408, 0.0 ], [ 120.3021, 22.89314, 0.0 ], [ 120.3023, 22.89274, 0.0 ], [ 120.3026, 22.89225, 0.0 ], [ 120.3029, 22.89163, 0.0 ], [ 120.3034, 22.89052, 0.0 ], [ 120.3036, 22.89004, 0.0 ], [ 120.3039, 22.88932, 0.0 ], [ 120.304, 22.88897, 0.0 ], [ 120.3043, 22.88836, 0.0 ], [ 120.3045, 22.88778, 0.0 ], [ 120.3051, 22.88628, 0.0 ], [ 120.3052, 22.886, 0.0 ], [ 120.3052, 22.88574, 0.0 ], [ 120.3053, 22.88554, 0.0 ], [ 120.3055, 22.88481, 0.0 ], [ 120.3057, 22.88424, 0.0 ], [ 120.3059, 22.88351, 0.0 ], [ 120.3064, 22.88165, 0.0 ], [ 120.3066, 22.88112, 0.0 ], [ 120.3069, 22.87982, 0.0 ], [ 120.3071, 22.87869, 0.0 ], [ 120.3072, 22.87795, 0.0 ], [ 120.3073, 22.8778, 0.0 ], [ 120.3058, 22.87744, 0.0 ], [ 120.3051, 22.8773, 0.0 ], [ 120.3048, 22.87725, 0.0 ], [ 120.3045, 22.87722, 0.0 ], [ 120.3042, 22.87721, 0.0 ], [ 120.3036, 22.87726, 0.0 ], [ 120.3027, 22.87743, 0.0 ], [ 120.3009, 22.87786, 0.0 ], [ 120.3001, 22.87802, 0.0 ], [ 120.2992, 22.87815, 0.0 ], [ 120.2983, 22.87825, 0.0 ], [ 120.2981, 22.87828, 0.0 ], [ 120.296, 22.87844, 0.0 ], [ 120.2952, 22.8785, 0.0 ], [ 120.2923, 22.87872, 0.0 ], [ 120.291, 22.87881, 0.0 ], [ 120.289, 22.87896, 0.0 ], [ 120.2861, 22.87917, 0.0 ], [ 120.286, 22.87918, 0.0 ], [ 120.2836, 22.8793, 0.0 ], [ 120.2835, 22.87933, 0.0 ], [ 120.282, 22.87942, 0.0 ], [ 120.2813, 22.87947, 0.0 ], [ 120.2781, 22.87971, 0.0 ], [ 120.2768, 22.87974, 0.0 ], [ 120.2764, 22.87976, 0.0 ], [ 120.2759, 22.87979, 0.0 ], [ 120.2756, 22.87977, 0.0 ], [ 120.2748, 22.8798, 0.0 ], [ 120.2739, 22.87988, 0.0 ], [ 120.2729, 22.87997, 0.0 ], [ 120.272, 22.88001, 0.0 ], [ 120.2709, 22.88005, 0.0 ], [ 120.2705, 22.88007, 0.0 ], [ 120.2704, 22.88008, 0.0 ], [ 120.269, 22.88013, 0.0 ], [ 120.2663, 22.88022, 0.0 ], [ 120.2659, 22.88024, 0.0 ], [ 120.2656, 22.88026, 0.0 ], [ 120.2647, 22.88036, 0.0 ], [ 120.2637, 22.8805, 0.0 ], [ 120.2635, 22.88054, 0.0 ], [ 120.2607, 22.88097, 0.0 ], [ 120.2599, 22.88107, 0.0 ], [ 120.2574, 22.88146, 0.0 ], [ 120.2571, 22.8815, 0.0 ], [ 120.2535, 22.88202, 0.0 ], [ 120.2531, 22.88207, 0.0 ], [ 120.2529, 22.88209, 0.0 ], [ 120.2526, 22.88207, 0.0 ], [ 120.2525, 22.88203, 0.0 ], [ 120.2523, 22.88197, 0.0 ], [ 120.2515, 22.88149, 0.0 ], [ 120.2506, 22.88088, 0.0 ], [ 120.2501, 22.88056, 0.0 ], [ 120.2501, 22.88036, 0.0 ], [ 120.2504, 22.88007, 0.0 ], [ 120.251, 22.8793, 0.0 ], [ 120.2511, 22.87914, 0.0 ], [ 120.2518, 22.87836, 0.0 ], [ 120.2518, 22.87825, 0.0 ], [ 120.252, 22.87807, 0.0 ], [ 120.2522, 22.87777, 0.0 ], [ 120.2523, 22.87753, 0.0 ], [ 120.2523, 22.87751, 0.0 ], [ 120.2524, 22.87736, 0.0 ], [ 120.2525, 22.87709, 0.0 ], [ 120.2527, 22.87678, 0.0 ], [ 120.2528, 22.87652, 0.0 ], [ 120.2532, 22.8755, 0.0 ], [ 120.2535, 22.87472, 0.0 ], [ 120.2539, 22.87379, 0.0 ], [ 120.2544, 22.87255, 0.0 ], [ 120.2552, 22.87066, 0.0 ], [ 120.2553, 22.87041, 0.0 ], [ 120.2555, 22.86993, 0.0 ], [ 120.2556, 22.86961, 0.0 ], [ 120.2557, 22.86917, 0.0 ], [ 120.2557, 22.86887, 0.0 ], [ 120.2558, 22.86855, 0.0 ], [ 120.2558, 22.86823, 0.0 ], [ 120.2559, 22.86768, 0.0 ], [ 120.256, 22.86731, 0.0 ], [ 120.2561, 22.86693, 0.0 ], [ 120.2563, 22.86639, 0.0 ], [ 120.2564, 22.86624, 0.0 ], [ 120.2568, 22.86504, 0.0 ], [ 120.2569, 22.86489, 0.0 ], [ 120.2569, 22.86482, 0.0 ], [ 120.257, 22.86466, 0.0 ], [ 120.2571, 22.86432, 0.0 ], [ 120.2572, 22.8641, 0.0 ], [ 120.2574, 22.86372, 0.0 ], [ 120.2576, 22.86347, 0.0 ], [ 120.2577, 22.86322, 0.0 ], [ 120.2582, 22.86232, 0.0 ], [ 120.2584, 22.86212, 0.0 ], [ 120.2585, 22.86189, 0.0 ], [ 120.2587, 22.8615, 0.0 ], [ 120.2589, 22.86116, 0.0 ], [ 120.2593, 22.86038, 0.0 ], [ 120.2595, 22.86011, 0.0 ], [ 120.2596, 22.85983, 0.0 ], [ 120.2597, 22.85971, 0.0 ], [ 120.2601, 22.85905, 0.0 ], [ 120.2603, 22.85871, 0.0 ], [ 120.2605, 22.85825, 0.0 ], [ 120.2606, 22.85758, 0.0 ], [ 120.2609, 22.85642, 0.0 ], [ 120.261, 22.85567, 0.0 ], [ 120.2611, 22.85525, 0.0 ], [ 120.2611, 22.85514, 0.0 ], [ 120.2613, 22.85421, 0.0 ], [ 120.2613, 22.85413, 0.0 ], [ 120.2614, 22.85351, 0.0 ], [ 120.2615, 22.85321, 0.0 ], [ 120.2615, 22.85303, 0.0 ], [ 120.2616, 22.8525, 0.0 ], [ 120.2617, 22.85209, 0.0 ], [ 120.2623, 22.84889, 0.0 ], [ 120.2623, 22.84844, 0.0 ], [ 120.2627, 22.8463, 0.0 ], [ 120.2628, 22.84592, 0.0 ], [ 120.2631, 22.84435, 0.0 ], [ 120.2636, 22.84198, 0.0 ], [ 120.2636, 22.84187, 0.0 ], [ 120.2637, 22.8411, 0.0 ], [ 120.264, 22.83993, 0.0 ], [ 120.2641, 22.83904, 0.0 ], [ 120.2647, 22.83618, 0.0 ], [ 120.2647, 22.83602, 0.0 ], [ 120.2652, 22.83367, 0.0 ], [ 120.2652, 22.83348, 0.0 ], [ 120.266, 22.82953, 0.0 ], [ 120.2661, 22.82877, 0.0 ], [ 120.2663, 22.82789, 0.0 ], [ 120.267, 22.82401, 0.0 ], [ 120.2671, 22.82377, 0.0 ], [ 120.2672, 22.82346, 0.0 ], [ 120.2673, 22.82324, 0.0 ], [ 120.2675, 22.82292, 0.0 ], [ 120.2677, 22.82259, 0.0 ], [ 120.2679, 22.82236, 0.0 ], [ 120.2682, 22.82203, 0.0 ], [ 120.2695, 22.82089, 0.0 ], [ 120.2698, 22.82062, 0.0 ], [ 120.2746, 22.81636, 0.0 ], [ 120.275, 22.81601, 0.0 ], [ 120.2759, 22.81526, 0.0 ], [ 120.2785, 22.81291, 0.0 ], [ 120.2788, 22.81259, 0.0 ], [ 120.2796, 22.81187, 0.0 ], [ 120.2813, 22.81042, 0.0 ], [ 120.2818, 22.80997, 0.0 ], [ 120.2819, 22.80991, 0.0 ], [ 120.285, 22.80739, 0.0 ], [ 120.2861, 22.80645, 0.0 ], [ 120.2873, 22.80556, 0.0 ], [ 120.2875, 22.80537, 0.0 ], [ 120.2878, 22.80508, 0.0 ], [ 120.2879, 22.805, 0.0 ], [ 120.288, 22.80495, 0.0 ], [ 120.2889, 22.80419, 0.0 ], [ 120.2917, 22.80195, 0.0 ], [ 120.2921, 22.80159, 0.0 ], [ 120.2926, 22.80121, 0.0 ], [ 120.2933, 22.80059, 0.0 ], [ 120.2942, 22.79987, 0.0 ], [ 120.2945, 22.7997, 0.0 ], [ 120.295, 22.7993, 0.0 ], [ 120.2979, 22.79715, 0.0 ], [ 120.2984, 22.79681, 0.0 ], [ 120.2985, 22.79675, 0.0 ], [ 120.2985, 22.79664, 0.0 ], [ 120.2985, 22.79656, 0.0 ], [ 120.2986, 22.79642, 0.0 ], [ 120.2986, 22.79565, 0.0 ], [ 120.2988, 22.79472, 0.0 ], [ 120.2989, 22.79372, 0.0 ], [ 120.299, 22.79294, 0.0 ], [ 120.299, 22.7924, 0.0 ], [ 120.2991, 22.79163, 0.0 ], [ 120.2992, 22.79078, 0.0 ], [ 120.2993, 22.78994, 0.0 ], [ 120.2994, 22.7892, 0.0 ], [ 120.2994, 22.78858, 0.0 ], [ 120.2995, 22.78796, 0.0 ], [ 120.2996, 22.78743, 0.0 ], [ 120.2996, 22.78644, 0.0 ], [ 120.2997, 22.7863, 0.0 ], [ 120.2997, 22.78564, 0.0 ], [ 120.2997, 22.78553, 0.0 ], [ 120.2998, 22.78495, 0.0 ], [ 120.2998, 22.78486, 0.0 ], [ 120.2998, 22.78441, 0.0 ], [ 120.2995, 22.78282, 0.0 ], [ 120.2994, 22.78248, 0.0 ], [ 120.2993, 22.78208, 0.0 ], [ 120.2991, 22.78106, 0.0 ], [ 120.2989, 22.78044, 0.0 ], [ 120.2989, 22.78014, 0.0 ], [ 120.2988, 22.78005, 0.0 ], [ 120.2987, 22.77979, 0.0 ], [ 120.2988, 22.77959, 0.0 ], [ 120.2989, 22.77936, 0.0 ], [ 120.2992, 22.77864, 0.0 ], [ 120.3002, 22.77696, 0.0 ], [ 120.3007, 22.77605, 0.0 ], [ 120.3008, 22.77583, 0.0 ], [ 120.3014, 22.77487, 0.0 ], [ 120.3015, 22.77461, 0.0 ], [ 120.3049, 22.76839, 0.0 ], [ 120.3051, 22.76825, 0.0 ], [ 120.3052, 22.76815, 0.0 ], [ 120.3055, 22.76753, 0.0 ], [ 120.3057, 22.7672, 0.0 ], [ 120.3058, 22.76692, 0.0 ], [ 120.307, 22.76485, 0.0 ], [ 120.3071, 22.7645, 0.0 ], [ 120.3074, 22.7641, 0.0 ], [ 120.3076, 22.76364, 0.0 ], [ 120.3082, 22.76252, 0.0 ], [ 120.3086, 22.76183, 0.0 ], [ 120.3088, 22.76149, 0.0 ], [ 120.3093, 22.76044, 0.0 ], [ 120.3093, 22.76041, 0.0 ], [ 120.3094, 22.76015, 0.0 ], [ 120.3095, 22.75982, 0.0 ], [ 120.3098, 22.75906, 0.0 ], [ 120.3099, 22.7587, 0.0 ], [ 120.3101, 22.75775, 0.0 ], [ 120.3103, 22.75725, 0.0 ], [ 120.3104, 22.7569, 0.0 ], [ 120.3106, 22.75651, 0.0 ], [ 120.3111, 22.75552, 0.0 ], [ 120.3117, 22.75456, 0.0 ], [ 120.3119, 22.75417, 0.0 ], [ 120.3127, 22.75258, 0.0 ], [ 120.313, 22.75212, 0.0 ], [ 120.3135, 22.75109, 0.0 ], [ 120.3141, 22.74999, 0.0 ], [ 120.3153, 22.74767, 0.0 ], [ 120.3158, 22.74678, 0.0 ], [ 120.3159, 22.74646, 0.0 ], [ 120.3161, 22.74603, 0.0 ], [ 120.3162, 22.74545, 0.0 ], [ 120.3169, 22.743, 0.0 ], [ 120.3176, 22.74055, 0.0 ], [ 120.3184, 22.73805, 0.0 ], [ 120.319, 22.73576, 0.0 ], [ 120.3191, 22.73559, 0.0 ], [ 120.3192, 22.73521, 0.0 ], [ 120.3193, 22.73481, 0.0 ], [ 120.3198, 22.73326, 0.0 ], [ 120.3195, 22.73314, 0.0 ], [ 120.3186, 22.73255, 0.0 ], [ 120.317, 22.7315, 0.0 ], [ 120.3159, 22.73083, 0.0 ], [ 120.3157, 22.73068, 0.0 ], [ 120.3156, 22.73063, 0.0 ], [ 120.3148, 22.73016, 0.0 ], [ 120.3146, 22.73003, 0.0 ], [ 120.3142, 22.72977, 0.0 ], [ 120.3136, 22.72931, 0.0 ], [ 120.313, 22.7287, 0.0 ], [ 120.3127, 22.72841, 0.0 ], [ 120.3124, 22.72817, 0.0 ], [ 120.3122, 22.72799, 0.0 ], [ 120.3118, 22.72761, 0.0 ], [ 120.3115, 22.7274, 0.0 ], [ 120.3112, 22.72719, 0.0 ], [ 120.3108, 22.72697, 0.0 ], [ 120.3107, 22.72688, 0.0 ], [ 120.3104, 22.72671, 0.0 ], [ 120.3103, 22.72665, 0.0 ], [ 120.3095, 22.72626, 0.0 ], [ 120.3092, 22.72615, 0.0 ], [ 120.309, 22.72606, 0.0 ], [ 120.3088, 22.72599, 0.0 ], [ 120.3086, 22.72594, 0.0 ], [ 120.3082, 22.72586, 0.0 ], [ 120.3082, 22.72585, 0.0 ], [ 120.3079, 22.72581, 0.0 ], [ 120.3046, 22.72553, 0.0 ], [ 120.303, 22.72539, 0.0 ], [ 120.3028, 22.72538, 0.0 ], [ 120.3014, 22.72527, 0.0 ], [ 120.3012, 22.72518, 0.0 ], [ 120.3011, 22.72513, 0.0 ], [ 120.3, 22.7245, 0.0 ], [ 120.2993, 22.72415, 0.0 ], [ 120.2993, 22.72413, 0.0 ], [ 120.2989, 22.72389, 0.0 ], [ 120.2981, 22.72347, 0.0 ], [ 120.2978, 22.72337, 0.0 ], [ 120.2978, 22.72334, 0.0 ], [ 120.2978, 22.72332, 0.0 ], [ 120.2978, 22.7233, 0.0 ], [ 120.2978, 22.72329, 0.0 ], [ 120.2979, 22.72322, 0.0 ], [ 120.2979, 22.7232, 0.0 ], [ 120.2979, 22.72319, 0.0 ], [ 120.2979, 22.72317, 0.0 ], [ 120.298, 22.72276, 0.0 ], [ 120.2983, 22.72233, 0.0 ], [ 120.2983, 22.72222, 0.0 ], [ 120.2992, 22.72027, 0.0 ], [ 120.2995, 22.71958, 0.0 ], [ 120.3, 22.71831, 0.0 ], [ 120.3004, 22.71743, 0.0 ], [ 120.3007, 22.71673, 0.0 ], [ 120.3009, 22.71643, 0.0 ], [ 120.301, 22.71631, 0.0 ], [ 120.3011, 22.71634, 0.0 ], [ 120.3014, 22.71569, 0.0 ], [ 120.3016, 22.71512, 0.0 ], [ 120.3023, 22.71322, 0.0 ], [ 120.3026, 22.71233, 0.0 ], [ 120.3027, 22.71227, 0.0 ], [ 120.3024, 22.71143, 0.0 ], [ 120.3022, 22.71069, 0.0 ], [ 120.3021, 22.71056, 0.0 ], [ 120.3021, 22.70997, 0.0 ], [ 120.3021, 22.70967, 0.0 ], [ 120.3021, 22.70945, 0.0 ], [ 120.3021, 22.70932, 0.0 ], [ 120.302, 22.70886, 0.0 ], [ 120.302, 22.70865, 0.0 ], [ 120.302, 22.70827, 0.0 ], [ 120.3021, 22.70806, 0.0 ], [ 120.3021, 22.70789, 0.0 ], [ 120.3021, 22.70771, 0.0 ], [ 120.3022, 22.70511, 0.0 ], [ 120.3023, 22.70441, 0.0 ], [ 120.3023, 22.70408, 0.0 ], [ 120.3023, 22.70329, 0.0 ], [ 120.3023, 22.70266, 0.0 ], [ 120.3023, 22.70236, 0.0 ], [ 120.3023, 22.70153, 0.0 ], [ 120.3023, 22.7015, 0.0 ], [ 120.3023, 22.70124, 0.0 ], [ 120.3023, 22.70107, 0.0 ], [ 120.3024, 22.70094, 0.0 ], [ 120.3024, 22.70084, 0.0 ], [ 120.3025, 22.69959, 0.0 ], [ 120.3025, 22.69931, 0.0 ], [ 120.3026, 22.69907, 0.0 ], [ 120.3027, 22.69885, 0.0 ], [ 120.3028, 22.69866, 0.0 ], [ 120.3029, 22.69848, 0.0 ], [ 120.3029, 22.6984, 0.0 ], [ 120.303, 22.69813, 0.0 ], [ 120.3032, 22.69765, 0.0 ], [ 120.3033, 22.6972, 0.0 ], [ 120.3033, 22.6966, 0.0 ], [ 120.3031, 22.6961, 0.0 ], [ 120.303, 22.69538, 0.0 ], [ 120.3028, 22.69473, 0.0 ], [ 120.3028, 22.69439, 0.0 ], [ 120.3027, 22.69412, 0.0 ], [ 120.3027, 22.69386, 0.0 ], [ 120.3027, 22.69355, 0.0 ], [ 120.3028, 22.69043, 0.0 ], [ 120.3028, 22.68971, 0.0 ], [ 120.3028, 22.68893, 0.0 ], [ 120.3026, 22.68893, 0.0 ], [ 120.3022, 22.68895, 0.0 ], [ 120.3021, 22.68895, 0.0 ], [ 120.3018, 22.689, 0.0 ], [ 120.3016, 22.68903, 0.0 ], [ 120.3011, 22.68915, 0.0 ], [ 120.3008, 22.68927, 0.0 ], [ 120.3007, 22.68932, 0.0 ], [ 120.3004, 22.68949, 0.0 ], [ 120.3004, 22.68933, 0.0 ], [ 120.3004, 22.68924, 0.0 ], [ 120.3009, 22.68833, 0.0 ], [ 120.3009, 22.68826, 0.0 ], [ 120.3009, 22.6882, 0.0 ], [ 120.3009, 22.68811, 0.0 ], [ 120.3009, 22.68799, 0.0 ], [ 120.3008, 22.68789, 0.0 ], [ 120.3006, 22.68748, 0.0 ], [ 120.3003, 22.68686, 0.0 ], [ 120.3001, 22.68655, 0.0 ], [ 120.3001, 22.68647, 0.0 ], [ 120.3, 22.68638, 0.0 ], [ 120.3, 22.68629, 0.0 ], [ 120.3, 22.6862, 0.0 ], [ 120.2999, 22.68611, 0.0 ], [ 120.2999, 22.68601, 0.0 ], [ 120.2999, 22.68592, 0.0 ], [ 120.2999, 22.68573, 0.0 ], [ 120.2999, 22.68564, 0.0 ], [ 120.2999, 22.68555, 0.0 ], [ 120.2998, 22.68546, 0.0 ], [ 120.2998, 22.68538, 0.0 ], [ 120.2994, 22.68479, 0.0 ], [ 120.2993, 22.68454, 0.0 ], [ 120.2989, 22.68398, 0.0 ], [ 120.2988, 22.68372, 0.0 ], [ 120.2988, 22.68365, 0.0 ], [ 120.2987, 22.68355, 0.0 ], [ 120.2987, 22.68348, 0.0 ], [ 120.2987, 22.68309, 0.0 ], [ 120.2986, 22.68289, 0.0 ], [ 120.2985, 22.68271, 0.0 ], [ 120.2976, 22.68112, 0.0 ], [ 120.2974, 22.68078, 0.0 ], [ 120.2969, 22.6798, 0.0 ], [ 120.2969, 22.67975, 0.0 ], [ 120.2969, 22.67971, 0.0 ], [ 120.2969, 22.67966, 0.0 ], [ 120.2969, 22.67961, 0.0 ], [ 120.2969, 22.67956, 0.0 ], [ 120.2969, 22.67952, 0.0 ], [ 120.2969, 22.67947, 0.0 ], [ 120.2969, 22.67942, 0.0 ], [ 120.297, 22.67927, 0.0 ], [ 120.2972, 22.67867, 0.0 ], [ 120.2973, 22.67853, 0.0 ], [ 120.2975, 22.67859, 0.0 ], [ 120.2977, 22.6786, 0.0 ], [ 120.298, 22.67859, 0.0 ], [ 120.2985, 22.6785, 0.0 ], [ 120.2985, 22.67831, 0.0 ], [ 120.2984, 22.67822, 0.0 ], [ 120.2982, 22.6782, 0.0 ], [ 120.2979, 22.6779, 0.0 ], [ 120.297, 22.67675, 0.0 ], [ 120.2967, 22.67653, 0.0 ], [ 120.2966, 22.67616, 0.0 ], [ 120.2963, 22.67607, 0.0 ], [ 120.2961, 22.67584, 0.0 ], [ 120.296, 22.67548, 0.0 ], [ 120.2957, 22.67531, 0.0 ], [ 120.2954, 22.67495, 0.0 ], [ 120.2954, 22.67468, 0.0 ], [ 120.2959, 22.67429, 0.0 ], [ 120.2959, 22.67426, 0.0 ], [ 120.2958, 22.67421, 0.0 ], [ 120.2961, 22.67402, 0.0 ], [ 120.2963, 22.67388, 0.0 ], [ 120.2974, 22.67312, 0.0 ], [ 120.2981, 22.6726, 0.0 ], [ 120.2993, 22.67176, 0.0 ], [ 120.2999, 22.6714, 0.0 ], [ 120.3004, 22.67119, 0.0 ], [ 120.3006, 22.6711, 0.0 ], [ 120.3009, 22.67095, 0.0 ], [ 120.3014, 22.67081, 0.0 ], [ 120.3016, 22.67074, 0.0 ], [ 120.302, 22.67062, 0.0 ], [ 120.3021, 22.67059, 0.0 ], [ 120.303, 22.67037, 0.0 ], [ 120.3033, 22.67029, 0.0 ], [ 120.3033, 22.67019, 0.0 ], [ 120.3032, 22.67003, 0.0 ], [ 120.3032, 22.66951, 0.0 ], [ 120.3031, 22.66581, 0.0 ], [ 120.3031, 22.66455, 0.0 ], [ 120.3031, 22.66304, 0.0 ], [ 120.303, 22.66118, 0.0 ], [ 120.303, 22.6596, 0.0 ], [ 120.3029, 22.65826, 0.0 ], [ 120.3028, 22.65795, 0.0 ], [ 120.3031, 22.65617, 0.0 ], [ 120.3031, 22.65606, 0.0 ], [ 120.3033, 22.65528, 0.0 ], [ 120.3035, 22.65442, 0.0 ], [ 120.3035, 22.65391, 0.0 ], [ 120.3035, 22.65356, 0.0 ], [ 120.3035, 22.65343, 0.0 ], [ 120.3035, 22.65299, 0.0 ], [ 120.3036, 22.65286, 0.0 ], [ 120.3035, 22.65261, 0.0 ], [ 120.3035, 22.6524, 0.0 ], [ 120.3035, 22.65188, 0.0 ], [ 120.303, 22.65179, 0.0 ], [ 120.3026, 22.65171, 0.0 ], [ 120.302, 22.65153, 0.0 ], [ 120.3019, 22.65149, 0.0 ], [ 120.3014, 22.65136, 0.0 ], [ 120.3002, 22.65104, 0.0 ], [ 120.2991, 22.65095, 0.0 ], [ 120.297, 22.65097, 0.0 ], [ 120.2962, 22.65091, 0.0 ], [ 120.2959, 22.65084, 0.0 ], [ 120.2954, 22.65067, 0.0 ], [ 120.2951, 22.65055, 0.0 ], [ 120.294, 22.64991, 0.0 ], [ 120.2936, 22.64962, 0.0 ], [ 120.2933, 22.64948, 0.0 ], [ 120.2931, 22.64939, 0.0 ], [ 120.2928, 22.64931, 0.0 ], [ 120.2923, 22.64923, 0.0 ], [ 120.2921, 22.64922, 0.0 ], [ 120.292, 22.64922, 0.0 ], [ 120.2918, 22.64922, 0.0 ], [ 120.2917, 22.64923, 0.0 ], [ 120.2914, 22.64923, 0.0 ], [ 120.2911, 22.64927, 0.0 ], [ 120.2907, 22.64935, 0.0 ], [ 120.2901, 22.64956, 0.0 ], [ 120.2898, 22.64965, 0.0 ], [ 120.2894, 22.64976, 0.0 ], [ 120.289, 22.64985, 0.0 ], [ 120.2887, 22.6499, 0.0 ], [ 120.2883, 22.64992, 0.0 ], [ 120.2881, 22.64991, 0.0 ], [ 120.288, 22.6499, 0.0 ], [ 120.2876, 22.64989, 0.0 ], [ 120.2875, 22.64985, 0.0 ], [ 120.2873, 22.64978, 0.0 ], [ 120.2871, 22.64971, 0.0 ], [ 120.2869, 22.64961, 0.0 ], [ 120.2858, 22.64884, 0.0 ], [ 120.285, 22.64815, 0.0 ], [ 120.284, 22.64702, 0.0 ], [ 120.2836, 22.6466, 0.0 ], [ 120.2831, 22.64592, 0.0 ], [ 120.2829, 22.64559, 0.0 ], [ 120.2828, 22.64505, 0.0 ], [ 120.2827, 22.64491, 0.0 ], [ 120.2827, 22.64488, 0.0 ], [ 120.2827, 22.64471, 0.0 ], [ 120.2827, 22.64431, 0.0 ], [ 120.2827, 22.6439, 0.0 ], [ 120.2827, 22.64347, 0.0 ], [ 120.2828, 22.64318, 0.0 ], [ 120.2829, 22.64285, 0.0 ], [ 120.2838, 22.64107, 0.0 ], [ 120.2846, 22.63967, 0.0 ], [ 120.2848, 22.63919, 0.0 ], [ 120.285, 22.63884, 0.0 ], [ 120.2851, 22.63842, 0.0 ], [ 120.2852, 22.63801, 0.0 ], [ 120.2853, 22.63761, 0.0 ], [ 120.2854, 22.63677, 0.0 ], [ 120.2855, 22.63488, 0.0 ], [ 120.2856, 22.63444, 0.0 ], [ 120.2857, 22.63429, 0.0 ], [ 120.286, 22.6332, 0.0 ], [ 120.2863, 22.63238, 0.0 ], [ 120.2863, 22.63225, 0.0 ], [ 120.2863, 22.63219, 0.0 ], [ 120.2866, 22.63187, 0.0 ], [ 120.2872, 22.63032, 0.0 ], [ 120.2874, 22.62995, 0.0 ], [ 120.2875, 22.62965, 0.0 ], [ 120.2881, 22.62847, 0.0 ], [ 120.2882, 22.62834, 0.0 ], [ 120.2888, 22.62726, 0.0 ], [ 120.2889, 22.62705, 0.0 ], [ 120.2898, 22.62524, 0.0 ], [ 120.29, 22.62487, 0.0 ], [ 120.2901, 22.62458, 0.0 ], [ 120.2902, 22.62453, 0.0 ], [ 120.2904, 22.62386, 0.0 ], [ 120.2905, 22.62369, 0.0 ], [ 120.2905, 22.62355, 0.0 ], [ 120.2905, 22.62341, 0.0 ], [ 120.2906, 22.62309, 0.0 ], [ 120.2908, 22.62281, 0.0 ], [ 120.2909, 22.62205, 0.0 ], [ 120.2909, 22.62138, 0.0 ], [ 120.2909, 22.62133, 0.0 ], [ 120.2909, 22.62072, 0.0 ], [ 120.2909, 22.62058, 0.0 ], [ 120.291, 22.62059, 0.0 ], [ 120.2915, 22.62059, 0.0 ], [ 120.2924, 22.6206, 0.0 ], [ 120.2928, 22.6206, 0.0 ], [ 120.2936, 22.62061, 0.0 ], [ 120.2937, 22.62061, 0.0 ], [ 120.2945, 22.62088, 0.0 ], [ 120.2951, 22.62105, 0.0 ], [ 120.2958, 22.62127, 0.0 ], [ 120.2968, 22.6216, 0.0 ], [ 120.2978, 22.62197, 0.0 ], [ 120.2981, 22.62205, 0.0 ], [ 120.2985, 22.6222, 0.0 ], [ 120.2986, 22.62224, 0.0 ], [ 120.2991, 22.62241, 0.0 ], [ 120.2995, 22.62253, 0.0 ], [ 120.3002, 22.62276, 0.0 ], [ 120.3009, 22.62301, 0.0 ], [ 120.3009, 22.62286, 0.0 ], [ 120.3011, 22.62234, 0.0 ], [ 120.3014, 22.62163, 0.0 ], [ 120.3015, 22.62155, 0.0 ], [ 120.3015, 22.62144, 0.0 ], [ 120.302, 22.62012, 0.0 ], [ 120.3021, 22.62001, 0.0 ], [ 120.3022, 22.61964, 0.0 ], [ 120.3024, 22.61927, 0.0 ], [ 120.3025, 22.61887, 0.0 ], [ 120.3027, 22.61844, 0.0 ], [ 120.3032, 22.6171, 0.0 ], [ 120.3032, 22.61699, 0.0 ], [ 120.3033, 22.61688, 0.0 ], [ 120.3033, 22.61685, 0.0 ], [ 120.3033, 22.61682, 0.0 ], [ 120.3033, 22.61679, 0.0 ], [ 120.3038, 22.61547, 0.0 ], [ 120.3044, 22.61391, 0.0 ], [ 120.3049, 22.61279, 0.0 ], [ 120.3049, 22.61243, 0.0 ], [ 120.305, 22.61234, 0.0 ], [ 120.305, 22.61224, 0.0 ], [ 120.3051, 22.61192, 0.0 ], [ 120.3053, 22.61135, 0.0 ], [ 120.3057, 22.61044, 0.0 ], [ 120.3057, 22.61024, 0.0 ], [ 120.3062, 22.60911, 0.0 ], [ 120.3063, 22.60885, 0.0 ], [ 120.3065, 22.60834, 0.0 ], [ 120.3069, 22.60726, 0.0 ], [ 120.307, 22.60715, 0.0 ], [ 120.3086, 22.60499, 0.0 ], [ 120.3087, 22.60489, 0.0 ], [ 120.3088, 22.60479, 0.0 ], [ 120.3088, 22.6047, 0.0 ], [ 120.3093, 22.60406, 0.0 ], [ 120.3099, 22.60328, 0.0 ], [ 120.311, 22.60199, 0.0 ], [ 120.3112, 22.6017, 0.0 ], [ 120.3113, 22.60163, 0.0 ], [ 120.3124, 22.60021, 0.0 ], [ 120.3138, 22.59847, 0.0 ], [ 120.3152, 22.59675, 0.0 ], [ 120.3153, 22.5966, 0.0 ], [ 120.3154, 22.59644, 0.0 ], [ 120.3157, 22.59606, 0.0 ], [ 120.3158, 22.59595, 0.0 ], [ 120.3157, 22.59586, 0.0 ], [ 120.3161, 22.59533, 0.0 ], [ 120.3167, 22.59467, 0.0 ], [ 120.3179, 22.59315, 0.0 ], [ 120.3182, 22.59282, 0.0 ], [ 120.3183, 22.59266, 0.0 ], [ 120.3185, 22.59238, 0.0 ], [ 120.3187, 22.59222, 0.0 ], [ 120.3195, 22.59132, 0.0 ], [ 120.3202, 22.59049, 0.0 ], [ 120.321, 22.58956, 0.0 ], [ 120.3216, 22.58877, 0.0 ], [ 120.3218, 22.58855, 0.0 ], [ 120.3218, 22.5884, 0.0 ], [ 120.3219, 22.58829, 0.0 ], [ 120.3221, 22.58814, 0.0 ], [ 120.3223, 22.58788, 0.0 ], [ 120.3224, 22.58784, 0.0 ], [ 120.3231, 22.58705, 0.0 ], [ 120.3236, 22.5864, 0.0 ], [ 120.3246, 22.58512, 0.0 ], [ 120.3255, 22.58411, 0.0 ], [ 120.3255, 22.58403, 0.0 ], [ 120.3256, 22.58393, 0.0 ], [ 120.3256, 22.58384, 0.0 ], [ 120.3258, 22.58365, 0.0 ], [ 120.3258, 22.58363, 0.0 ], [ 120.3259, 22.58354, 0.0 ], [ 120.3261, 22.58341, 0.0 ], [ 120.3266, 22.58282, 0.0 ], [ 120.327, 22.58236, 0.0 ], [ 120.3275, 22.58174, 0.0 ], [ 120.328, 22.5811, 0.0 ], [ 120.3286, 22.58047, 0.0 ], [ 120.3286, 22.58034, 0.0 ], [ 120.3288, 22.58012, 0.0 ], [ 120.3289, 22.58007, 0.0 ], [ 120.329, 22.57991, 0.0 ], [ 120.3296, 22.57929, 0.0 ], [ 120.3303, 22.57837, 0.0 ], [ 120.3308, 22.57779, 0.0 ], [ 120.3314, 22.5771, 0.0 ], [ 120.3317, 22.57678, 0.0 ], [ 120.3317, 22.57667, 0.0 ], [ 120.3317, 22.57662, 0.0 ], [ 120.3318, 22.57652, 0.0 ], [ 120.332, 22.57633, 0.0 ], [ 120.332, 22.57631, 0.0 ], [ 120.3321, 22.57626, 0.0 ], [ 120.3322, 22.57615, 0.0 ], [ 120.3324, 22.57597, 0.0 ], [ 120.3328, 22.57552, 0.0 ], [ 120.333, 22.57528, 0.0 ], [ 120.3331, 22.57508, 0.0 ], [ 120.3332, 22.57493, 0.0 ], [ 120.3335, 22.57459, 0.0 ], [ 120.3337, 22.5742, 0.0 ], [ 120.334, 22.57385, 0.0 ], [ 120.3341, 22.57372, 0.0 ], [ 120.3341, 22.57363, 0.0 ], [ 120.3345, 22.57323, 0.0 ], [ 120.335, 22.5726, 0.0 ], [ 120.3357, 22.57178, 0.0 ], [ 120.3362, 22.57121, 0.0 ], [ 120.3366, 22.5707, 0.0 ], [ 120.337, 22.5705, 0.0 ], [ 120.3373, 22.57019, 0.0 ], [ 120.3376, 22.56982, 0.0 ], [ 120.3378, 22.56966, 0.0 ], [ 120.3379, 22.56965, 0.0 ], [ 120.3381, 22.56965, 0.0 ], [ 120.3386, 22.56962, 0.0 ], [ 120.339, 22.5696, 0.0 ], [ 120.341, 22.56955, 0.0 ], [ 120.343, 22.5695, 0.0 ], [ 120.344, 22.56946, 0.0 ], [ 120.3468, 22.56938, 0.0 ], [ 120.3482, 22.56936, 0.0 ], [ 120.3492, 22.56934, 0.0 ], [ 120.3494, 22.56927, 0.0 ], [ 120.3497, 22.56911, 0.0 ], [ 120.3508, 22.56785, 0.0 ], [ 120.351, 22.56778, 0.0 ], [ 120.3512, 22.56749, 0.0 ], [ 120.3517, 22.56692, 0.0 ], [ 120.3521, 22.56658, 0.0 ], [ 120.3523, 22.56624, 0.0 ], [ 120.3548, 22.56362, 0.0 ], [ 120.3556, 22.5626, 0.0 ], [ 120.3557, 22.56248, 0.0 ], [ 120.3558, 22.56245, 0.0 ], [ 120.3569, 22.5611, 0.0 ], [ 120.357, 22.56101, 0.0 ], [ 120.3587, 22.55879, 0.0 ], [ 120.3611, 22.5558, 0.0 ], [ 120.3624, 22.55423, 0.0 ], [ 120.3629, 22.55362, 0.0 ], [ 120.3633, 22.55309, 0.0 ], [ 120.3636, 22.55255, 0.0 ], [ 120.3638, 22.55225, 0.0 ], [ 120.3638, 22.55206, 0.0 ], [ 120.3641, 22.55174, 0.0 ], [ 120.3648, 22.55077, 0.0 ], [ 120.3656, 22.54968, 0.0 ], [ 120.3664, 22.54856, 0.0 ], [ 120.3671, 22.54754, 0.0 ], [ 120.3679, 22.54645, 0.0 ], [ 120.3686, 22.54556, 0.0 ], [ 120.3689, 22.5451, 0.0 ], [ 120.3694, 22.54436, 0.0 ], [ 120.3718, 22.54099, 0.0 ], [ 120.3725, 22.53989, 0.0 ], [ 120.3727, 22.53945, 0.0 ], [ 120.3729, 22.53902, 0.0 ], [ 120.373, 22.53869, 0.0 ], [ 120.3731, 22.53832, 0.0 ], [ 120.3731, 22.53774, 0.0 ], [ 120.3731, 22.53699, 0.0 ], [ 120.3731, 22.5366, 0.0 ], [ 120.373, 22.53618, 0.0 ], [ 120.373, 22.53594, 0.0 ], [ 120.3727, 22.53528, 0.0 ], [ 120.3705, 22.5313, 0.0 ], [ 120.3652, 22.52172, 0.0 ], [ 120.3649, 22.52133, 0.0 ], [ 120.3627, 22.51729, 0.0 ], [ 120.3624, 22.5167, 0.0 ], [ 120.3623, 22.51603, 0.0 ], [ 120.3617, 22.51515, 0.0 ], [ 120.3614, 22.51463, 0.0 ], [ 120.3613, 22.5143, 0.0 ], [ 120.3612, 22.51409, 0.0 ], [ 120.3612, 22.51384, 0.0 ], [ 120.3611, 22.51318, 0.0 ], [ 120.3616, 22.51277, 0.0 ], [ 120.3621, 22.51235, 0.0 ], [ 120.3622, 22.51219, 0.0 ], [ 120.3623, 22.51183, 0.0 ], [ 120.3624, 22.51122, 0.0 ], [ 120.3625, 22.51077, 0.0 ], [ 120.3625, 22.51053, 0.0 ], [ 120.3631, 22.51006, 0.0 ], [ 120.3634, 22.5099, 0.0 ], [ 120.3637, 22.50974, 0.0 ], [ 120.3658, 22.50902, 0.0 ], [ 120.3661, 22.50892, 0.0 ], [ 120.3666, 22.50868, 0.0 ], [ 120.3672, 22.50841, 0.0 ], [ 120.3676, 22.50819, 0.0 ], [ 120.3678, 22.50802, 0.0 ], [ 120.368, 22.50781, 0.0 ], [ 120.3686, 22.50718, 0.0 ], [ 120.3689, 22.50689, 0.0 ], [ 120.3704, 22.50577, 0.0 ], [ 120.3707, 22.50561, 0.0 ], [ 120.3708, 22.5055, 0.0 ], [ 120.371, 22.50537, 0.0 ], [ 120.3712, 22.50527, 0.0 ], [ 120.3714, 22.50517, 0.0 ], [ 120.3716, 22.50509, 0.0 ], [ 120.3718, 22.50503, 0.0 ], [ 120.3724, 22.50488, 0.0 ], [ 120.3738, 22.50462, 0.0 ], [ 120.374, 22.50458, 0.0 ], [ 120.3756, 22.50428, 0.0 ], [ 120.3773, 22.50398, 0.0 ], [ 120.3788, 22.50369, 0.0 ], [ 120.38, 22.5035, 0.0 ], [ 120.3804, 22.50343, 0.0 ], [ 120.3808, 22.50339, 0.0 ], [ 120.3811, 22.50336, 0.0 ], [ 120.3817, 22.50334, 0.0 ], [ 120.3818, 22.50336, 0.0 ], [ 120.3821, 22.50339, 0.0 ], [ 120.3823, 22.50339, 0.0 ], [ 120.3825, 22.50335, 0.0 ], [ 120.3828, 22.5033, 0.0 ], [ 120.3829, 22.50325, 0.0 ], [ 120.3831, 22.50314, 0.0 ], [ 120.3832, 22.50304, 0.0 ], [ 120.3833, 22.50296, 0.0 ], [ 120.3834, 22.50284, 0.0 ], [ 120.3835, 22.50257, 0.0 ], [ 120.3836, 22.50244, 0.0 ], [ 120.3836, 22.5023, 0.0 ], [ 120.3839, 22.50188, 0.0 ], [ 120.384, 22.5017, 0.0 ], [ 120.384, 22.50161, 0.0 ], [ 120.3843, 22.50145, 0.0 ], [ 120.385, 22.50096, 0.0 ], [ 120.3851, 22.5009, 0.0 ], [ 120.3855, 22.50068, 0.0 ], [ 120.3867, 22.50024, 0.0 ], [ 120.3869, 22.50017, 0.0 ], [ 120.3879, 22.49999, 0.0 ], [ 120.3886, 22.49991, 0.0 ], [ 120.3893, 22.49986, 0.0 ], [ 120.3896, 22.49986, 0.0 ], [ 120.39, 22.49987, 0.0 ], [ 120.3933, 22.50017, 0.0 ], [ 120.3946, 22.50032, 0.0 ], [ 120.3964, 22.50054, 0.0 ], [ 120.397, 22.5006, 0.0 ], [ 120.3974, 22.50065, 0.0 ], [ 120.3979, 22.50069, 0.0 ], [ 120.3987, 22.50077, 0.0 ], [ 120.4001, 22.50091, 0.0 ], [ 120.4002, 22.50092, 0.0 ], [ 120.4003, 22.50092, 0.0 ], [ 120.4006, 22.50094, 0.0 ], [ 120.4011, 22.50094, 0.0 ], [ 120.4015, 22.50088, 0.0 ], [ 120.402, 22.50072, 0.0 ], [ 120.4044, 22.49985, 0.0 ], [ 120.4047, 22.49976, 0.0 ], [ 120.4063, 22.49913, 0.0 ], [ 120.4065, 22.49905, 0.0 ], [ 120.4068, 22.49896, 0.0 ], [ 120.407, 22.49888, 0.0 ], [ 120.4073, 22.4988, 0.0 ], [ 120.4077, 22.49865, 0.0 ], [ 120.4081, 22.49855, 0.0 ], [ 120.4082, 22.49852, 0.0 ], [ 120.4083, 22.49849, 0.0 ], [ 120.4093, 22.49833, 0.0 ], [ 120.4094, 22.49832, 0.0 ], [ 120.4102, 22.49818, 0.0 ], [ 120.4104, 22.49815, 0.0 ], [ 120.4117, 22.49794, 0.0 ], [ 120.4123, 22.49782, 0.0 ], [ 120.4126, 22.49777, 0.0 ], [ 120.4129, 22.49773, 0.0 ], [ 120.4136, 22.4977, 0.0 ], [ 120.414, 22.4977, 0.0 ], [ 120.4144, 22.49773, 0.0 ], [ 120.4147, 22.49776, 0.0 ], [ 120.4155, 22.49788, 0.0 ], [ 120.4166, 22.4981, 0.0 ], [ 120.4172, 22.49817, 0.0 ], [ 120.4176, 22.49822, 0.0 ], [ 120.4182, 22.49826, 0.0 ], [ 120.4256, 22.49868, 0.0 ], [ 120.4358, 22.49954, 0.0 ], [ 120.4365, 22.49953, 0.0 ], [ 120.4369, 22.49945, 0.0 ], [ 120.437, 22.49941, 0.0 ], [ 120.4372, 22.49932, 0.0 ], [ 120.4385, 22.49871, 0.0 ], [ 120.4406, 22.49764, 0.0 ], [ 120.4414, 22.49731, 0.0 ], [ 120.4418, 22.49711, 0.0 ], [ 120.4423, 22.49682, 0.0 ], [ 120.4424, 22.4968, 0.0 ], [ 120.4433, 22.49647, 0.0 ], [ 120.4438, 22.49629, 0.0 ], [ 120.4443, 22.49608, 0.0 ], [ 120.4454, 22.49573, 0.0 ], [ 120.4467, 22.49532, 0.0 ], [ 120.4469, 22.49527, 0.0 ], [ 120.447, 22.49524, 0.0 ], [ 120.4483, 22.49482, 0.0 ], [ 120.4514, 22.49383, 0.0 ], [ 120.4516, 22.49378, 0.0 ], [ 120.4544, 22.49287, 0.0 ], [ 120.4547, 22.49252, 0.0 ], [ 120.4548, 22.49244, 0.0 ], [ 120.4549, 22.4923, 0.0 ], [ 120.4552, 22.49197, 0.0 ], [ 120.4554, 22.4915, 0.0 ], [ 120.4555, 22.49119, 0.0 ], [ 120.4555, 22.49111, 0.0 ], [ 120.4556, 22.49087, 0.0 ], [ 120.4556, 22.49046, 0.0 ], [ 120.4555, 22.48841, 0.0 ], [ 120.4555, 22.4873, 0.0 ], [ 120.4555, 22.48605, 0.0 ], [ 120.4555, 22.4857, 0.0 ], [ 120.4555, 22.48533, 0.0 ], [ 120.4556, 22.48494, 0.0 ], [ 120.4558, 22.48409, 0.0 ], [ 120.4559, 22.48384, 0.0 ], [ 120.4559, 22.48367, 0.0 ], [ 120.4559, 22.48362, 0.0 ], [ 120.456, 22.48331, 0.0 ], [ 120.4561, 22.4832, 0.0 ], [ 120.4565, 22.48195, 0.0 ], [ 120.4566, 22.48147, 0.0 ], [ 120.4566, 22.48142, 0.0 ], [ 120.457, 22.48043, 0.0 ], [ 120.4571, 22.48019, 0.0 ], [ 120.4572, 22.47991, 0.0 ], [ 120.4575, 22.47967, 0.0 ], [ 120.4575, 22.47958, 0.0 ], [ 120.4576, 22.47951, 0.0 ], [ 120.458, 22.47912, 0.0 ], [ 120.4594, 22.47775, 0.0 ], [ 120.4601, 22.47707, 0.0 ], [ 120.4603, 22.47687, 0.0 ], [ 120.4604, 22.47672, 0.0 ], [ 120.4605, 22.47643, 0.0 ], [ 120.4609, 22.47594, 0.0 ], [ 120.4619, 22.47496, 0.0 ], [ 120.4622, 22.47463, 0.0 ], [ 120.4625, 22.47449, 0.0 ], [ 120.4629, 22.47404, 0.0 ], [ 120.4634, 22.47353, 0.0 ], [ 120.4635, 22.47335, 0.0 ], [ 120.4636, 22.47318, 0.0 ], [ 120.4637, 22.473, 0.0 ], [ 120.4638, 22.47279, 0.0 ], [ 120.4638, 22.47259, 0.0 ], [ 120.4638, 22.47235, 0.0 ], [ 120.4638, 22.4718, 0.0 ], [ 120.4638, 22.4705, 0.0 ], [ 120.4637, 22.47008, 0.0 ], [ 120.4638, 22.46981, 0.0 ], [ 120.4637, 22.46786, 0.0 ], [ 120.4637, 22.46764, 0.0 ], [ 120.4631, 22.46611, 0.0 ], [ 120.4624, 22.46379, 0.0 ], [ 120.462, 22.46282, 0.0 ], [ 120.4626, 22.46267, 0.0 ], [ 120.4627, 22.46263, 0.0 ], [ 120.4643, 22.46222, 0.0 ], [ 120.4667, 22.46155, 0.0 ], [ 120.4672, 22.4614, 0.0 ], [ 120.4688, 22.46099, 0.0 ], [ 120.4712, 22.46028, 0.0 ], [ 120.4726, 22.45985, 0.0 ], [ 120.4765, 22.45867, 0.0 ], [ 120.4778, 22.45825, 0.0 ], [ 120.4795, 22.45774, 0.0 ], [ 120.4812, 22.45719, 0.0 ], [ 120.4831, 22.45663, 0.0 ], [ 120.4841, 22.45626, 0.0 ], [ 120.4861, 22.4556, 0.0 ], [ 120.4877, 22.45509, 0.0 ], [ 120.4907, 22.45419, 0.0 ], [ 120.4911, 22.45406, 0.0 ], [ 120.4928, 22.45356, 0.0 ], [ 120.4928, 22.45354, 0.0 ], [ 120.4941, 22.45318, 0.0 ], [ 120.4946, 22.45303, 0.0 ], [ 120.4962, 22.4526, 0.0 ], [ 120.4963, 22.45257, 0.0 ], [ 120.4966, 22.4525, 0.0 ], [ 120.498, 22.45213, 0.0 ], [ 120.4986, 22.45197, 0.0 ], [ 120.4997, 22.45168, 0.0 ], [ 120.4997, 22.45167, 0.0 ], [ 120.5004, 22.45145, 0.0 ], [ 120.5007, 22.45129, 0.0 ], [ 120.5012, 22.45093, 0.0 ], [ 120.5022, 22.44979, 0.0 ], [ 120.5022, 22.4497, 0.0 ], [ 120.5032, 22.44852, 0.0 ], [ 120.5033, 22.44848, 0.0 ], [ 120.504, 22.44756, 0.0 ], [ 120.5042, 22.44737, 0.0 ], [ 120.5049, 22.44651, 0.0 ], [ 120.5057, 22.44554, 0.0 ], [ 120.5058, 22.44543, 0.0 ], [ 120.5058, 22.44538, 0.0 ], [ 120.5059, 22.44529, 0.0 ], [ 120.506, 22.44519, 0.0 ], [ 120.5067, 22.4444, 0.0 ], [ 120.5082, 22.44257, 0.0 ], [ 120.5087, 22.44194, 0.0 ], [ 120.5092, 22.44142, 0.0 ], [ 120.5092, 22.44139, 0.0 ], [ 120.5093, 22.44125, 0.0 ], [ 120.5108, 22.43945, 0.0 ], [ 120.5127, 22.43724, 0.0 ], [ 120.5132, 22.43659, 0.0 ], [ 120.5135, 22.4362, 0.0 ], [ 120.514, 22.43569, 0.0 ], [ 120.5148, 22.4347, 0.0 ], [ 120.515, 22.43443, 0.0 ], [ 120.515, 22.43439, 0.0 ], [ 120.5151, 22.43428, 0.0 ], [ 120.5155, 22.43399, 0.0 ], [ 120.5157, 22.43383, 0.0 ], [ 120.5164, 22.43341, 0.0 ], [ 120.5166, 22.43327, 0.0 ], [ 120.5172, 22.4329, 0.0 ], [ 120.5175, 22.4327, 0.0 ], [ 120.5179, 22.43253, 0.0 ], [ 120.5182, 22.43242, 0.0 ], [ 120.5183, 22.43241, 0.0 ], [ 120.5186, 22.43233, 0.0 ], [ 120.5195, 22.43213, 0.0 ], [ 120.5198, 22.43204, 0.0 ], [ 120.5218, 22.43128, 0.0 ], [ 120.5239, 22.43047, 0.0 ], [ 120.5248, 22.43011, 0.0 ], [ 120.5252, 22.42996, 0.0 ], [ 120.5258, 22.42971, 0.0 ], [ 120.5262, 22.42942, 0.0 ], [ 120.5263, 22.42938, 0.0 ], [ 120.5267, 22.4291, 0.0 ], [ 120.5269, 22.42897, 0.0 ], [ 120.5272, 22.42874, 0.0 ], [ 120.5283, 22.42808, 0.0 ], [ 120.5288, 22.42772, 0.0 ], [ 120.5293, 22.42743, 0.0 ], [ 120.5307, 22.42649, 0.0 ], [ 120.5313, 22.42613, 0.0 ], [ 120.5323, 22.42544, 0.0 ], [ 120.533, 22.42503, 0.0 ], [ 120.533, 22.42499, 0.0 ], [ 120.5333, 22.42486, 0.0 ], [ 120.5333, 22.42481, 0.0 ], [ 120.5347, 22.42396, 0.0 ], [ 120.5353, 22.42357, 0.0 ], [ 120.5372, 22.42227, 0.0 ], [ 120.5376, 22.42203, 0.0 ], [ 120.5392, 22.42097, 0.0 ], [ 120.5399, 22.42052, 0.0 ], [ 120.5411, 22.4197, 0.0 ], [ 120.5419, 22.41922, 0.0 ], [ 120.5422, 22.419, 0.0 ], [ 120.5428, 22.41863, 0.0 ], [ 120.5429, 22.41856, 0.0 ], [ 120.5449, 22.41725, 0.0 ], [ 120.5464, 22.41624, 0.0 ], [ 120.5473, 22.41566, 0.0 ], [ 120.5477, 22.41546, 0.0 ], [ 120.548, 22.41531, 0.0 ], [ 120.5485, 22.41517, 0.0 ], [ 120.5493, 22.41504, 0.0 ], [ 120.5494, 22.41501, 0.0 ], [ 120.5497, 22.41494, 0.0 ], [ 120.5499, 22.4149, 0.0 ], [ 120.5506, 22.41469, 0.0 ], [ 120.5512, 22.4145, 0.0 ], [ 120.5524, 22.41405, 0.0 ], [ 120.5529, 22.41385, 0.0 ], [ 120.554, 22.41346, 0.0 ], [ 120.5556, 22.41289, 0.0 ], [ 120.5574, 22.41226, 0.0 ], [ 120.5588, 22.41171, 0.0 ], [ 120.5598, 22.4114, 0.0 ], [ 120.5621, 22.41065, 0.0 ], [ 120.5631, 22.41024, 0.0 ], [ 120.5637, 22.40986, 0.0 ], [ 120.5646, 22.40932, 0.0 ], [ 120.5647, 22.40926, 0.0 ], [ 120.5648, 22.40919, 0.0 ], [ 120.5686, 22.40693, 0.0 ], [ 120.5686, 22.40691, 0.0 ], [ 120.5689, 22.40669, 0.0 ], [ 120.5706, 22.40571, 0.0 ], [ 120.571, 22.40553, 0.0 ], [ 120.5719, 22.40521, 0.0 ], [ 120.5724, 22.40505, 0.0 ], [ 120.5732, 22.4049, 0.0 ], [ 120.5739, 22.40485, 0.0 ], [ 120.5754, 22.40484, 0.0 ], [ 120.5755, 22.40484, 0.0 ], [ 120.5758, 22.40484, 0.0 ], [ 120.5762, 22.40485, 0.0 ], [ 120.5763, 22.40486, 0.0 ], [ 120.5765, 22.40486, 0.0 ], [ 120.5766, 22.40486, 0.0 ], [ 120.577, 22.40487, 0.0 ], [ 120.5774, 22.40487, 0.0 ], [ 120.5776, 22.40487, 0.0 ], [ 120.5777, 22.40487, 0.0 ], [ 120.5778, 22.40488, 0.0 ], [ 120.5782, 22.40489, 0.0 ], [ 120.5786, 22.4049, 0.0 ], [ 120.579, 22.4049, 0.0 ], [ 120.5794, 22.4049, 0.0 ], [ 120.5799, 22.40489, 0.0 ], [ 120.5801, 22.40488, 0.0 ], [ 120.5802, 22.40487, 0.0 ], [ 120.5806, 22.4048, 0.0 ], [ 120.5807, 22.40479, 0.0 ], [ 120.5811, 22.40471, 0.0 ], [ 120.5814, 22.40462, 0.0 ], [ 120.5816, 22.40455, 0.0 ], [ 120.5821, 22.40431, 0.0 ], [ 120.5822, 22.40422, 0.0 ], [ 120.5825, 22.40405, 0.0 ], [ 120.583, 22.40366, 0.0 ], [ 120.5833, 22.4033, 0.0 ], [ 120.5837, 22.40279, 0.0 ], [ 120.5848, 22.4011, 0.0 ], [ 120.5849, 22.40092, 0.0 ], [ 120.585, 22.40076, 0.0 ], [ 120.588, 22.39616, 0.0 ], [ 120.5888, 22.39476, 0.0 ], [ 120.5892, 22.39418, 0.0 ], [ 120.5906, 22.39199, 0.0 ], [ 120.5915, 22.39062, 0.0 ], [ 120.5929, 22.38857, 0.0 ], [ 120.5932, 22.38821, 0.0 ], [ 120.5941, 22.38713, 0.0 ], [ 120.5942, 22.38703, 0.0 ], [ 120.5942, 22.38687, 0.0 ], [ 120.5944, 22.38655, 0.0 ], [ 120.5944, 22.38635, 0.0 ], [ 120.595, 22.38515, 0.0 ], [ 120.5951, 22.38493, 0.0 ], [ 120.5954, 22.38419, 0.0 ], [ 120.5955, 22.38397, 0.0 ], [ 120.5963, 22.38192, 0.0 ], [ 120.5965, 22.3815, 0.0 ], [ 120.5969, 22.3806, 0.0 ], [ 120.5976, 22.37885, 0.0 ], [ 120.5977, 22.3786, 0.0 ], [ 120.5979, 22.3784, 0.0 ], [ 120.598, 22.37821, 0.0 ], [ 120.5992, 22.37699, 0.0 ], [ 120.6, 22.37615, 0.0 ], [ 120.6003, 22.37586, 0.0 ], [ 120.6013, 22.37482, 0.0 ], [ 120.6035, 22.37253, 0.0 ], [ 120.6037, 22.37227, 0.0 ], [ 120.6038, 22.37222, 0.0 ], [ 120.6042, 22.37178, 0.0 ], [ 120.6054, 22.37057, 0.0 ], [ 120.6068, 22.36906, 0.0 ], [ 120.6072, 22.36875, 0.0 ], [ 120.6077, 22.36792, 0.0 ], [ 120.6078, 22.36746, 0.0 ], [ 120.6079, 22.36697, 0.0 ], [ 120.6079, 22.36695, 0.0 ], [ 120.608, 22.36544, 0.0 ], [ 120.608, 22.36298, 0.0 ], [ 120.608, 22.36037, 0.0 ], [ 120.6081, 22.35993, 0.0 ], [ 120.6081, 22.35836, 0.0 ], [ 120.6081, 22.35601, 0.0 ], [ 120.6081, 22.35471, 0.0 ], [ 120.6082, 22.35375, 0.0 ], [ 120.6082, 22.35181, 0.0 ], [ 120.6083, 22.34895, 0.0 ], [ 120.6086, 22.34801, 0.0 ], [ 120.6087, 22.34785, 0.0 ], [ 120.6092, 22.3471, 0.0 ], [ 120.6112, 22.34393, 0.0 ], [ 120.6113, 22.34377, 0.0 ], [ 120.6115, 22.34345, 0.0 ], [ 120.6128, 22.34141, 0.0 ], [ 120.6129, 22.34128, 0.0 ], [ 120.6132, 22.34069, 0.0 ], [ 120.6141, 22.33779, 0.0 ], [ 120.6142, 22.33742, 0.0 ], [ 120.6149, 22.33542, 0.0 ], [ 120.6153, 22.33484, 0.0 ], [ 120.6166, 22.33353, 0.0 ], [ 120.6183, 22.33182, 0.0 ], [ 120.6215, 22.32895, 0.0 ], [ 120.6223, 22.32835, 0.0 ], [ 120.6232, 22.32757, 0.0 ], [ 120.6236, 22.3272, 0.0 ], [ 120.6242, 22.32671, 0.0 ], [ 120.6265, 22.32519, 0.0 ], [ 120.6289, 22.32361, 0.0 ], [ 120.6293, 22.32339, 0.0 ], [ 120.6294, 22.32317, 0.0 ], [ 120.6304, 22.32203, 0.0 ], [ 120.6306, 22.32187, 0.0 ], [ 120.6315, 22.32065, 0.0 ], [ 120.6328, 22.31901, 0.0 ], [ 120.6341, 22.31725, 0.0 ], [ 120.6342, 22.31719, 0.0 ], [ 120.6357, 22.31538, 0.0 ], [ 120.6388, 22.31182, 0.0 ], [ 120.6391, 22.31154, 0.0 ], [ 120.6395, 22.31115, 0.0 ], [ 120.6402, 22.31037, 0.0 ], [ 120.6416, 22.30827, 0.0 ], [ 120.6421, 22.30738, 0.0 ], [ 120.6422, 22.30694, 0.0 ], [ 120.6423, 22.30582, 0.0 ], [ 120.6423, 22.30569, 0.0 ], [ 120.6423, 22.3052, 0.0 ], [ 120.6425, 22.30459, 0.0 ], [ 120.6426, 22.30437, 0.0 ], [ 120.6428, 22.30395, 0.0 ], [ 120.6433, 22.3026, 0.0 ], [ 120.6435, 22.3016, 0.0 ], [ 120.6438, 22.2999, 0.0 ], [ 120.644, 22.29847, 0.0 ], [ 120.644, 22.29801, 0.0 ], [ 120.6442, 22.2959, 0.0 ], [ 120.6442, 22.29519, 0.0 ], [ 120.6442, 22.29457, 0.0 ], [ 120.6442, 22.2941, 0.0 ], [ 120.6439, 22.29191, 0.0 ], [ 120.6439, 22.29122, 0.0 ], [ 120.644, 22.29085, 0.0 ], [ 120.6446, 22.28896, 0.0 ], [ 120.645, 22.28766, 0.0 ], [ 120.6451, 22.28735, 0.0 ], [ 120.6453, 22.2867, 0.0 ], [ 120.6456, 22.28596, 0.0 ], [ 120.6458, 22.28528, 0.0 ], [ 120.6469, 22.28405, 0.0 ], [ 120.6472, 22.28323, 0.0 ], [ 120.6477, 22.28211, 0.0 ], [ 120.6483, 22.28081, 0.0 ], [ 120.6484, 22.28055, 0.0 ], [ 120.6489, 22.27949, 0.0 ], [ 120.6493, 22.2777, 0.0 ], [ 120.6497, 22.27545, 0.0 ], [ 120.6497, 22.27535, 0.0 ], [ 120.6504, 22.27306, 0.0 ], [ 120.6506, 22.27247, 0.0 ], [ 120.6507, 22.27229, 0.0 ], [ 120.6508, 22.27215, 0.0 ], [ 120.6517, 22.27065, 0.0 ], [ 120.6518, 22.27057, 0.0 ], [ 120.6526, 22.26913, 0.0 ], [ 120.6529, 22.26836, 0.0 ], [ 120.653, 22.26774, 0.0 ], [ 120.6531, 22.26667, 0.0 ], [ 120.6532, 22.2661, 0.0 ], [ 120.6533, 22.26468, 0.0 ], [ 120.6533, 22.26402, 0.0 ], [ 120.6531, 22.26252, 0.0 ], [ 120.6528, 22.25978, 0.0 ], [ 120.6528, 22.2594, 0.0 ], [ 120.6529, 22.25892, 0.0 ], [ 120.653, 22.25859, 0.0 ], [ 120.6536, 22.2574, 0.0 ], [ 120.6551, 22.25463, 0.0 ], [ 120.6552, 22.25428, 0.0 ], [ 120.6566, 22.2517, 0.0 ], [ 120.6571, 22.25022, 0.0 ], [ 120.6573, 22.24976, 0.0 ], [ 120.6577, 22.24923, 0.0 ], [ 120.658, 22.24898, 0.0 ], [ 120.659, 22.24821, 0.0 ], [ 120.661, 22.24646, 0.0 ], [ 120.6663, 22.24166, 0.0 ], [ 120.6666, 22.24133, 0.0 ], [ 120.6669, 22.24107, 0.0 ], [ 120.6673, 22.24064, 0.0 ], [ 120.6684, 22.2395, 0.0 ], [ 120.6688, 22.23902, 0.0 ], [ 120.6689, 22.239, 0.0 ], [ 120.6706, 22.23682, 0.0 ], [ 120.6724, 22.23454, 0.0 ], [ 120.6728, 22.23397, 0.0 ], [ 120.6735, 22.23267, 0.0 ], [ 120.6738, 22.23193, 0.0 ], [ 120.6742, 22.23085, 0.0 ], [ 120.6743, 22.23072, 0.0 ], [ 120.6744, 22.23045, 0.0 ], [ 120.6746, 22.23021, 0.0 ], [ 120.6749, 22.22984, 0.0 ], [ 120.6755, 22.22918, 0.0 ], [ 120.6756, 22.229, 0.0 ], [ 120.6757, 22.22873, 0.0 ], [ 120.6758, 22.22848, 0.0 ], [ 120.6758, 22.22814, 0.0 ], [ 120.6758, 22.22781, 0.0 ], [ 120.6758, 22.22747, 0.0 ], [ 120.6758, 22.22735, 0.0 ], [ 120.6757, 22.22701, 0.0 ], [ 120.6757, 22.22663, 0.0 ], [ 120.6758, 22.2263, 0.0 ], [ 120.6759, 22.22601, 0.0 ], [ 120.676, 22.22589, 0.0 ], [ 120.6761, 22.22572, 0.0 ], [ 120.6764, 22.22551, 0.0 ], [ 120.6766, 22.22537, 0.0 ], [ 120.6774, 22.22497, 0.0 ], [ 120.6777, 22.22472, 0.0 ], [ 120.6777, 22.22457, 0.0 ], [ 120.6778, 22.22439, 0.0 ], [ 120.6778, 22.2243, 0.0 ], [ 120.6779, 22.22414, 0.0 ], [ 120.6779, 22.22398, 0.0 ], [ 120.6779, 22.22382, 0.0 ], [ 120.6778, 22.22372, 0.0 ], [ 120.6778, 22.22356, 0.0 ], [ 120.6778, 22.22348, 0.0 ], [ 120.6775, 22.22286, 0.0 ], [ 120.6775, 22.2227, 0.0 ], [ 120.6775, 22.22252, 0.0 ], [ 120.6775, 22.22244, 0.0 ], [ 120.6775, 22.22234, 0.0 ], [ 120.6776, 22.22209, 0.0 ], [ 120.6778, 22.22185, 0.0 ], [ 120.6782, 22.22118, 0.0 ], [ 120.6784, 22.2208, 0.0 ], [ 120.6786, 22.21978, 0.0 ], [ 120.6787, 22.2194, 0.0 ], [ 120.6788, 22.21921, 0.0 ], [ 120.6789, 22.219, 0.0 ], [ 120.6791, 22.21876, 0.0 ], [ 120.681, 22.21696, 0.0 ], [ 120.6818, 22.21604, 0.0 ], [ 120.683, 22.2144, 0.0 ], [ 120.6836, 22.21349, 0.0 ], [ 120.6836, 22.21347, 0.0 ], [ 120.6846, 22.21207, 0.0 ], [ 120.6847, 22.21191, 0.0 ], [ 120.6853, 22.21102, 0.0 ], [ 120.6857, 22.21029, 0.0 ], [ 120.6861, 22.20946, 0.0 ], [ 120.6871, 22.20697, 0.0 ], [ 120.6871, 22.20683, 0.0 ], [ 120.6873, 22.20634, 0.0 ], [ 120.6876, 22.20584, 0.0 ], [ 120.6876, 22.20575, 0.0 ], [ 120.6877, 22.20536, 0.0 ], [ 120.6879, 22.20489, 0.0 ], [ 120.688, 22.20494, 0.0 ], [ 120.6912, 22.20595, 0.0 ], [ 120.6916, 22.20601, 0.0 ], [ 120.6927, 22.20638, 0.0 ], [ 120.6939, 22.20675, 0.0 ], [ 120.6964, 22.20752, 0.0 ], [ 120.6968, 22.20762, 0.0 ], [ 120.6976, 22.20779, 0.0 ], [ 120.698, 22.20784, 0.0 ], [ 120.6992, 22.20784, 0.0 ], [ 120.6996, 22.20778, 0.0 ], [ 120.7, 22.20768, 0.0 ], [ 120.7003, 22.20758, 0.0 ], [ 120.7007, 22.20745, 0.0 ], [ 120.7022, 22.20687, 0.0 ], [ 120.7024, 22.20679, 0.0 ], [ 120.7029, 22.20663, 0.0 ], [ 120.7033, 22.20652, 0.0 ], [ 120.7036, 22.20647, 0.0 ], [ 120.7044, 22.20643, 0.0 ], [ 120.7048, 22.20643, 0.0 ], [ 120.7053, 22.20645, 0.0 ], [ 120.7059, 22.20654, 0.0 ], [ 120.7066, 22.20666, 0.0 ], [ 120.7106, 22.20743, 0.0 ], [ 120.7117, 22.20769, 0.0 ], [ 120.7118, 22.2077, 0.0 ], [ 120.712, 22.20769, 0.0 ], [ 120.7123, 22.2076, 0.0 ], [ 120.7127, 22.20742, 0.0 ], [ 120.7133, 22.20716, 0.0 ], [ 120.7134, 22.20711, 0.0 ], [ 120.7137, 22.20707, 0.0 ], [ 120.7141, 22.20708, 0.0 ], [ 120.7149, 22.20712, 0.0 ], [ 120.7154, 22.20714, 0.0 ], [ 120.7155, 22.20712, 0.0 ], [ 120.7164, 22.20698, 0.0 ], [ 120.7172, 22.20686, 0.0 ], [ 120.7175, 22.20684, 0.0 ], [ 120.7177, 22.20688, 0.0 ], [ 120.719, 22.20718, 0.0 ], [ 120.7196, 22.20727, 0.0 ], [ 120.7197, 22.20727, 0.0 ], [ 120.7198, 22.20725, 0.0 ], [ 120.72, 22.20722, 0.0 ], [ 120.7201, 22.20716, 0.0 ], [ 120.7205, 22.20698, 0.0 ], [ 120.7209, 22.20667, 0.0 ], [ 120.721, 22.20665, 0.0 ], [ 120.7211, 22.20659, 0.0 ], [ 120.7213, 22.20654, 0.0 ], [ 120.7213, 22.20652, 0.0 ], [ 120.7214, 22.20652, 0.0 ], [ 120.722, 22.2068, 0.0 ], [ 120.7261, 22.20914, 0.0 ], [ 120.7263, 22.20926, 0.0 ], [ 120.7269, 22.20954, 0.0 ], [ 120.7274, 22.20981, 0.0 ], [ 120.7275, 22.20986, 0.0 ], [ 120.7277, 22.20987, 0.0 ], [ 120.7279, 22.20985, 0.0 ], [ 120.7281, 22.20981, 0.0 ], [ 120.7284, 22.20975, 0.0 ], [ 120.7294, 22.20953, 0.0 ], [ 120.7296, 22.2095, 0.0 ], [ 120.7298, 22.2095, 0.0 ], [ 120.7299, 22.20953, 0.0 ], [ 120.73, 22.20957, 0.0 ], [ 120.7302, 22.20966, 0.0 ], [ 120.7314, 22.21068, 0.0 ], [ 120.7315, 22.21074, 0.0 ], [ 120.7318, 22.21081, 0.0 ], [ 120.7324, 22.2109, 0.0 ], [ 120.7327, 22.21088, 0.0 ], [ 120.7329, 22.21082, 0.0 ], [ 120.7333, 22.21056, 0.0 ], [ 120.7338, 22.21026, 0.0 ], [ 120.7341, 22.21012, 0.0 ], [ 120.7343, 22.21009, 0.0 ], [ 120.7344, 22.2101, 0.0 ], [ 120.7345, 22.21014, 0.0 ], [ 120.7351, 22.21037, 0.0 ], [ 120.7354, 22.21052, 0.0 ], [ 120.7359, 22.21102, 0.0 ], [ 120.7361, 22.21115, 0.0 ], [ 120.7362, 22.21119, 0.0 ], [ 120.7363, 22.21121, 0.0 ], [ 120.7368, 22.21117, 0.0 ], [ 120.7372, 22.21119, 0.0 ], [ 120.7374, 22.21117, 0.0 ], [ 120.7375, 22.21114, 0.0 ], [ 120.7376, 22.21108, 0.0 ], [ 120.7381, 22.21074, 0.0 ], [ 120.7382, 22.21068, 0.0 ], [ 120.7382, 22.21061, 0.0 ], [ 120.7382, 22.2105, 0.0 ], [ 120.7382, 22.21038, 0.0 ], [ 120.7382, 22.21032, 0.0 ], [ 120.738, 22.21018, 0.0 ], [ 120.7379, 22.21003, 0.0 ], [ 120.7379, 22.20991, 0.0 ], [ 120.7378, 22.20983, 0.0 ], [ 120.7378, 22.20979, 0.0 ], [ 120.7378, 22.20964, 0.0 ], [ 120.7379, 22.2095, 0.0 ], [ 120.7379, 22.20937, 0.0 ], [ 120.738, 22.20927, 0.0 ], [ 120.7381, 22.20914, 0.0 ], [ 120.7382, 22.20903, 0.0 ], [ 120.7392, 22.20829, 0.0 ], [ 120.7394, 22.20822, 0.0 ], [ 120.7398, 22.20814, 0.0 ], [ 120.7403, 22.20785, 0.0 ], [ 120.7404, 22.20771, 0.0 ], [ 120.7405, 22.20761, 0.0 ], [ 120.7406, 22.20747, 0.0 ], [ 120.7407, 22.20716, 0.0 ], [ 120.7407, 22.20702, 0.0 ], [ 120.7407, 22.20691, 0.0 ], [ 120.7407, 22.20674, 0.0 ], [ 120.7406, 22.20643, 0.0 ], [ 120.7406, 22.20627, 0.0 ], [ 120.7405, 22.20617, 0.0 ], [ 120.7405, 22.2061, 0.0 ], [ 120.7406, 22.20602, 0.0 ], [ 120.7407, 22.20581, 0.0 ], [ 120.7407, 22.20555, 0.0 ], [ 120.7408, 22.20532, 0.0 ], [ 120.7412, 22.20489, 0.0 ], [ 120.7413, 22.20473, 0.0 ], [ 120.7413, 22.20451, 0.0 ], [ 120.7414, 22.20443, 0.0 ], [ 120.7414, 22.20435, 0.0 ], [ 120.7421, 22.20362, 0.0 ], [ 120.7423, 22.20352, 0.0 ], [ 120.7424, 22.20347, 0.0 ], [ 120.7427, 22.20343, 0.0 ], [ 120.7431, 22.20333, 0.0 ], [ 120.7433, 22.20332, 0.0 ], [ 120.7438, 22.20336, 0.0 ], [ 120.744, 22.20339, 0.0 ], [ 120.744, 22.20341, 0.0 ], [ 120.7444, 22.20353, 0.0 ], [ 120.7447, 22.20372, 0.0 ], [ 120.7453, 22.20396, 0.0 ], [ 120.7455, 22.20405, 0.0 ], [ 120.7457, 22.20408, 0.0 ], [ 120.7471, 22.20427, 0.0 ], [ 120.7475, 22.20432, 0.0 ], [ 120.7476, 22.20433, 0.0 ], [ 120.748, 22.20438, 0.0 ], [ 120.7482, 22.20442, 0.0 ], [ 120.7485, 22.20444, 0.0 ], [ 120.7487, 22.20449, 0.0 ], [ 120.7489, 22.20461, 0.0 ], [ 120.7495, 22.20496, 0.0 ], [ 120.7497, 22.20509, 0.0 ], [ 120.7499, 22.20526, 0.0 ], [ 120.7502, 22.20547, 0.0 ], [ 120.7504, 22.20576, 0.0 ], [ 120.7507, 22.2062, 0.0 ], [ 120.751, 22.20661, 0.0 ], [ 120.7512, 22.20685, 0.0 ], [ 120.7512, 22.20693, 0.0 ], [ 120.7514, 22.20703, 0.0 ], [ 120.7517, 22.20713, 0.0 ], [ 120.7519, 22.20728, 0.0 ], [ 120.7522, 22.20768, 0.0 ], [ 120.7524, 22.20794, 0.0 ], [ 120.7525, 22.20806, 0.0 ], [ 120.7526, 22.20818, 0.0 ], [ 120.7526, 22.20857, 0.0 ], [ 120.7527, 22.2087, 0.0 ], [ 120.7528, 22.2088, 0.0 ], [ 120.7529, 22.20887, 0.0 ], [ 120.753, 22.2089, 0.0 ], [ 120.754, 22.20913, 0.0 ], [ 120.7543, 22.20922, 0.0 ], [ 120.7544, 22.20924, 0.0 ], [ 120.7562, 22.20917, 0.0 ], [ 120.7563, 22.20915, 0.0 ], [ 120.7572, 22.20895, 0.0 ], [ 120.7573, 22.20894, 0.0 ], [ 120.7575, 22.209, 0.0 ], [ 120.7579, 22.20927, 0.0 ], [ 120.7581, 22.20948, 0.0 ], [ 120.7582, 22.20959, 0.0 ], [ 120.7585, 22.20965, 0.0 ], [ 120.7588, 22.20966, 0.0 ], [ 120.7591, 22.20958, 0.0 ], [ 120.7591, 22.20959, 0.0 ], [ 120.7593, 22.20966, 0.0 ], [ 120.7593, 22.20972, 0.0 ], [ 120.7593, 22.20975, 0.0 ], [ 120.7595, 22.20995, 0.0 ], [ 120.7597, 22.2102, 0.0 ], [ 120.7599, 22.21034, 0.0 ], [ 120.7601, 22.21064, 0.0 ], [ 120.7603, 22.21073, 0.0 ], [ 120.7604, 22.21081, 0.0 ], [ 120.7606, 22.21087, 0.0 ], [ 120.7609, 22.21091, 0.0 ], [ 120.7613, 22.2109, 0.0 ], [ 120.7618, 22.21078, 0.0 ], [ 120.7622, 22.2106, 0.0 ], [ 120.7624, 22.21053, 0.0 ], [ 120.7626, 22.2105, 0.0 ], [ 120.7627, 22.21051, 0.0 ], [ 120.7629, 22.21056, 0.0 ], [ 120.763, 22.21065, 0.0 ], [ 120.7632, 22.21088, 0.0 ], [ 120.7632, 22.21097, 0.0 ], [ 120.7634, 22.2111, 0.0 ], [ 120.7636, 22.21127, 0.0 ], [ 120.7637, 22.21134, 0.0 ], [ 120.7647, 22.21251, 0.0 ], [ 120.7648, 22.21263, 0.0 ], [ 120.765, 22.21272, 0.0 ], [ 120.7652, 22.21278, 0.0 ], [ 120.7657, 22.21291, 0.0 ], [ 120.7661, 22.21295, 0.0 ], [ 120.7662, 22.21298, 0.0 ], [ 120.7664, 22.21307, 0.0 ], [ 120.7667, 22.21334, 0.0 ], [ 120.7671, 22.21358, 0.0 ], [ 120.7674, 22.2137, 0.0 ], [ 120.7676, 22.21371, 0.0 ], [ 120.7679, 22.2137, 0.0 ], [ 120.7683, 22.21379, 0.0 ], [ 120.7684, 22.21384, 0.0 ], [ 120.7686, 22.21401, 0.0 ], [ 120.7687, 22.21419, 0.0 ], [ 120.7688, 22.21439, 0.0 ], [ 120.7689, 22.21466, 0.0 ], [ 120.7691, 22.21483, 0.0 ], [ 120.7693, 22.21507, 0.0 ], [ 120.7695, 22.21518, 0.0 ], [ 120.7696, 22.21523, 0.0 ], [ 120.7698, 22.21518, 0.0 ], [ 120.77, 22.21506, 0.0 ], [ 120.7702, 22.21502, 0.0 ], [ 120.7706, 22.21504, 0.0 ], [ 120.771, 22.21501, 0.0 ], [ 120.7714, 22.21508, 0.0 ], [ 120.7717, 22.2152, 0.0 ], [ 120.772, 22.21537, 0.0 ], [ 120.7721, 22.21543, 0.0 ], [ 120.7726, 22.21554, 0.0 ], [ 120.7728, 22.21564, 0.0 ], [ 120.773, 22.21582, 0.0 ], [ 120.7734, 22.21608, 0.0 ], [ 120.7737, 22.21628, 0.0 ], [ 120.7738, 22.21632, 0.0 ], [ 120.7739, 22.21631, 0.0 ], [ 120.774, 22.21622, 0.0 ], [ 120.774, 22.21614, 0.0 ], [ 120.7742, 22.21588, 0.0 ], [ 120.7744, 22.21566, 0.0 ], [ 120.7746, 22.21549, 0.0 ], [ 120.7749, 22.2153, 0.0 ], [ 120.7752, 22.21517, 0.0 ], [ 120.7754, 22.21512, 0.0 ], [ 120.7757, 22.21509, 0.0 ], [ 120.7762, 22.2151, 0.0 ], [ 120.7766, 22.21507, 0.0 ], [ 120.7769, 22.21501, 0.0 ], [ 120.7773, 22.21482, 0.0 ], [ 120.7781, 22.21459, 0.0 ], [ 120.7789, 22.21441, 0.0 ], [ 120.7796, 22.21422, 0.0 ], [ 120.7799, 22.21404, 0.0 ], [ 120.7802, 22.21385, 0.0 ], [ 120.7805, 22.21351, 0.0 ], [ 120.7806, 22.21337, 0.0 ], [ 120.7808, 22.21335, 0.0 ], [ 120.7813, 22.21341, 0.0 ], [ 120.7815, 22.21344, 0.0 ], [ 120.782, 22.21341, 0.0 ], [ 120.7821, 22.21343, 0.0 ], [ 120.7823, 22.21348, 0.0 ], [ 120.783, 22.21412, 0.0 ], [ 120.7831, 22.21416, 0.0 ], [ 120.7833, 22.21425, 0.0 ], [ 120.7835, 22.21431, 0.0 ], [ 120.7836, 22.21434, 0.0 ], [ 120.7856, 22.21468, 0.0 ], [ 120.7858, 22.21474, 0.0 ], [ 120.7861, 22.21474, 0.0 ], [ 120.7862, 22.2147, 0.0 ], [ 120.7866, 22.21458, 0.0 ], [ 120.7868, 22.21448, 0.0 ], [ 120.7871, 22.21441, 0.0 ], [ 120.7874, 22.21435, 0.0 ], [ 120.7878, 22.21432, 0.0 ], [ 120.7895, 22.2142, 0.0 ], [ 120.7898, 22.21421, 0.0 ], [ 120.79, 22.21425, 0.0 ], [ 120.7902, 22.21434, 0.0 ], [ 120.7908, 22.21466, 0.0 ], [ 120.791, 22.21474, 0.0 ], [ 120.7911, 22.21478, 0.0 ], [ 120.7913, 22.2148, 0.0 ], [ 120.7915, 22.21478, 0.0 ], [ 120.7918, 22.21473, 0.0 ], [ 120.792, 22.21474, 0.0 ], [ 120.7922, 22.21485, 0.0 ], [ 120.7925, 22.21513, 0.0 ], [ 120.7927, 22.21528, 0.0 ], [ 120.7928, 22.21549, 0.0 ], [ 120.7936, 22.21876, 0.0 ], [ 120.794, 22.22001, 0.0 ], [ 120.7941, 22.22018, 0.0 ], [ 120.7942, 22.2203, 0.0 ], [ 120.7944, 22.2204, 0.0 ], [ 120.7946, 22.2205, 0.0 ], [ 120.7948, 22.22062, 0.0 ], [ 120.7949, 22.22084, 0.0 ], [ 120.7951, 22.2214, 0.0 ], [ 120.7952, 22.22153, 0.0 ], [ 120.7953, 22.22166, 0.0 ], [ 120.7961, 22.22233, 0.0 ], [ 120.7962, 22.22246, 0.0 ], [ 120.7963, 22.22259, 0.0 ], [ 120.7963, 22.22271, 0.0 ], [ 120.7963, 22.22319, 0.0 ], [ 120.7963, 22.22333, 0.0 ], [ 120.7962, 22.22375, 0.0 ], [ 120.7961, 22.22441, 0.0 ], [ 120.7961, 22.22497, 0.0 ], [ 120.7961, 22.2251, 0.0 ], [ 120.7962, 22.22524, 0.0 ], [ 120.7966, 22.22549, 0.0 ], [ 120.7967, 22.22568, 0.0 ], [ 120.7969, 22.22603, 0.0 ], [ 120.7969, 22.22617, 0.0 ], [ 120.7967, 22.22687, 0.0 ], [ 120.7967, 22.22709, 0.0 ], [ 120.7969, 22.22829, 0.0 ], [ 120.7968, 22.22886, 0.0 ], [ 120.7968, 22.22913, 0.0 ], [ 120.7971, 22.2295, 0.0 ], [ 120.7973, 22.22966, 0.0 ], [ 120.7974, 22.22974, 0.0 ], [ 120.7976, 22.22978, 0.0 ], [ 120.7979, 22.22975, 0.0 ], [ 120.7983, 22.22958, 0.0 ], [ 120.7986, 22.22952, 0.0 ], [ 120.7987, 22.22952, 0.0 ], [ 120.7991, 22.22954, 0.0 ], [ 120.7994, 22.22956, 0.0 ], [ 120.7995, 22.22959, 0.0 ], [ 120.7996, 22.22972, 0.0 ], [ 120.7997, 22.22984, 0.0 ], [ 120.7997, 22.23006, 0.0 ], [ 120.7995, 22.23067, 0.0 ], [ 120.7995, 22.23085, 0.0 ], [ 120.7995, 22.23097, 0.0 ], [ 120.7996, 22.23106, 0.0 ], [ 120.7997, 22.23114, 0.0 ], [ 120.7999, 22.23119, 0.0 ], [ 120.8003, 22.23121, 0.0 ], [ 120.8006, 22.23126, 0.0 ], [ 120.8008, 22.23134, 0.0 ], [ 120.8012, 22.23161, 0.0 ], [ 120.8014, 22.23177, 0.0 ], [ 120.8014, 22.23188, 0.0 ], [ 120.8014, 22.23205, 0.0 ], [ 120.8014, 22.23221, 0.0 ], [ 120.8013, 22.23234, 0.0 ], [ 120.8012, 22.23256, 0.0 ], [ 120.8012, 22.23271, 0.0 ], [ 120.8013, 22.23285, 0.0 ], [ 120.8017, 22.23325, 0.0 ], [ 120.8018, 22.23343, 0.0 ], [ 120.8018, 22.23387, 0.0 ], [ 120.8018, 22.23406, 0.0 ], [ 120.8018, 22.23416, 0.0 ], [ 120.8019, 22.23425, 0.0 ], [ 120.8024, 22.2345, 0.0 ], [ 120.8026, 22.23461, 0.0 ], [ 120.8027, 22.23475, 0.0 ], [ 120.8028, 22.23487, 0.0 ], [ 120.8029, 22.23507, 0.0 ], [ 120.8029, 22.23541, 0.0 ], [ 120.8029, 22.23566, 0.0 ], [ 120.8033, 22.23639, 0.0 ], [ 120.8034, 22.23674, 0.0 ], [ 120.8034, 22.2371, 0.0 ], [ 120.8035, 22.23748, 0.0 ], [ 120.8036, 22.2381, 0.0 ], [ 120.8037, 22.23842, 0.0 ], [ 120.8037, 22.23864, 0.0 ], [ 120.8038, 22.23874, 0.0 ], [ 120.8039, 22.23881, 0.0 ], [ 120.804, 22.23882, 0.0 ], [ 120.8042, 22.2388, 0.0 ], [ 120.8048, 22.23852, 0.0 ], [ 120.8055, 22.23833, 0.0 ], [ 120.8058, 22.23828, 0.0 ], [ 120.8063, 22.23826, 0.0 ], [ 120.8068, 22.23821, 0.0 ], [ 120.807, 22.23822, 0.0 ], [ 120.8072, 22.23829, 0.0 ], [ 120.8073, 22.2384, 0.0 ], [ 120.8074, 22.23848, 0.0 ], [ 120.8073, 22.23859, 0.0 ], [ 120.8072, 22.23882, 0.0 ], [ 120.8072, 22.23902, 0.0 ], [ 120.8072, 22.23917, 0.0 ], [ 120.8073, 22.23932, 0.0 ], [ 120.8074, 22.23949, 0.0 ], [ 120.8075, 22.23964, 0.0 ], [ 120.8076, 22.23979, 0.0 ], [ 120.8078, 22.23989, 0.0 ], [ 120.808, 22.23985, 0.0 ], [ 120.8081, 22.23987, 0.0 ], [ 120.8083, 22.23996, 0.0 ], [ 120.8084, 22.2403, 0.0 ], [ 120.8085, 22.24052, 0.0 ], [ 120.8086, 22.24067, 0.0 ], [ 120.8087, 22.24075, 0.0 ], [ 120.8091, 22.24088, 0.0 ], [ 120.8094, 22.24102, 0.0 ], [ 120.8095, 22.24113, 0.0 ], [ 120.8096, 22.24124, 0.0 ], [ 120.8096, 22.24136, 0.0 ], [ 120.8096, 22.24198, 0.0 ], [ 120.8097, 22.24208, 0.0 ], [ 120.8097, 22.24219, 0.0 ], [ 120.8099, 22.2423, 0.0 ], [ 120.8101, 22.24241, 0.0 ], [ 120.8103, 22.24246, 0.0 ], [ 120.8106, 22.24246, 0.0 ], [ 120.8107, 22.24242, 0.0 ], [ 120.8109, 22.2423, 0.0 ], [ 120.8111, 22.24224, 0.0 ], [ 120.8113, 22.24221, 0.0 ], [ 120.8114, 22.24221, 0.0 ], [ 120.8116, 22.24224, 0.0 ], [ 120.812, 22.24246, 0.0 ], [ 120.8124, 22.2426, 0.0 ], [ 120.8126, 22.24265, 0.0 ], [ 120.813, 22.24272, 0.0 ], [ 120.8131, 22.24299, 0.0 ], [ 120.8132, 22.24313, 0.0 ], [ 120.8134, 22.24328, 0.0 ], [ 120.8136, 22.24334, 0.0 ], [ 120.8138, 22.24335, 0.0 ], [ 120.8139, 22.24329, 0.0 ], [ 120.8141, 22.24328, 0.0 ], [ 120.8143, 22.24333, 0.0 ], [ 120.8147, 22.24347, 0.0 ], [ 120.8148, 22.24354, 0.0 ], [ 120.815, 22.24356, 0.0 ], [ 120.8151, 22.24353, 0.0 ], [ 120.8153, 22.24343, 0.0 ], [ 120.8155, 22.24339, 0.0 ], [ 120.8158, 22.24337, 0.0 ], [ 120.8161, 22.24344, 0.0 ], [ 120.8164, 22.24359, 0.0 ], [ 120.8171, 22.24359, 0.0 ], [ 120.8175, 22.24362, 0.0 ], [ 120.8177, 22.24367, 0.0 ], [ 120.818, 22.24376, 0.0 ], [ 120.8182, 22.24384, 0.0 ], [ 120.8184, 22.244, 0.0 ], [ 120.8185, 22.24412, 0.0 ], [ 120.8188, 22.24423, 0.0 ], [ 120.8189, 22.24428, 0.0 ], [ 120.8191, 22.24429, 0.0 ], [ 120.8193, 22.24431, 0.0 ], [ 120.8197, 22.2446, 0.0 ], [ 120.8201, 22.24479, 0.0 ], [ 120.8203, 22.24487, 0.0 ], [ 120.8206, 22.24498, 0.0 ], [ 120.8211, 22.24499, 0.0 ], [ 120.8214, 22.24492, 0.0 ], [ 120.822, 22.24471, 0.0 ], [ 120.8221, 22.24466, 0.0 ], [ 120.8223, 22.24469, 0.0 ], [ 120.8224, 22.24472, 0.0 ], [ 120.8225, 22.24481, 0.0 ], [ 120.8226, 22.24491, 0.0 ], [ 120.8226, 22.24502, 0.0 ], [ 120.8228, 22.24508, 0.0 ], [ 120.823, 22.24507, 0.0 ], [ 120.8233, 22.24496, 0.0 ], [ 120.8236, 22.24482, 0.0 ], [ 120.8238, 22.24467, 0.0 ], [ 120.8239, 22.24456, 0.0 ], [ 120.8241, 22.24439, 0.0 ], [ 120.8243, 22.24412, 0.0 ], [ 120.8243, 22.24408, 0.0 ], [ 120.8245, 22.24393, 0.0 ], [ 120.8247, 22.24362, 0.0 ], [ 120.8248, 22.24354, 0.0 ], [ 120.825, 22.24346, 0.0 ], [ 120.8253, 22.24328, 0.0 ], [ 120.8257, 22.24298, 0.0 ], [ 120.826, 22.24275, 0.0 ], [ 120.8261, 22.24271, 0.0 ], [ 120.8262, 22.2427, 0.0 ], [ 120.8263, 22.24273, 0.0 ], [ 120.8265, 22.24284, 0.0 ], [ 120.8267, 22.24307, 0.0 ], [ 120.8268, 22.24316, 0.0 ], [ 120.827, 22.24331, 0.0 ], [ 120.827, 22.24345, 0.0 ], [ 120.827, 22.24381, 0.0 ], [ 120.8271, 22.24397, 0.0 ], [ 120.8273, 22.24433, 0.0 ], [ 120.8274, 22.24453, 0.0 ], [ 120.8274, 22.24471, 0.0 ], [ 120.8275, 22.24484, 0.0 ], [ 120.8276, 22.2449, 0.0 ], [ 120.8277, 22.24494, 0.0 ], [ 120.8282, 22.24501, 0.0 ], [ 120.8284, 22.24499, 0.0 ], [ 120.8285, 22.24492, 0.0 ], [ 120.8287, 22.24477, 0.0 ], [ 120.8289, 22.24461, 0.0 ], [ 120.8291, 22.24434, 0.0 ], [ 120.8292, 22.24407, 0.0 ], [ 120.8293, 22.24383, 0.0 ], [ 120.8292, 22.24339, 0.0 ], [ 120.8292, 22.24331, 0.0 ], [ 120.8293, 22.24325, 0.0 ], [ 120.8294, 22.24328, 0.0 ], [ 120.8298, 22.24356, 0.0 ], [ 120.83, 22.24371, 0.0 ], [ 120.8304, 22.24384, 0.0 ], [ 120.8305, 22.24388, 0.0 ], [ 120.8305, 22.24396, 0.0 ], [ 120.8306, 22.24408, 0.0 ], [ 120.8308, 22.24445, 0.0 ], [ 120.8309, 22.24465, 0.0 ], [ 120.831, 22.24475, 0.0 ], [ 120.8311, 22.24477, 0.0 ], [ 120.8317, 22.24475, 0.0 ], [ 120.8318, 22.24473, 0.0 ], [ 120.832, 22.24466, 0.0 ], [ 120.8321, 22.24456, 0.0 ], [ 120.8322, 22.24376, 0.0 ], [ 120.8323, 22.24348, 0.0 ], [ 120.8324, 22.24335, 0.0 ], [ 120.8325, 22.2432, 0.0 ], [ 120.8326, 22.24318, 0.0 ], [ 120.8328, 22.24317, 0.0 ], [ 120.833, 22.24319, 0.0 ], [ 120.8331, 22.24322, 0.0 ], [ 120.8332, 22.24326, 0.0 ], [ 120.8333, 22.24335, 0.0 ], [ 120.8334, 22.24355, 0.0 ], [ 120.8334, 22.24371, 0.0 ], [ 120.8334, 22.24384, 0.0 ], [ 120.8335, 22.24389, 0.0 ], [ 120.8336, 22.24391, 0.0 ], [ 120.8338, 22.24391, 0.0 ], [ 120.834, 22.24391, 0.0 ], [ 120.8342, 22.24393, 0.0 ], [ 120.8343, 22.24398, 0.0 ], [ 120.8344, 22.24403, 0.0 ], [ 120.8345, 22.24414, 0.0 ], [ 120.8345, 22.24422, 0.0 ], [ 120.8345, 22.2443, 0.0 ], [ 120.8345, 22.24438, 0.0 ], [ 120.8345, 22.24448, 0.0 ], [ 120.8345, 22.24455, 0.0 ], [ 120.8346, 22.24459, 0.0 ], [ 120.8346, 22.24464, 0.0 ], [ 120.8347, 22.24466, 0.0 ], [ 120.835, 22.24463, 0.0 ], [ 120.8351, 22.24465, 0.0 ], [ 120.8352, 22.24472, 0.0 ], [ 120.8354, 22.24502, 0.0 ], [ 120.8355, 22.24524, 0.0 ], [ 120.8355, 22.24528, 0.0 ], [ 120.8356, 22.24544, 0.0 ], [ 120.8355, 22.24561, 0.0 ], [ 120.8355, 22.24572, 0.0 ], [ 120.8354, 22.24587, 0.0 ], [ 120.835, 22.24619, 0.0 ], [ 120.8348, 22.24673, 0.0 ], [ 120.8347, 22.24693, 0.0 ], [ 120.8348, 22.24712, 0.0 ], [ 120.8349, 22.24724, 0.0 ], [ 120.8351, 22.24727, 0.0 ], [ 120.8353, 22.24722, 0.0 ], [ 120.8354, 22.24708, 0.0 ], [ 120.8355, 22.24688, 0.0 ], [ 120.8357, 22.24675, 0.0 ], [ 120.8361, 22.24675, 0.0 ], [ 120.8363, 22.24681, 0.0 ], [ 120.8367, 22.24725, 0.0 ], [ 120.8368, 22.24737, 0.0 ], [ 120.837, 22.24743, 0.0 ], [ 120.8372, 22.24742, 0.0 ], [ 120.8378, 22.24734, 0.0 ], [ 120.8382, 22.24736, 0.0 ], [ 120.8384, 22.24745, 0.0 ], [ 120.8385, 22.24764, 0.0 ], [ 120.8385, 22.24822, 0.0 ], [ 120.8386, 22.24871, 0.0 ], [ 120.8386, 22.24886, 0.0 ], [ 120.8384, 22.24901, 0.0 ], [ 120.8376, 22.24933, 0.0 ], [ 120.8375, 22.24942, 0.0 ], [ 120.8375, 22.24951, 0.0 ], [ 120.8376, 22.24963, 0.0 ], [ 120.8383, 22.25028, 0.0 ], [ 120.8387, 22.25046, 0.0 ], [ 120.8391, 22.25066, 0.0 ], [ 120.8393, 22.25085, 0.0 ], [ 120.8394, 22.25108, 0.0 ], [ 120.8396, 22.25129, 0.0 ], [ 120.8414, 22.25227, 0.0 ], [ 120.8415, 22.25248, 0.0 ], [ 120.8415, 22.25278, 0.0 ], [ 120.8414, 22.25346, 0.0 ], [ 120.8415, 22.25368, 0.0 ], [ 120.8415, 22.25399, 0.0 ], [ 120.8412, 22.25437, 0.0 ], [ 120.8412, 22.25447, 0.0 ], [ 120.8411, 22.25467, 0.0 ], [ 120.8412, 22.25498, 0.0 ], [ 120.8419, 22.25689, 0.0 ], [ 120.8419, 22.25724, 0.0 ], [ 120.8421, 22.25791, 0.0 ], [ 120.8421, 22.2582, 0.0 ], [ 120.8419, 22.25901, 0.0 ], [ 120.8419, 22.25924, 0.0 ], [ 120.842, 22.25936, 0.0 ], [ 120.8421, 22.25942, 0.0 ], [ 120.8423, 22.25946, 0.0 ], [ 120.8424, 22.25941, 0.0 ], [ 120.8426, 22.25933, 0.0 ], [ 120.8427, 22.25932, 0.0 ], [ 120.8428, 22.25929, 0.0 ], [ 120.8434, 22.2594, 0.0 ], [ 120.8439, 22.25953, 0.0 ], [ 120.8441, 22.25973, 0.0 ], [ 120.8443, 22.25979, 0.0 ], [ 120.8447, 22.25976, 0.0 ], [ 120.8448, 22.25979, 0.0 ], [ 120.8451, 22.25992, 0.0 ], [ 120.8452, 22.26008, 0.0 ], [ 120.8452, 22.26021, 0.0 ], [ 120.8452, 22.26068, 0.0 ], [ 120.8451, 22.26112, 0.0 ], [ 120.8451, 22.26144, 0.0 ], [ 120.8454, 22.26156, 0.0 ], [ 120.8456, 22.26156, 0.0 ], [ 120.8457, 22.26153, 0.0 ], [ 120.8459, 22.26146, 0.0 ], [ 120.846, 22.26146, 0.0 ], [ 120.8461, 22.26149, 0.0 ], [ 120.8462, 22.26151, 0.0 ], [ 120.8463, 22.26157, 0.0 ], [ 120.8465, 22.2617, 0.0 ], [ 120.8466, 22.26177, 0.0 ], [ 120.8467, 22.26181, 0.0 ], [ 120.8468, 22.26181, 0.0 ], [ 120.847, 22.26178, 0.0 ], [ 120.8472, 22.26172, 0.0 ], [ 120.8478, 22.26155, 0.0 ], [ 120.8481, 22.26146, 0.0 ], [ 120.8483, 22.26144, 0.0 ], [ 120.8484, 22.26144, 0.0 ], [ 120.8486, 22.26149, 0.0 ], [ 120.8487, 22.26156, 0.0 ], [ 120.8489, 22.26167, 0.0 ], [ 120.8491, 22.2618, 0.0 ], [ 120.8493, 22.262, 0.0 ], [ 120.8494, 22.26215, 0.0 ], [ 120.8495, 22.26227, 0.0 ], [ 120.8496, 22.26245, 0.0 ], [ 120.8499, 22.26296, 0.0 ], [ 120.8499, 22.26307, 0.0 ], [ 120.8499, 22.26318, 0.0 ], [ 120.8499, 22.2633, 0.0 ], [ 120.8498, 22.26357, 0.0 ], [ 120.8498, 22.26372, 0.0 ], [ 120.8497, 22.26391, 0.0 ], [ 120.8498, 22.26428, 0.0 ], [ 120.8498, 22.2645, 0.0 ], [ 120.8497, 22.26471, 0.0 ], [ 120.8497, 22.26492, 0.0 ], [ 120.8496, 22.2651, 0.0 ], [ 120.8493, 22.26579, 0.0 ], [ 120.8493, 22.26596, 0.0 ], [ 120.8492, 22.26607, 0.0 ], [ 120.8492, 22.26617, 0.0 ], [ 120.8492, 22.26628, 0.0 ], [ 120.8494, 22.26645, 0.0 ], [ 120.8496, 22.26687, 0.0 ], [ 120.8497, 22.26709, 0.0 ], [ 120.8498, 22.26727, 0.0 ], [ 120.8498, 22.26744, 0.0 ], [ 120.8499, 22.26753, 0.0 ], [ 120.85, 22.26759, 0.0 ], [ 120.8501, 22.26761, 0.0 ], [ 120.8503, 22.26757, 0.0 ], [ 120.8507, 22.26746, 0.0 ], [ 120.8508, 22.26745, 0.0 ], [ 120.8509, 22.26744, 0.0 ], [ 120.851, 22.26746, 0.0 ], [ 120.8511, 22.2675, 0.0 ], [ 120.8511, 22.26758, 0.0 ], [ 120.8512, 22.2677, 0.0 ], [ 120.8512, 22.26797, 0.0 ], [ 120.8512, 22.26807, 0.0 ], [ 120.8512, 22.26816, 0.0 ], [ 120.8512, 22.26832, 0.0 ], [ 120.8511, 22.26881, 0.0 ], [ 120.8511, 22.26906, 0.0 ], [ 120.8511, 22.26917, 0.0 ], [ 120.8511, 22.26926, 0.0 ], [ 120.8509, 22.26959, 0.0 ], [ 120.8509, 22.26971, 0.0 ], [ 120.8508, 22.26984, 0.0 ], [ 120.8508, 22.26994, 0.0 ], [ 120.8508, 22.27007, 0.0 ], [ 120.8508, 22.27022, 0.0 ], [ 120.8509, 22.27052, 0.0 ], [ 120.851, 22.27069, 0.0 ], [ 120.8511, 22.27075, 0.0 ], [ 120.8511, 22.27082, 0.0 ], [ 120.8513, 22.27088, 0.0 ], [ 120.8514, 22.27093, 0.0 ], [ 120.8515, 22.27095, 0.0 ], [ 120.8516, 22.27096, 0.0 ], [ 120.8517, 22.27095, 0.0 ], [ 120.8518, 22.27092, 0.0 ], [ 120.8519, 22.27085, 0.0 ], [ 120.8522, 22.2706, 0.0 ], [ 120.8523, 22.27046, 0.0 ], [ 120.8525, 22.27032, 0.0 ], [ 120.8525, 22.27021, 0.0 ], [ 120.8526, 22.2701, 0.0 ], [ 120.8526, 22.26993, 0.0 ], [ 120.8527, 22.26957, 0.0 ], [ 120.8528, 22.26948, 0.0 ], [ 120.8528, 22.26941, 0.0 ], [ 120.8529, 22.26937, 0.0 ], [ 120.853, 22.26936, 0.0 ], [ 120.8531, 22.26939, 0.0 ], [ 120.8532, 22.26946, 0.0 ], [ 120.8534, 22.26965, 0.0 ], [ 120.8535, 22.2697, 0.0 ], [ 120.8535, 22.26972, 0.0 ], [ 120.8536, 22.26974, 0.0 ], [ 120.8537, 22.26974, 0.0 ], [ 120.8538, 22.26972, 0.0 ], [ 120.8538, 22.26967, 0.0 ], [ 120.8539, 22.26957, 0.0 ], [ 120.8539, 22.26951, 0.0 ], [ 120.8539, 22.26912, 0.0 ], [ 120.854, 22.26845, 0.0 ], [ 120.854, 22.26835, 0.0 ], [ 120.8541, 22.2683, 0.0 ], [ 120.8541, 22.26826, 0.0 ], [ 120.8542, 22.26824, 0.0 ], [ 120.8543, 22.26823, 0.0 ], [ 120.8544, 22.26827, 0.0 ], [ 120.8546, 22.26836, 0.0 ], [ 120.8547, 22.26843, 0.0 ], [ 120.8549, 22.26847, 0.0 ], [ 120.855, 22.26848, 0.0 ], [ 120.8551, 22.26847, 0.0 ], [ 120.8551, 22.26844, 0.0 ], [ 120.8552, 22.26839, 0.0 ], [ 120.8553, 22.26833, 0.0 ], [ 120.8554, 22.26817, 0.0 ], [ 120.8554, 22.2681, 0.0 ], [ 120.8554, 22.26806, 0.0 ], [ 120.8555, 22.26802, 0.0 ], [ 120.8556, 22.268, 0.0 ], [ 120.8556, 22.26799, 0.0 ], [ 120.8557, 22.268, 0.0 ], [ 120.8558, 22.26803, 0.0 ], [ 120.8561, 22.26812, 0.0 ], [ 120.8562, 22.26815, 0.0 ], [ 120.8563, 22.26813, 0.0 ], [ 120.8564, 22.26807, 0.0 ], [ 120.8565, 22.26804, 0.0 ], [ 120.8567, 22.26768, 0.0 ], [ 120.8567, 22.26762, 0.0 ], [ 120.8568, 22.26747, 0.0 ], [ 120.8571, 22.26731, 0.0 ], [ 120.8573, 22.26723, 0.0 ], [ 120.8574, 22.26721, 0.0 ], [ 120.8574, 22.26723, 0.0 ], [ 120.8575, 22.26725, 0.0 ], [ 120.8576, 22.26731, 0.0 ], [ 120.8577, 22.26744, 0.0 ], [ 120.8578, 22.26799, 0.0 ], [ 120.8579, 22.26813, 0.0 ], [ 120.8579, 22.26826, 0.0 ], [ 120.8579, 22.26847, 0.0 ], [ 120.8579, 22.26855, 0.0 ], [ 120.8579, 22.26864, 0.0 ], [ 120.8578, 22.26881, 0.0 ], [ 120.8577, 22.26912, 0.0 ], [ 120.8577, 22.26922, 0.0 ], [ 120.8577, 22.26933, 0.0 ], [ 120.8577, 22.26953, 0.0 ], [ 120.8577, 22.26962, 0.0 ], [ 120.8577, 22.26971, 0.0 ], [ 120.8578, 22.26976, 0.0 ], [ 120.8578, 22.26979, 0.0 ], [ 120.8578, 22.26985, 0.0 ], [ 120.8579, 22.26988, 0.0 ], [ 120.8581, 22.2699, 0.0 ], [ 120.8582, 22.26983, 0.0 ], [ 120.8582, 22.26978, 0.0 ], [ 120.8585, 22.26931, 0.0 ], [ 120.8588, 22.26888, 0.0 ], [ 120.859, 22.26844, 0.0 ], [ 120.8591, 22.26823, 0.0 ], [ 120.86, 22.26804, 0.0 ], [ 120.8607, 22.26825, 0.0 ], [ 120.861, 22.26846, 0.0 ], [ 120.8614, 22.26902, 0.0 ], [ 120.8616, 22.26909, 0.0 ], [ 120.8617, 22.2692, 0.0 ], [ 120.8623, 22.26938, 0.0 ], [ 120.8625, 22.26955, 0.0 ], [ 120.8628, 22.2699, 0.0 ], [ 120.8628, 22.27006, 0.0 ], [ 120.8626, 22.27082, 0.0 ], [ 120.8625, 22.27124, 0.0 ], [ 120.8626, 22.27163, 0.0 ], [ 120.8619, 22.27265, 0.0 ], [ 120.8619, 22.27274, 0.0 ], [ 120.8619, 22.27325, 0.0 ], [ 120.8619, 22.27351, 0.0 ], [ 120.862, 22.27364, 0.0 ], [ 120.8623, 22.27392, 0.0 ], [ 120.8627, 22.27381, 0.0 ], [ 120.863, 22.27385, 0.0 ], [ 120.8631, 22.27417, 0.0 ], [ 120.8631, 22.27443, 0.0 ], [ 120.863, 22.27472, 0.0 ], [ 120.8629, 22.27505, 0.0 ], [ 120.8628, 22.27518, 0.0 ], [ 120.8621, 22.27571, 0.0 ], [ 120.8619, 22.27603, 0.0 ], [ 120.8618, 22.27626, 0.0 ], [ 120.8618, 22.2763, 0.0 ], [ 120.8619, 22.27679, 0.0 ], [ 120.8622, 22.2771, 0.0 ], [ 120.8622, 22.27754, 0.0 ], [ 120.8623, 22.27767, 0.0 ], [ 120.8626, 22.27774, 0.0 ], [ 120.8629, 22.27767, 0.0 ], [ 120.8631, 22.27759, 0.0 ], [ 120.8632, 22.27718, 0.0 ], [ 120.8634, 22.27711, 0.0 ], [ 120.8635, 22.27714, 0.0 ], [ 120.8637, 22.27732, 0.0 ], [ 120.864, 22.27767, 0.0 ], [ 120.8643, 22.2779, 0.0 ], [ 120.8645, 22.27792, 0.0 ], [ 120.8647, 22.27794, 0.0 ], [ 120.865, 22.27782, 0.0 ], [ 120.8651, 22.27781, 0.0 ], [ 120.8652, 22.27772, 0.0 ], [ 120.8654, 22.27733, 0.0 ], [ 120.8656, 22.27718, 0.0 ], [ 120.8659, 22.27715, 0.0 ], [ 120.8661, 22.27707, 0.0 ], [ 120.8666, 22.2764, 0.0 ], [ 120.8668, 22.27631, 0.0 ], [ 120.867, 22.27632, 0.0 ], [ 120.8671, 22.2765, 0.0 ], [ 120.867, 22.27686, 0.0 ], [ 120.867, 22.27714, 0.0 ], [ 120.8672, 22.27742, 0.0 ], [ 120.8673, 22.27765, 0.0 ], [ 120.8674, 22.27811, 0.0 ], [ 120.8674, 22.27826, 0.0 ], [ 120.8676, 22.27842, 0.0 ], [ 120.8682, 22.27848, 0.0 ], [ 120.8683, 22.27839, 0.0 ], [ 120.8685, 22.27823, 0.0 ], [ 120.8687, 22.27826, 0.0 ], [ 120.8689, 22.27837, 0.0 ], [ 120.8689, 22.27862, 0.0 ], [ 120.8686, 22.27908, 0.0 ], [ 120.8681, 22.27904, 0.0 ], [ 120.8679, 22.27908, 0.0 ], [ 120.8679, 22.27926, 0.0 ], [ 120.8679, 22.27957, 0.0 ], [ 120.868, 22.27968, 0.0 ], [ 120.8682, 22.2797, 0.0 ], [ 120.8686, 22.27977, 0.0 ], [ 120.8689, 22.27995, 0.0 ], [ 120.8689, 22.28045, 0.0 ], [ 120.869, 22.28095, 0.0 ], [ 120.8692, 22.28109, 0.0 ], [ 120.8695, 22.2812, 0.0 ], [ 120.8697, 22.28131, 0.0 ], [ 120.8697, 22.28134, 0.0 ], [ 120.8699, 22.28163, 0.0 ], [ 120.87, 22.2818, 0.0 ], [ 120.8707, 22.28216, 0.0 ], [ 120.8708, 22.28218, 0.0 ], [ 120.871, 22.28214, 0.0 ], [ 120.8714, 22.28161, 0.0 ], [ 120.8716, 22.28148, 0.0 ], [ 120.8718, 22.2814, 0.0 ], [ 120.8723, 22.28133, 0.0 ], [ 120.8724, 22.28137, 0.0 ], [ 120.8726, 22.28154, 0.0 ], [ 120.8726, 22.28174, 0.0 ], [ 120.8723, 22.28201, 0.0 ], [ 120.8723, 22.28214, 0.0 ], [ 120.8721, 22.28248, 0.0 ], [ 120.872, 22.28274, 0.0 ], [ 120.8716, 22.28296, 0.0 ], [ 120.8716, 22.28316, 0.0 ], [ 120.8716, 22.2833, 0.0 ], [ 120.8717, 22.28363, 0.0 ], [ 120.8715, 22.2853, 0.0 ], [ 120.8716, 22.28546, 0.0 ], [ 120.8719, 22.28579, 0.0 ], [ 120.8724, 22.28617, 0.0 ], [ 120.8725, 22.28642, 0.0 ], [ 120.8724, 22.28704, 0.0 ], [ 120.8724, 22.28721, 0.0 ], [ 120.8732, 22.28864, 0.0 ], [ 120.8733, 22.28886, 0.0 ], [ 120.8735, 22.28951, 0.0 ], [ 120.8735, 22.28964, 0.0 ], [ 120.8737, 22.28975, 0.0 ], [ 120.8741, 22.28984, 0.0 ], [ 120.8748, 22.28988, 0.0 ], [ 120.8751, 22.2899, 0.0 ], [ 120.8755, 22.28996, 0.0 ], [ 120.8764, 22.29035, 0.0 ], [ 120.8767, 22.29054, 0.0 ], [ 120.877, 22.29055, 0.0 ], [ 120.8783, 22.29046, 0.0 ], [ 120.8797, 22.29084, 0.0 ], [ 120.88, 22.29091, 0.0 ], [ 120.8804, 22.29116, 0.0 ], [ 120.8804, 22.2912, 0.0 ], [ 120.8809, 22.29151, 0.0 ], [ 120.8812, 22.29184, 0.0 ], [ 120.8822, 22.29333, 0.0 ], [ 120.8826, 22.29384, 0.0 ], [ 120.8831, 22.2942, 0.0 ], [ 120.884, 22.29457, 0.0 ], [ 120.8844, 22.29469, 0.0 ], [ 120.8846, 22.29469, 0.0 ], [ 120.8852, 22.29468, 0.0 ], [ 120.8862, 22.29467, 0.0 ], [ 120.8869, 22.29466, 0.0 ], [ 120.8874, 22.29466, 0.0 ], [ 120.8879, 22.2948, 0.0 ], [ 120.8881, 22.29498, 0.0 ], [ 120.8883, 22.29514, 0.0 ], [ 120.8884, 22.2954, 0.0 ], [ 120.8885, 22.29556, 0.0 ], [ 120.8885, 22.29573, 0.0 ], [ 120.8888, 22.2979, 0.0 ], [ 120.8887, 22.29903, 0.0 ], [ 120.8889, 22.30304, 0.0 ], [ 120.8891, 22.30333, 0.0 ], [ 120.8893, 22.30405, 0.0 ], [ 120.8895, 22.30447, 0.0 ], [ 120.8897, 22.30484, 0.0 ], [ 120.8897, 22.30501, 0.0 ], [ 120.8898, 22.30558, 0.0 ], [ 120.8899, 22.30639, 0.0 ], [ 120.8901, 22.30768, 0.0 ], [ 120.8901, 22.30779, 0.0 ], [ 120.8903, 22.30849, 0.0 ], [ 120.8908, 22.31044, 0.0 ], [ 120.8909, 22.31071, 0.0 ], [ 120.891, 22.31136, 0.0 ], [ 120.8913, 22.31537, 0.0 ], [ 120.8914, 22.3162, 0.0 ], [ 120.8918, 22.32147, 0.0 ], [ 120.8918, 22.32231, 0.0 ], [ 120.8921, 22.32436, 0.0 ], [ 120.8921, 22.32639, 0.0 ], [ 120.8922, 22.32725, 0.0 ], [ 120.8922, 22.32744, 0.0 ], [ 120.8922, 22.32818, 0.0 ], [ 120.8922, 22.32889, 0.0 ], [ 120.8922, 22.32928, 0.0 ], [ 120.8922, 22.33024, 0.0 ], [ 120.8923, 22.33055, 0.0 ], [ 120.8925, 22.33098, 0.0 ], [ 120.8928, 22.33135, 0.0 ], [ 120.8931, 22.33168, 0.0 ], [ 120.8932, 22.33191, 0.0 ], [ 120.8934, 22.33247, 0.0 ], [ 120.8938, 22.3341, 0.0 ], [ 120.8939, 22.33436, 0.0 ], [ 120.894, 22.33598, 0.0 ], [ 120.8941, 22.33662, 0.0 ], [ 120.8941, 22.33716, 0.0 ], [ 120.8941, 22.33748, 0.0 ], [ 120.8939, 22.33778, 0.0 ], [ 120.8933, 22.33846, 0.0 ], [ 120.8931, 22.33896, 0.0 ], [ 120.8931, 22.33973, 0.0 ], [ 120.8932, 22.34061, 0.0 ], [ 120.8932, 22.34065, 0.0 ], [ 120.8934, 22.34094, 0.0 ], [ 120.8936, 22.34118, 0.0 ], [ 120.8938, 22.34134, 0.0 ], [ 120.8953, 22.34207, 0.0 ], [ 120.896, 22.34243, 0.0 ], [ 120.896, 22.34245, 0.0 ], [ 120.8961, 22.34247, 0.0 ], [ 120.8966, 22.34277, 0.0 ], [ 120.8968, 22.34287, 0.0 ], [ 120.897, 22.343, 0.0 ], [ 120.897, 22.34306, 0.0 ], [ 120.8977, 22.34389, 0.0 ], [ 120.8982, 22.34467, 0.0 ], [ 120.899, 22.34598, 0.0 ], [ 120.8999, 22.34786, 0.0 ], [ 120.9002, 22.34847, 0.0 ], [ 120.9013, 22.35139, 0.0 ], [ 120.9014, 22.35169, 0.0 ], [ 120.9016, 22.35226, 0.0 ], [ 120.902, 22.35352, 0.0 ], [ 120.9021, 22.35379, 0.0 ], [ 120.9028, 22.35463, 0.0 ], [ 120.9038, 22.35555, 0.0 ], [ 120.905, 22.35649, 0.0 ], [ 120.9056, 22.35682, 0.0 ], [ 120.9061, 22.35718, 0.0 ], [ 120.9069, 22.35786, 0.0 ], [ 120.9069, 22.35791, 0.0 ], [ 120.907, 22.35804, 0.0 ], [ 120.9071, 22.35815, 0.0 ], [ 120.9071, 22.35846, 0.0 ], [ 120.9071, 22.3585, 0.0 ], [ 120.9071, 22.35882, 0.0 ], [ 120.907, 22.35912, 0.0 ], [ 120.9069, 22.35932, 0.0 ], [ 120.9068, 22.35995, 0.0 ], [ 120.9069, 22.36071, 0.0 ], [ 120.9071, 22.36136, 0.0 ], [ 120.9071, 22.36196, 0.0 ], [ 120.9072, 22.36241, 0.0 ], [ 120.9072, 22.36268, 0.0 ], [ 120.9072, 22.36271, 0.0 ], [ 120.9073, 22.36298, 0.0 ], [ 120.9073, 22.36339, 0.0 ], [ 120.9075, 22.36407, 0.0 ], [ 120.9076, 22.36428, 0.0 ], [ 120.9081, 22.36512, 0.0 ], [ 120.9086, 22.36608, 0.0 ], [ 120.9088, 22.36649, 0.0 ], [ 120.9094, 22.3682, 0.0 ], [ 120.9098, 22.3691, 0.0 ], [ 120.91, 22.36988, 0.0 ], [ 120.9108, 22.37372, 0.0 ], [ 120.9109, 22.37427, 0.0 ], [ 120.911, 22.37506, 0.0 ], [ 120.9117, 22.3776, 0.0 ], [ 120.912, 22.37891, 0.0 ], [ 120.9121, 22.37914, 0.0 ], [ 120.9121, 22.37935, 0.0 ], [ 120.9121, 22.37942, 0.0 ], [ 120.9122, 22.38083, 0.0 ], [ 120.9122, 22.38109, 0.0 ], [ 120.9123, 22.38169, 0.0 ], [ 120.9123, 22.38207, 0.0 ], [ 120.9124, 22.38262, 0.0 ], [ 120.9125, 22.38297, 0.0 ], [ 120.913, 22.3852, 0.0 ], [ 120.9135, 22.38641, 0.0 ], [ 120.9139, 22.38693, 0.0 ], [ 120.9141, 22.3872, 0.0 ], [ 120.9144, 22.38744, 0.0 ], [ 120.9146, 22.38778, 0.0 ], [ 120.9148, 22.38829, 0.0 ], [ 120.9148, 22.38837, 0.0 ], [ 120.9156, 22.38952, 0.0 ], [ 120.9166, 22.39157, 0.0 ], [ 120.917, 22.39264, 0.0 ], [ 120.9173, 22.39293, 0.0 ], [ 120.9176, 22.39331, 0.0 ], [ 120.918, 22.39362, 0.0 ], [ 120.9187, 22.39439, 0.0 ], [ 120.9188, 22.39461, 0.0 ], [ 120.9188, 22.39483, 0.0 ], [ 120.9187, 22.39544, 0.0 ], [ 120.9188, 22.39563, 0.0 ], [ 120.9188, 22.39575, 0.0 ], [ 120.9191, 22.39589, 0.0 ], [ 120.9195, 22.39613, 0.0 ], [ 120.9198, 22.39659, 0.0 ], [ 120.92, 22.39697, 0.0 ], [ 120.9201, 22.39752, 0.0 ], [ 120.9202, 22.39791, 0.0 ], [ 120.9203, 22.39807, 0.0 ], [ 120.9209, 22.39849, 0.0 ], [ 120.9209, 22.39863, 0.0 ], [ 120.9212, 22.3998, 0.0 ], [ 120.9214, 22.40046, 0.0 ], [ 120.9216, 22.40279, 0.0 ], [ 120.9216, 22.40302, 0.0 ], [ 120.9218, 22.40326, 0.0 ], [ 120.9221, 22.40371, 0.0 ], [ 120.9227, 22.40479, 0.0 ], [ 120.9227, 22.40501, 0.0 ], [ 120.9227, 22.40539, 0.0 ], [ 120.9231, 22.40597, 0.0 ], [ 120.9233, 22.40621, 0.0 ], [ 120.9233, 22.40636, 0.0 ], [ 120.9236, 22.40738, 0.0 ], [ 120.9236, 22.4074, 0.0 ], [ 120.9237, 22.40753, 0.0 ], [ 120.9249, 22.41051, 0.0 ], [ 120.9257, 22.41187, 0.0 ], [ 120.9262, 22.41284, 0.0 ], [ 120.9262, 22.41376, 0.0 ], [ 120.9263, 22.41428, 0.0 ], [ 120.9266, 22.41534, 0.0 ], [ 120.9267, 22.41557, 0.0 ], [ 120.927, 22.41601, 0.0 ], [ 120.9276, 22.41671, 0.0 ], [ 120.928, 22.41734, 0.0 ], [ 120.9284, 22.41776, 0.0 ], [ 120.9292, 22.41875, 0.0 ], [ 120.9304, 22.41997, 0.0 ], [ 120.9305, 22.42011, 0.0 ], [ 120.9306, 22.42032, 0.0 ], [ 120.9315, 22.42253, 0.0 ], [ 120.9318, 22.42323, 0.0 ], [ 120.9318, 22.42327, 0.0 ], [ 120.9322, 22.42463, 0.0 ], [ 120.9324, 22.42499, 0.0 ], [ 120.9326, 22.42537, 0.0 ], [ 120.9327, 22.42562, 0.0 ], [ 120.9335, 22.42774, 0.0 ], [ 120.9341, 22.42936, 0.0 ], [ 120.9344, 22.43012, 0.0 ], [ 120.9346, 22.43091, 0.0 ], [ 120.9347, 22.4316, 0.0 ], [ 120.9347, 22.4317, 0.0 ], [ 120.9349, 22.43198, 0.0 ], [ 120.9354, 22.43284, 0.0 ], [ 120.9355, 22.43307, 0.0 ], [ 120.9355, 22.43313, 0.0 ], [ 120.9355, 22.43325, 0.0 ], [ 120.9355, 22.43378, 0.0 ], [ 120.9355, 22.43386, 0.0 ], [ 120.9356, 22.43428, 0.0 ], [ 120.9361, 22.4349, 0.0 ], [ 120.9362, 22.43506, 0.0 ], [ 120.9362, 22.43519, 0.0 ], [ 120.9363, 22.43581, 0.0 ], [ 120.9366, 22.43642, 0.0 ], [ 120.9372, 22.43778, 0.0 ], [ 120.9374, 22.43837, 0.0 ], [ 120.9375, 22.43867, 0.0 ], [ 120.9377, 22.43921, 0.0 ], [ 120.9378, 22.43952, 0.0 ], [ 120.9378, 22.43962, 0.0 ], [ 120.9391, 22.44286, 0.0 ], [ 120.9397, 22.44412, 0.0 ], [ 120.94, 22.44487, 0.0 ], [ 120.9401, 22.44533, 0.0 ], [ 120.9408, 22.44654, 0.0 ], [ 120.9412, 22.44764, 0.0 ], [ 120.9416, 22.44843, 0.0 ], [ 120.9417, 22.44858, 0.0 ], [ 120.9423, 22.45012, 0.0 ], [ 120.9432, 22.45154, 0.0 ], [ 120.9436, 22.45237, 0.0 ], [ 120.9437, 22.4527, 0.0 ], [ 120.9438, 22.45338, 0.0 ], [ 120.9438, 22.45363, 0.0 ], [ 120.944, 22.45437, 0.0 ], [ 120.944, 22.45467, 0.0 ], [ 120.9439, 22.45494, 0.0 ], [ 120.9437, 22.45506, 0.0 ], [ 120.9432, 22.45533, 0.0 ], [ 120.9424, 22.45576, 0.0 ], [ 120.9411, 22.45651, 0.0 ], [ 120.9409, 22.45673, 0.0 ], [ 120.9408, 22.45683, 0.0 ], [ 120.9408, 22.45696, 0.0 ], [ 120.9407, 22.45724, 0.0 ], [ 120.9407, 22.45751, 0.0 ], [ 120.9408, 22.45774, 0.0 ], [ 120.9425, 22.4606, 0.0 ], [ 120.9427, 22.46093, 0.0 ], [ 120.9427, 22.46097, 0.0 ], [ 120.9432, 22.4614, 0.0 ], [ 120.9435, 22.46168, 0.0 ], [ 120.9441, 22.46201, 0.0 ], [ 120.9446, 22.46222, 0.0 ], [ 120.9453, 22.46238, 0.0 ], [ 120.9457, 22.4625, 0.0 ], [ 120.9462, 22.46268, 0.0 ], [ 120.9465, 22.46287, 0.0 ], [ 120.9466, 22.46306, 0.0 ], [ 120.9473, 22.46543, 0.0 ], [ 120.9475, 22.46654, 0.0 ], [ 120.9479, 22.46724, 0.0 ], [ 120.9479, 22.46809, 0.0 ], [ 120.9482, 22.46909, 0.0 ], [ 120.9483, 22.46963, 0.0 ], [ 120.9489, 22.47228, 0.0 ], [ 120.9491, 22.47287, 0.0 ], [ 120.9494, 22.47347, 0.0 ], [ 120.9495, 22.47374, 0.0 ], [ 120.9496, 22.4746, 0.0 ], [ 120.9504, 22.47685, 0.0 ], [ 120.9508, 22.47844, 0.0 ], [ 120.9511, 22.48029, 0.0 ], [ 120.9521, 22.48298, 0.0 ], [ 120.9533, 22.48561, 0.0 ], [ 120.9534, 22.48682, 0.0 ], [ 120.9537, 22.48892, 0.0 ], [ 120.9537, 22.48927, 0.0 ], [ 120.954, 22.49042, 0.0 ], [ 120.9541, 22.4905, 0.0 ], [ 120.9543, 22.49135, 0.0 ], [ 120.9544, 22.49153, 0.0 ], [ 120.9544, 22.49163, 0.0 ], [ 120.9549, 22.49287, 0.0 ], [ 120.9554, 22.49401, 0.0 ], [ 120.9555, 22.49453, 0.0 ], [ 120.956, 22.49558, 0.0 ], [ 120.9562, 22.49647, 0.0 ], [ 120.9565, 22.49729, 0.0 ], [ 120.957, 22.49837, 0.0 ], [ 120.9575, 22.49997, 0.0 ], [ 120.958, 22.50171, 0.0 ], [ 120.958, 22.50213, 0.0 ], [ 120.9579, 22.50276, 0.0 ], [ 120.9579, 22.50323, 0.0 ], [ 120.9579, 22.50416, 0.0 ], [ 120.9581, 22.50472, 0.0 ], [ 120.9582, 22.50511, 0.0 ], [ 120.9586, 22.5061, 0.0 ], [ 120.9592, 22.5073, 0.0 ], [ 120.9598, 22.50849, 0.0 ], [ 120.9602, 22.50922, 0.0 ], [ 120.961, 22.51158, 0.0 ], [ 120.9615, 22.51326, 0.0 ], [ 120.9616, 22.51375, 0.0 ], [ 120.9619, 22.5144, 0.0 ], [ 120.9623, 22.51539, 0.0 ], [ 120.9629, 22.51663, 0.0 ], [ 120.9631, 22.51716, 0.0 ], [ 120.9633, 22.51764, 0.0 ], [ 120.9634, 22.51798, 0.0 ], [ 120.9637, 22.51822, 0.0 ], [ 120.9639, 22.51855, 0.0 ], [ 120.9642, 22.51941, 0.0 ], [ 120.9643, 22.51982, 0.0 ], [ 120.9644, 22.52011, 0.0 ], [ 120.9648, 22.52063, 0.0 ], [ 120.9651, 22.52107, 0.0 ], [ 120.9654, 22.52193, 0.0 ], [ 120.9656, 22.52221, 0.0 ], [ 120.9655, 22.52243, 0.0 ], [ 120.9647, 22.52342, 0.0 ], [ 120.9643, 22.52395, 0.0 ], [ 120.9642, 22.52427, 0.0 ], [ 120.9642, 22.52461, 0.0 ], [ 120.9641, 22.52495, 0.0 ], [ 120.9637, 22.53096, 0.0 ], [ 120.9635, 22.53183, 0.0 ], [ 120.9635, 22.53219, 0.0 ], [ 120.9635, 22.53297, 0.0 ], [ 120.9636, 22.53328, 0.0 ], [ 120.9637, 22.53369, 0.0 ], [ 120.9639, 22.53441, 0.0 ], [ 120.9641, 22.53462, 0.0 ], [ 120.9642, 22.53469, 0.0 ], [ 120.9648, 22.53471, 0.0 ], [ 120.966, 22.5349, 0.0 ], [ 120.967, 22.53486, 0.0 ], [ 120.968, 22.53452, 0.0 ], [ 120.9683, 22.5344, 0.0 ], [ 120.9688, 22.5344, 0.0 ], [ 120.9689, 22.53446, 0.0 ], [ 120.969, 22.53449, 0.0 ], [ 120.9693, 22.53488, 0.0 ], [ 120.9694, 22.53508, 0.0 ], [ 120.9694, 22.53555, 0.0 ], [ 120.9692, 22.53653, 0.0 ], [ 120.9692, 22.53676, 0.0 ], [ 120.9698, 22.53787, 0.0 ], [ 120.9698, 22.53902, 0.0 ], [ 120.9701, 22.5394, 0.0 ], [ 120.9701, 22.53957, 0.0 ], [ 120.9701, 22.53975, 0.0 ], [ 120.9703, 22.54091, 0.0 ], [ 120.9705, 22.54174, 0.0 ], [ 120.9705, 22.54204, 0.0 ], [ 120.9706, 22.54233, 0.0 ], [ 120.9707, 22.54249, 0.0 ], [ 120.9711, 22.54312, 0.0 ], [ 120.9711, 22.54331, 0.0 ], [ 120.971, 22.54373, 0.0 ], [ 120.971, 22.54391, 0.0 ], [ 120.9714, 22.54446, 0.0 ], [ 120.9715, 22.54531, 0.0 ], [ 120.9716, 22.54555, 0.0 ], [ 120.9717, 22.54568, 0.0 ], [ 120.9717, 22.54573, 0.0 ], [ 120.9722, 22.54616, 0.0 ], [ 120.9723, 22.54636, 0.0 ], [ 120.9721, 22.54706, 0.0 ], [ 120.9718, 22.54736, 0.0 ], [ 120.9716, 22.54768, 0.0 ], [ 120.9716, 22.54801, 0.0 ], [ 120.9717, 22.54824, 0.0 ], [ 120.9719, 22.54841, 0.0 ], [ 120.9721, 22.54854, 0.0 ], [ 120.9724, 22.5487, 0.0 ], [ 120.9727, 22.54895, 0.0 ], [ 120.973, 22.54928, 0.0 ], [ 120.9732, 22.54954, 0.0 ], [ 120.9733, 22.54985, 0.0 ], [ 120.9733, 22.55025, 0.0 ], [ 120.9733, 22.55055, 0.0 ], [ 120.9733, 22.55071, 0.0 ], [ 120.9732, 22.55089, 0.0 ], [ 120.9729, 22.55108, 0.0 ], [ 120.9729, 22.55116, 0.0 ], [ 120.9729, 22.55127, 0.0 ], [ 120.973, 22.55154, 0.0 ], [ 120.9731, 22.55163, 0.0 ], [ 120.9732, 22.5517, 0.0 ], [ 120.9734, 22.55178, 0.0 ], [ 120.974, 22.552, 0.0 ], [ 120.9742, 22.5521, 0.0 ], [ 120.9744, 22.5523, 0.0 ], [ 120.9745, 22.5526, 0.0 ], [ 120.9745, 22.55327, 0.0 ], [ 120.9746, 22.55358, 0.0 ], [ 120.9747, 22.55373, 0.0 ], [ 120.9749, 22.5548, 0.0 ], [ 120.9751, 22.55524, 0.0 ], [ 120.9753, 22.55593, 0.0 ], [ 120.9753, 22.55604, 0.0 ], [ 120.9755, 22.5567, 0.0 ], [ 120.9755, 22.55687, 0.0 ], [ 120.9755, 22.55698, 0.0 ], [ 120.9754, 22.55713, 0.0 ], [ 120.9753, 22.55729, 0.0 ], [ 120.9753, 22.55736, 0.0 ], [ 120.9753, 22.55743, 0.0 ], [ 120.9755, 22.55758, 0.0 ], [ 120.9757, 22.55775, 0.0 ], [ 120.9759, 22.55779, 0.0 ], [ 120.9764, 22.55775, 0.0 ], [ 120.9766, 22.55779, 0.0 ], [ 120.977, 22.55798, 0.0 ], [ 120.9771, 22.55807, 0.0 ], [ 120.9773, 22.55867, 0.0 ], [ 120.9772, 22.55896, 0.0 ], [ 120.9773, 22.55914, 0.0 ], [ 120.9773, 22.55926, 0.0 ], [ 120.9774, 22.55941, 0.0 ], [ 120.9778, 22.56018, 0.0 ], [ 120.9778, 22.56039, 0.0 ], [ 120.9778, 22.56058, 0.0 ], [ 120.9778, 22.56101, 0.0 ], [ 120.9778, 22.56121, 0.0 ], [ 120.9779, 22.56137, 0.0 ], [ 120.9781, 22.5617, 0.0 ], [ 120.9783, 22.56185, 0.0 ], [ 120.9783, 22.56198, 0.0 ], [ 120.9783, 22.56209, 0.0 ], [ 120.9782, 22.5622, 0.0 ], [ 120.9781, 22.56229, 0.0 ], [ 120.978, 22.56233, 0.0 ], [ 120.9778, 22.56235, 0.0 ], [ 120.9769, 22.56233, 0.0 ], [ 120.9768, 22.56235, 0.0 ], [ 120.9768, 22.56241, 0.0 ], [ 120.9767, 22.56249, 0.0 ], [ 120.9767, 22.56262, 0.0 ], [ 120.9768, 22.5628, 0.0 ], [ 120.9768, 22.56294, 0.0 ], [ 120.977, 22.56313, 0.0 ], [ 120.9772, 22.5633, 0.0 ], [ 120.9783, 22.56387, 0.0 ], [ 120.9787, 22.56385, 0.0 ], [ 120.9788, 22.56387, 0.0 ], [ 120.9796, 22.56404, 0.0 ], [ 120.9798, 22.5641, 0.0 ], [ 120.9799, 22.56424, 0.0 ], [ 120.9801, 22.56442, 0.0 ], [ 120.9801, 22.56453, 0.0 ], [ 120.9801, 22.56486, 0.0 ], [ 120.9801, 22.56495, 0.0 ], [ 120.98, 22.56507, 0.0 ], [ 120.9799, 22.56516, 0.0 ], [ 120.9797, 22.56536, 0.0 ], [ 120.9794, 22.56575, 0.0 ], [ 120.9793, 22.56596, 0.0 ], [ 120.9793, 22.56622, 0.0 ], [ 120.9793, 22.56641, 0.0 ], [ 120.9794, 22.56692, 0.0 ], [ 120.9795, 22.56702, 0.0 ], [ 120.9797, 22.56709, 0.0 ], [ 120.9798, 22.56708, 0.0 ], [ 120.9799, 22.56702, 0.0 ], [ 120.98, 22.5669, 0.0 ], [ 120.9801, 22.56644, 0.0 ], [ 120.9802, 22.56632, 0.0 ], [ 120.9803, 22.56625, 0.0 ], [ 120.9804, 22.56621, 0.0 ], [ 120.9806, 22.56622, 0.0 ], [ 120.9807, 22.56635, 0.0 ], [ 120.9808, 22.56658, 0.0 ], [ 120.9811, 22.56741, 0.0 ], [ 120.9814, 22.56817, 0.0 ], [ 120.9815, 22.56838, 0.0 ], [ 120.982, 22.56895, 0.0 ], [ 120.9821, 22.56913, 0.0 ], [ 120.9821, 22.56935, 0.0 ], [ 120.9821, 22.56999, 0.0 ], [ 120.9821, 22.57027, 0.0 ], [ 120.9822, 22.57047, 0.0 ], [ 120.9838, 22.5717, 0.0 ], [ 120.9842, 22.57203, 0.0 ], [ 120.9843, 22.57209, 0.0 ], [ 120.9846, 22.57219, 0.0 ], [ 120.9851, 22.57232, 0.0 ], [ 120.9864, 22.57249, 0.0 ], [ 120.9865, 22.57252, 0.0 ], [ 120.987, 22.57266, 0.0 ], [ 120.9873, 22.57279, 0.0 ], [ 120.9875, 22.57285, 0.0 ], [ 120.9876, 22.57293, 0.0 ], [ 120.9881, 22.57326, 0.0 ], [ 120.9887, 22.57367, 0.0 ], [ 120.989, 22.57397, 0.0 ], [ 120.9902, 22.57527, 0.0 ], [ 120.9904, 22.57567, 0.0 ], [ 120.9911, 22.57697, 0.0 ], [ 120.9913, 22.57737, 0.0 ], [ 120.9916, 22.57791, 0.0 ], [ 120.9919, 22.57845, 0.0 ], [ 120.9921, 22.5788, 0.0 ], [ 120.9939, 22.58228, 0.0 ], [ 120.9949, 22.5842, 0.0 ], [ 120.9951, 22.58459, 0.0 ], [ 120.9952, 22.58515, 0.0 ], [ 120.9952, 22.58537, 0.0 ], [ 120.9949, 22.58663, 0.0 ], [ 120.9947, 22.58733, 0.0 ], [ 120.9942, 22.58899, 0.0 ], [ 120.9938, 22.59096, 0.0 ], [ 120.9937, 22.59159, 0.0 ], [ 120.9934, 22.59319, 0.0 ], [ 120.9931, 22.59504, 0.0 ], [ 120.9931, 22.59529, 0.0 ], [ 120.9933, 22.59577, 0.0 ], [ 120.9936, 22.59616, 0.0 ], [ 120.9942, 22.59695, 0.0 ], [ 120.9942, 22.59705, 0.0 ], [ 120.9947, 22.59761, 0.0 ], [ 120.9956, 22.59877, 0.0 ], [ 120.9962, 22.59961, 0.0 ], [ 120.997, 22.60062, 0.0 ], [ 120.9976, 22.6011, 0.0 ], [ 120.9983, 22.60154, 0.0 ], [ 120.9993, 22.60216, 0.0 ], [ 121.0014, 22.60347, 0.0 ], [ 121.0023, 22.60392, 0.0 ], [ 121.0027, 22.60421, 0.0 ], [ 121.0031, 22.60471, 0.0 ], [ 121.004, 22.6064, 0.0 ], [ 121.0048, 22.60793, 0.0 ], [ 121.0057, 22.60958, 0.0 ], [ 121.0067, 22.61142, 0.0 ], [ 121.0068, 22.61168, 0.0 ], [ 121.0073, 22.61252, 0.0 ], [ 121.0076, 22.61321, 0.0 ], [ 121.0078, 22.61457, 0.0 ], [ 121.0085, 22.61576, 0.0 ], [ 121.0086, 22.61603, 0.0 ], [ 121.0098, 22.61795, 0.0 ], [ 121.01, 22.61828, 0.0 ], [ 121.0101, 22.61873, 0.0 ], [ 121.0102, 22.61904, 0.0 ], [ 121.0102, 22.61929, 0.0 ], [ 121.0102, 22.62061, 0.0 ], [ 121.0103, 22.62113, 0.0 ], [ 121.0108, 22.62199, 0.0 ], [ 121.0118, 22.62379, 0.0 ], [ 121.0123, 22.62498, 0.0 ], [ 121.0126, 22.62593, 0.0 ], [ 121.0136, 22.63028, 0.0 ], [ 121.0137, 22.63045, 0.0 ], [ 121.0137, 22.6306, 0.0 ], [ 121.0141, 22.63277, 0.0 ], [ 121.0144, 22.63357, 0.0 ], [ 121.0147, 22.63465, 0.0 ], [ 121.015, 22.63579, 0.0 ], [ 121.0157, 22.63783, 0.0 ], [ 121.0162, 22.6388, 0.0 ], [ 121.0166, 22.63981, 0.0 ], [ 121.0166, 22.64006, 0.0 ], [ 121.0168, 22.64154, 0.0 ], [ 121.017, 22.64226, 0.0 ], [ 121.0171, 22.64235, 0.0 ], [ 121.0172, 22.64265, 0.0 ], [ 121.0178, 22.6438, 0.0 ], [ 121.0179, 22.64413, 0.0 ], [ 121.0182, 22.64506, 0.0 ], [ 121.0183, 22.64541, 0.0 ], [ 121.0183, 22.64561, 0.0 ], [ 121.0184, 22.64573, 0.0 ], [ 121.0185, 22.646, 0.0 ], [ 121.0187, 22.64611, 0.0 ], [ 121.0192, 22.64698, 0.0 ], [ 121.0193, 22.64722, 0.0 ], [ 121.0194, 22.64747, 0.0 ], [ 121.0195, 22.64758, 0.0 ], [ 121.0195, 22.64769, 0.0 ], [ 121.0196, 22.6479, 0.0 ], [ 121.0197, 22.64806, 0.0 ], [ 121.0198, 22.64826, 0.0 ], [ 121.0199, 22.6484, 0.0 ], [ 121.0202, 22.64932, 0.0 ], [ 121.0204, 22.64983, 0.0 ], [ 121.0207, 22.65054, 0.0 ], [ 121.0208, 22.65074, 0.0 ], [ 121.0211, 22.651, 0.0 ], [ 121.0215, 22.65145, 0.0 ], [ 121.0218, 22.65194, 0.0 ], [ 121.0229, 22.65378, 0.0 ], [ 121.023, 22.65392, 0.0 ], [ 121.0235, 22.6546, 0.0 ], [ 121.0238, 22.65511, 0.0 ], [ 121.0245, 22.65636, 0.0 ], [ 121.0252, 22.65745, 0.0 ], [ 121.0256, 22.65828, 0.0 ], [ 121.0261, 22.65906, 0.0 ], [ 121.0261, 22.6591, 0.0 ], [ 121.0264, 22.6594, 0.0 ], [ 121.0276, 22.66094, 0.0 ], [ 121.0282, 22.6616, 0.0 ], [ 121.0282, 22.66178, 0.0 ], [ 121.0282, 22.66192, 0.0 ], [ 121.0286, 22.66244, 0.0 ], [ 121.0287, 22.6626, 0.0 ], [ 121.0292, 22.66346, 0.0 ], [ 121.0296, 22.66398, 0.0 ], [ 121.0308, 22.66502, 0.0 ], [ 121.031, 22.66525, 0.0 ], [ 121.0319, 22.66625, 0.0 ], [ 121.0322, 22.66652, 0.0 ], [ 121.0328, 22.66729, 0.0 ], [ 121.0338, 22.66825, 0.0 ], [ 121.034, 22.66848, 0.0 ], [ 121.0343, 22.66882, 0.0 ], [ 121.0347, 22.66919, 0.0 ], [ 121.0354, 22.66988, 0.0 ], [ 121.0355, 22.66998, 0.0 ], [ 121.0366, 22.67104, 0.0 ], [ 121.0371, 22.67153, 0.0 ], [ 121.038, 22.67249, 0.0 ], [ 121.0381, 22.67262, 0.0 ], [ 121.0387, 22.67326, 0.0 ], [ 121.0389, 22.67347, 0.0 ], [ 121.0392, 22.67376, 0.0 ], [ 121.0396, 22.67414, 0.0 ], [ 121.041, 22.67553, 0.0 ], [ 121.0411, 22.67567, 0.0 ], [ 121.0412, 22.67572, 0.0 ], [ 121.0413, 22.67595, 0.0 ], [ 121.0415, 22.67617, 0.0 ], [ 121.0415, 22.67622, 0.0 ], [ 121.0416, 22.67652, 0.0 ], [ 121.0422, 22.67934, 0.0 ], [ 121.0424, 22.68029, 0.0 ], [ 121.0426, 22.68086, 0.0 ], [ 121.0427, 22.68128, 0.0 ], [ 121.0427, 22.68144, 0.0 ], [ 121.0428, 22.68205, 0.0 ], [ 121.0433, 22.6838, 0.0 ], [ 121.0434, 22.68432, 0.0 ], [ 121.0435, 22.6845, 0.0 ], [ 121.0435, 22.68452, 0.0 ], [ 121.0436, 22.6847, 0.0 ], [ 121.0437, 22.68482, 0.0 ], [ 121.0448, 22.68697, 0.0 ], [ 121.0448, 22.68707, 0.0 ], [ 121.0449, 22.68717, 0.0 ], [ 121.0454, 22.68809, 0.0 ], [ 121.0456, 22.68837, 0.0 ], [ 121.0462, 22.68944, 0.0 ], [ 121.0467, 22.69034, 0.0 ], [ 121.0464, 22.69055, 0.0 ], [ 121.0465, 22.69091, 0.0 ], [ 121.0465, 22.69134, 0.0 ], [ 121.046, 22.6933, 0.0 ], [ 121.046, 22.69333, 0.0 ], [ 121.0459, 22.69363, 0.0 ], [ 121.0457, 22.69428, 0.0 ], [ 121.0456, 22.69448, 0.0 ], [ 121.0455, 22.69463, 0.0 ], [ 121.0454, 22.69478, 0.0 ], [ 121.0453, 22.69493, 0.0 ], [ 121.045, 22.69522, 0.0 ], [ 121.0447, 22.69564, 0.0 ], [ 121.0442, 22.69611, 0.0 ], [ 121.0439, 22.69653, 0.0 ], [ 121.0425, 22.6981, 0.0 ], [ 121.0422, 22.69845, 0.0 ], [ 121.042, 22.69864, 0.0 ], [ 121.0417, 22.69885, 0.0 ], [ 121.0415, 22.699, 0.0 ], [ 121.0409, 22.69929, 0.0 ], [ 121.04, 22.69976, 0.0 ], [ 121.0398, 22.70004, 0.0 ], [ 121.0397, 22.70109, 0.0 ], [ 121.0397, 22.70138, 0.0 ], [ 121.0397, 22.70166, 0.0 ], [ 121.0397, 22.70169, 0.0 ], [ 121.0397, 22.70351, 0.0 ], [ 121.0398, 22.70387, 0.0 ], [ 121.04, 22.70417, 0.0 ], [ 121.0404, 22.70451, 0.0 ], [ 121.041, 22.70495, 0.0 ], [ 121.0414, 22.70544, 0.0 ], [ 121.0417, 22.70607, 0.0 ], [ 121.0418, 22.70644, 0.0 ], [ 121.0423, 22.70717, 0.0 ], [ 121.0454, 22.71307, 0.0 ], [ 121.047, 22.71394, 0.0 ], [ 121.0471, 22.71407, 0.0 ], [ 121.0477, 22.7146, 0.0 ], [ 121.0486, 22.71557, 0.0 ], [ 121.0493, 22.71617, 0.0 ], [ 121.0505, 22.71719, 0.0 ], [ 121.0509, 22.71755, 0.0 ], [ 121.0511, 22.71778, 0.0 ], [ 121.0515, 22.71818, 0.0 ], [ 121.0521, 22.71885, 0.0 ], [ 121.0523, 22.71906, 0.0 ], [ 121.0526, 22.71941, 0.0 ], [ 121.0537, 22.72082, 0.0 ], [ 121.0538, 22.72106, 0.0 ], [ 121.0539, 22.72122, 0.0 ], [ 121.0542, 22.72198, 0.0 ], [ 121.0543, 22.7221, 0.0 ], [ 121.0544, 22.72232, 0.0 ], [ 121.0563, 22.72662, 0.0 ], [ 121.0563, 22.72714, 0.0 ], [ 121.0563, 22.72728, 0.0 ], [ 121.0563, 22.72768, 0.0 ], [ 121.0561, 22.73006, 0.0 ], [ 121.0561, 22.7303, 0.0 ], [ 121.0561, 22.73063, 0.0 ], [ 121.056, 22.731, 0.0 ], [ 121.0561, 22.73138, 0.0 ], [ 121.0563, 22.73297, 0.0 ], [ 121.0563, 22.7331, 0.0 ], [ 121.0564, 22.73351, 0.0 ], [ 121.0564, 22.73405, 0.0 ], [ 121.0566, 22.73536, 0.0 ], [ 121.0566, 22.73539, 0.0 ], [ 121.0566, 22.7362, 0.0 ], [ 121.0566, 22.73724, 0.0 ], [ 121.0566, 22.73739, 0.0 ], [ 121.0566, 22.73783, 0.0 ], [ 121.0566, 22.73899, 0.0 ], [ 121.0566, 22.73933, 0.0 ], [ 121.0567, 22.73966, 0.0 ], [ 121.0568, 22.73996, 0.0 ], [ 121.057, 22.74026, 0.0 ], [ 121.0571, 22.74046, 0.0 ], [ 121.0573, 22.7408, 0.0 ], [ 121.0574, 22.7412, 0.0 ], [ 121.0574, 22.74153, 0.0 ], [ 121.0573, 22.74196, 0.0 ], [ 121.0571, 22.74407, 0.0 ], [ 121.057, 22.74459, 0.0 ], [ 121.0569, 22.74601, 0.0 ], [ 121.0569, 22.74639, 0.0 ], [ 121.0569, 22.74655, 0.0 ], [ 121.0568, 22.74682, 0.0 ], [ 121.0568, 22.747, 0.0 ], [ 121.0567, 22.74713, 0.0 ], [ 121.0566, 22.74746, 0.0 ], [ 121.0563, 22.74785, 0.0 ], [ 121.0559, 22.74817, 0.0 ], [ 121.0549, 22.749, 0.0 ], [ 121.0547, 22.7492, 0.0 ], [ 121.0546, 22.74937, 0.0 ], [ 121.0543, 22.74978, 0.0 ], [ 121.0543, 22.75014, 0.0 ], [ 121.0542, 22.75029, 0.0 ], [ 121.0542, 22.75045, 0.0 ], [ 121.0539, 22.75185, 0.0 ], [ 121.0539, 22.75227, 0.0 ], [ 121.0537, 22.75274, 0.0 ], [ 121.0537, 22.7529, 0.0 ], [ 121.0536, 22.75349, 0.0 ], [ 121.0531, 22.7551, 0.0 ], [ 121.0528, 22.75624, 0.0 ], [ 121.0526, 22.75679, 0.0 ], [ 121.0523, 22.75709, 0.0 ], [ 121.052, 22.75748, 0.0 ], [ 121.0517, 22.75781, 0.0 ], [ 121.0513, 22.7582, 0.0 ], [ 121.0511, 22.75846, 0.0 ], [ 121.051, 22.7585, 0.0 ], [ 121.0507, 22.75879, 0.0 ], [ 121.0505, 22.75896, 0.0 ], [ 121.0501, 22.75926, 0.0 ], [ 121.0499, 22.75947, 0.0 ], [ 121.0496, 22.75979, 0.0 ], [ 121.0496, 22.75985, 0.0 ], [ 121.0495, 22.76001, 0.0 ], [ 121.0494, 22.76013, 0.0 ], [ 121.0491, 22.76154, 0.0 ], [ 121.049, 22.76204, 0.0 ], [ 121.0493, 22.76215, 0.0 ], [ 121.0494, 22.76235, 0.0 ], [ 121.0495, 22.76239, 0.0 ], [ 121.0498, 22.76274, 0.0 ], [ 121.0501, 22.76291, 0.0 ], [ 121.0506, 22.76308, 0.0 ], [ 121.051, 22.76323, 0.0 ], [ 121.0529, 22.76385, 0.0 ], [ 121.0533, 22.764, 0.0 ], [ 121.0545, 22.7644, 0.0 ], [ 121.0583, 22.76566, 0.0 ], [ 121.0583, 22.76568, 0.0 ], [ 121.0608, 22.76651, 0.0 ], [ 121.061, 22.7666, 0.0 ], [ 121.0624, 22.76704, 0.0 ], [ 121.0627, 22.76717, 0.0 ], [ 121.0654, 22.76809, 0.0 ], [ 121.0688, 22.76922, 0.0 ], [ 121.0698, 22.76956, 0.0 ], [ 121.0717, 22.77019, 0.0 ], [ 121.074, 22.77097, 0.0 ], [ 121.0741, 22.77101, 0.0 ], [ 121.0745, 22.77115, 0.0 ], [ 121.0749, 22.77127, 0.0 ], [ 121.0753, 22.77142, 0.0 ], [ 121.0769, 22.77193, 0.0 ], [ 121.0779, 22.77229, 0.0 ], [ 121.0795, 22.7728, 0.0 ], [ 121.0811, 22.77339, 0.0 ], [ 121.0829, 22.77396, 0.0 ], [ 121.0839, 22.77431, 0.0 ], [ 121.0842, 22.77443, 0.0 ], [ 121.0844, 22.77459, 0.0 ], [ 121.0845, 22.77458, 0.0 ], [ 121.0848, 22.77457, 0.0 ], [ 121.0859, 22.77456, 0.0 ], [ 121.0867, 22.77455, 0.0 ], [ 121.0885, 22.77455, 0.0 ], [ 121.0896, 22.77452, 0.0 ], [ 121.0897, 22.77452, 0.0 ], [ 121.0903, 22.77451, 0.0 ], [ 121.0912, 22.77449, 0.0 ], [ 121.0912, 22.77473, 0.0 ], [ 121.091, 22.77497, 0.0 ], [ 121.091, 22.77505, 0.0 ], [ 121.0904, 22.77613, 0.0 ], [ 121.0902, 22.77657, 0.0 ], [ 121.09, 22.77685, 0.0 ], [ 121.0898, 22.77719, 0.0 ], [ 121.0897, 22.77749, 0.0 ], [ 121.0895, 22.77774, 0.0 ], [ 121.0891, 22.77844, 0.0 ], [ 121.0889, 22.77873, 0.0 ], [ 121.0887, 22.77897, 0.0 ], [ 121.0883, 22.77962, 0.0 ], [ 121.0878, 22.78059, 0.0 ], [ 121.0873, 22.7813, 0.0 ], [ 121.0868, 22.7822, 0.0 ], [ 121.0872, 22.7825, 0.0 ], [ 121.0882, 22.7829, 0.0 ], [ 121.0883, 22.78304, 0.0 ], [ 121.0886, 22.78337, 0.0 ], [ 121.0894, 22.7842, 0.0 ], [ 121.0897, 22.78458, 0.0 ], [ 121.0902, 22.78512, 0.0 ], [ 121.0908, 22.78594, 0.0 ], [ 121.0909, 22.78603, 0.0 ], [ 121.0915, 22.78673, 0.0 ], [ 121.0917, 22.78691, 0.0 ], [ 121.0918, 22.7871, 0.0 ], [ 121.0918, 22.78732, 0.0 ], [ 121.0918, 22.7874, 0.0 ], [ 121.0918, 22.7875, 0.0 ], [ 121.0918, 22.78849, 0.0 ], [ 121.0917, 22.7888, 0.0 ], [ 121.0917, 22.78886, 0.0 ], [ 121.0916, 22.79061, 0.0 ], [ 121.0916, 22.79065, 0.0 ], [ 121.0915, 22.7914, 0.0 ], [ 121.0915, 22.79157, 0.0 ], [ 121.0915, 22.79163, 0.0 ], [ 121.0913, 22.79281, 0.0 ], [ 121.0913, 22.79312, 0.0 ], [ 121.0912, 22.79462, 0.0 ], [ 121.0911, 22.79616, 0.0 ], [ 121.0911, 22.79713, 0.0 ], [ 121.0912, 22.79748, 0.0 ], [ 121.0913, 22.79772, 0.0 ], [ 121.0916, 22.79806, 0.0 ], [ 121.0941, 22.80033, 0.0 ], [ 121.0944, 22.80061, 0.0 ], [ 121.0948, 22.80089, 0.0 ], [ 121.0945, 22.80119, 0.0 ], [ 121.0941, 22.80166, 0.0 ], [ 121.094, 22.80173, 0.0 ], [ 121.0939, 22.80206, 0.0 ], [ 121.0931, 22.80505, 0.0 ], [ 121.0924, 22.8078, 0.0 ], [ 121.0921, 22.80884, 0.0 ], [ 121.092, 22.80932, 0.0 ], [ 121.0917, 22.80967, 0.0 ], [ 121.0915, 22.80984, 0.0 ], [ 121.0896, 22.81112, 0.0 ], [ 121.0894, 22.81133, 0.0 ], [ 121.0893, 22.81171, 0.0 ], [ 121.0892, 22.81412, 0.0 ], [ 121.0892, 22.81525, 0.0 ], [ 121.0893, 22.81604, 0.0 ], [ 121.0894, 22.81647, 0.0 ], [ 121.0902, 22.81986, 0.0 ], [ 121.0904, 22.82036, 0.0 ], [ 121.0908, 22.8216, 0.0 ], [ 121.0909, 22.82187, 0.0 ], [ 121.0914, 22.82319, 0.0 ], [ 121.0928, 22.82725, 0.0 ], [ 121.093, 22.82775, 0.0 ], [ 121.093, 22.82777, 0.0 ], [ 121.0932, 22.82816, 0.0 ], [ 121.0935, 22.82881, 0.0 ], [ 121.0937, 22.82952, 0.0 ], [ 121.0937, 22.8296, 0.0 ], [ 121.0937, 22.8302, 0.0 ], [ 121.0937, 22.83108, 0.0 ], [ 121.0937, 22.8335, 0.0 ], [ 121.0936, 22.83636, 0.0 ], [ 121.0936, 22.83704, 0.0 ], [ 121.0936, 22.83888, 0.0 ], [ 121.0936, 22.83909, 0.0 ], [ 121.0935, 22.84318, 0.0 ], [ 121.0935, 22.84335, 0.0 ], [ 121.0935, 22.84385, 0.0 ], [ 121.0934, 22.84419, 0.0 ], [ 121.0934, 22.84427, 0.0 ], [ 121.0925, 22.84622, 0.0 ], [ 121.0923, 22.84688, 0.0 ], [ 121.0921, 22.8475, 0.0 ], [ 121.092, 22.84796, 0.0 ], [ 121.092, 22.8483, 0.0 ], [ 121.092, 22.8486, 0.0 ], [ 121.0921, 22.85117, 0.0 ], [ 121.0921, 22.85136, 0.0 ], [ 121.0922, 22.85285, 0.0 ], [ 121.0922, 22.85339, 0.0 ], [ 121.0922, 22.85402, 0.0 ], [ 121.0922, 22.8544, 0.0 ], [ 121.0923, 22.85553, 0.0 ], [ 121.0923, 22.85571, 0.0 ], [ 121.0923, 22.85613, 0.0 ], [ 121.0923, 22.85699, 0.0 ], [ 121.0923, 22.85722, 0.0 ], [ 121.0923, 22.85772, 0.0 ], [ 121.0923, 22.85783, 0.0 ], [ 121.0923, 22.85867, 0.0 ], [ 121.0923, 22.85883, 0.0 ], [ 121.0923, 22.85914, 0.0 ], [ 121.0925, 22.85988, 0.0 ], [ 121.0926, 22.86009, 0.0 ], [ 121.093, 22.86129, 0.0 ], [ 121.0931, 22.86162, 0.0 ], [ 121.0933, 22.86194, 0.0 ], [ 121.0938, 22.86254, 0.0 ], [ 121.0947, 22.86382, 0.0 ], [ 121.0954, 22.86427, 0.0 ], [ 121.0961, 22.86449, 0.0 ], [ 121.0976, 22.86467, 0.0 ], [ 121.0982, 22.865, 0.0 ], [ 121.0984, 22.86519, 0.0 ], [ 121.0987, 22.86539, 0.0 ], [ 121.0988, 22.8656, 0.0 ], [ 121.099, 22.86612, 0.0 ], [ 121.0991, 22.86636, 0.0 ], [ 121.099, 22.86664, 0.0 ], [ 121.0984, 22.86821, 0.0 ], [ 121.0984, 22.86836, 0.0 ], [ 121.0982, 22.8688, 0.0 ], [ 121.0981, 22.86912, 0.0 ], [ 121.0981, 22.86928, 0.0 ], [ 121.0981, 22.86931, 0.0 ], [ 121.0984, 22.87109, 0.0 ], [ 121.0984, 22.87142, 0.0 ], [ 121.0986, 22.87205, 0.0 ], [ 121.0987, 22.87234, 0.0 ], [ 121.0988, 22.8725, 0.0 ], [ 121.0988, 22.8726, 0.0 ], [ 121.0989, 22.87271, 0.0 ], [ 121.0991, 22.87308, 0.0 ], [ 121.0993, 22.87334, 0.0 ], [ 121.0994, 22.87385, 0.0 ], [ 121.0995, 22.87397, 0.0 ], [ 121.0995, 22.87421, 0.0 ], [ 121.0995, 22.87436, 0.0 ], [ 121.0996, 22.87468, 0.0 ], [ 121.0995, 22.87548, 0.0 ], [ 121.0995, 22.87572, 0.0 ], [ 121.0996, 22.87587, 0.0 ], [ 121.0996, 22.876, 0.0 ], [ 121.0997, 22.8761, 0.0 ], [ 121.1, 22.87652, 0.0 ], [ 121.1003, 22.87678, 0.0 ], [ 121.101, 22.8776, 0.0 ], [ 121.1013, 22.87805, 0.0 ], [ 121.1016, 22.8786, 0.0 ], [ 121.1017, 22.87875, 0.0 ], [ 121.1018, 22.87888, 0.0 ], [ 121.1019, 22.87895, 0.0 ], [ 121.1024, 22.87904, 0.0 ], [ 121.1025, 22.87908, 0.0 ], [ 121.1025, 22.87911, 0.0 ], [ 121.1026, 22.87922, 0.0 ], [ 121.1032, 22.87997, 0.0 ], [ 121.1033, 22.88005, 0.0 ], [ 121.1037, 22.8803, 0.0 ], [ 121.104, 22.8805, 0.0 ], [ 121.1043, 22.88073, 0.0 ], [ 121.1044, 22.88087, 0.0 ], [ 121.1046, 22.88102, 0.0 ], [ 121.1048, 22.88164, 0.0 ], [ 121.1049, 22.88171, 0.0 ], [ 121.105, 22.88185, 0.0 ], [ 121.1052, 22.88198, 0.0 ], [ 121.1059, 22.88243, 0.0 ], [ 121.106, 22.8825, 0.0 ], [ 121.1061, 22.88265, 0.0 ], [ 121.1062, 22.88285, 0.0 ], [ 121.1062, 22.88303, 0.0 ], [ 121.1062, 22.88321, 0.0 ], [ 121.1061, 22.88332, 0.0 ], [ 121.106, 22.88345, 0.0 ], [ 121.1059, 22.88354, 0.0 ], [ 121.1057, 22.88379, 0.0 ], [ 121.1041, 22.88507, 0.0 ], [ 121.104, 22.88513, 0.0 ], [ 121.1039, 22.88519, 0.0 ], [ 121.1038, 22.88523, 0.0 ], [ 121.1035, 22.88526, 0.0 ], [ 121.1027, 22.88504, 0.0 ], [ 121.1024, 22.88498, 0.0 ], [ 121.101, 22.88489, 0.0 ], [ 121.1003, 22.88486, 0.0 ], [ 121.1002, 22.88485, 0.0 ], [ 121.1, 22.8848, 0.0 ], [ 121.0996, 22.88461, 0.0 ], [ 121.0995, 22.88457, 0.0 ], [ 121.0993, 22.88455, 0.0 ], [ 121.0992, 22.88457, 0.0 ], [ 121.099, 22.88461, 0.0 ], [ 121.0983, 22.88486, 0.0 ], [ 121.0979, 22.88502, 0.0 ], [ 121.0977, 22.88516, 0.0 ], [ 121.0973, 22.88542, 0.0 ], [ 121.0965, 22.88597, 0.0 ], [ 121.0955, 22.88678, 0.0 ], [ 121.0949, 22.88728, 0.0 ], [ 121.0948, 22.88736, 0.0 ], [ 121.0938, 22.88814, 0.0 ], [ 121.0938, 22.88828, 0.0 ], [ 121.0937, 22.88862, 0.0 ], [ 121.0937, 22.88891, 0.0 ], [ 121.0937, 22.88921, 0.0 ], [ 121.0938, 22.88933, 0.0 ], [ 121.0938, 22.88966, 0.0 ], [ 121.0941, 22.89038, 0.0 ], [ 121.0943, 22.89109, 0.0 ], [ 121.0949, 22.89331, 0.0 ], [ 121.0949, 22.89334, 0.0 ], [ 121.095, 22.89393, 0.0 ], [ 121.0951, 22.89397, 0.0 ], [ 121.0951, 22.8945, 0.0 ], [ 121.0951, 22.89487, 0.0 ], [ 121.0952, 22.89532, 0.0 ], [ 121.0953, 22.89627, 0.0 ], [ 121.0953, 22.89646, 0.0 ], [ 121.0953, 22.89666, 0.0 ], [ 121.0954, 22.89735, 0.0 ], [ 121.0955, 22.89751, 0.0 ], [ 121.0956, 22.89772, 0.0 ], [ 121.096, 22.89795, 0.0 ], [ 121.0962, 22.89803, 0.0 ], [ 121.0964, 22.89819, 0.0 ], [ 121.0971, 22.89848, 0.0 ], [ 121.0984, 22.89899, 0.0 ], [ 121.0992, 22.89936, 0.0 ], [ 121.0995, 22.89948, 0.0 ], [ 121.0999, 22.8995, 0.0 ], [ 121.1005, 22.89945, 0.0 ], [ 121.1046, 22.89908, 0.0 ], [ 121.1055, 22.899, 0.0 ], [ 121.1064, 22.89892, 0.0 ], [ 121.1067, 22.8989, 0.0 ], [ 121.1087, 22.89878, 0.0 ], [ 121.1093, 22.89874, 0.0 ], [ 121.1098, 22.89868, 0.0 ], [ 121.1115, 22.89832, 0.0 ], [ 121.1123, 22.89814, 0.0 ], [ 121.1129, 22.898, 0.0 ], [ 121.1149, 22.89757, 0.0 ], [ 121.1164, 22.89722, 0.0 ], [ 121.1166, 22.89715, 0.0 ], [ 121.117, 22.897, 0.0 ], [ 121.1186, 22.89577, 0.0 ], [ 121.1189, 22.89555, 0.0 ], [ 121.1204, 22.89445, 0.0 ], [ 121.1205, 22.89439, 0.0 ], [ 121.1207, 22.89431, 0.0 ], [ 121.1212, 22.89413, 0.0 ], [ 121.1218, 22.89393, 0.0 ], [ 121.122, 22.89389, 0.0 ], [ 121.1222, 22.89386, 0.0 ], [ 121.1229, 22.89386, 0.0 ], [ 121.1243, 22.89382, 0.0 ], [ 121.1247, 22.89379, 0.0 ], [ 121.1253, 22.89374, 0.0 ], [ 121.1255, 22.89369, 0.0 ], [ 121.1259, 22.89367, 0.0 ], [ 121.1264, 22.89371, 0.0 ], [ 121.1276, 22.89385, 0.0 ], [ 121.1283, 22.89389, 0.0 ], [ 121.1288, 22.89385, 0.0 ], [ 121.1318, 22.89365, 0.0 ], [ 121.1324, 22.89362, 0.0 ], [ 121.1326, 22.8936, 0.0 ], [ 121.1337, 22.89353, 0.0 ], [ 121.1342, 22.89359, 0.0 ], [ 121.1345, 22.89367, 0.0 ], [ 121.1349, 22.89382, 0.0 ], [ 121.1352, 22.894, 0.0 ], [ 121.1354, 22.89409, 0.0 ], [ 121.1355, 22.89422, 0.0 ], [ 121.1357, 22.89432, 0.0 ], [ 121.1358, 22.8945, 0.0 ], [ 121.1361, 22.89494, 0.0 ], [ 121.1362, 22.89513, 0.0 ], [ 121.1363, 22.8953, 0.0 ], [ 121.1364, 22.89568, 0.0 ], [ 121.1364, 22.89594, 0.0 ], [ 121.1364, 22.89606, 0.0 ], [ 121.1364, 22.89614, 0.0 ], [ 121.1364, 22.89684, 0.0 ], [ 121.1364, 22.89735, 0.0 ], [ 121.1364, 22.89759, 0.0 ], [ 121.1365, 22.89808, 0.0 ], [ 121.1365, 22.89824, 0.0 ], [ 121.1365, 22.89845, 0.0 ], [ 121.1365, 22.89869, 0.0 ], [ 121.1365, 22.89915, 0.0 ], [ 121.1365, 22.8992, 0.0 ], [ 121.1367, 22.89977, 0.0 ], [ 121.1367, 22.89986, 0.0 ], [ 121.137, 22.90052, 0.0 ], [ 121.137, 22.90057, 0.0 ], [ 121.1371, 22.90073, 0.0 ], [ 121.1371, 22.90091, 0.0 ], [ 121.1377, 22.90176, 0.0 ], [ 121.1378, 22.90238, 0.0 ], [ 121.1378, 22.90317, 0.0 ], [ 121.1377, 22.90384, 0.0 ], [ 121.1375, 22.90456, 0.0 ], [ 121.1369, 22.9059, 0.0 ], [ 121.1365, 22.90666, 0.0 ], [ 121.1365, 22.90748, 0.0 ], [ 121.1362, 22.90989, 0.0 ], [ 121.1362, 22.91046, 0.0 ], [ 121.1361, 22.91086, 0.0 ], [ 121.1361, 22.91104, 0.0 ], [ 121.1361, 22.91173, 0.0 ], [ 121.136, 22.91235, 0.0 ], [ 121.136, 22.91287, 0.0 ], [ 121.136, 22.91323, 0.0 ], [ 121.1363, 22.91397, 0.0 ], [ 121.1365, 22.9145, 0.0 ], [ 121.1365, 22.91457, 0.0 ], [ 121.1368, 22.91492, 0.0 ], [ 121.1375, 22.91573, 0.0 ], [ 121.1377, 22.91603, 0.0 ], [ 121.1381, 22.91704, 0.0 ], [ 121.1382, 22.91721, 0.0 ], [ 121.1382, 22.91735, 0.0 ], [ 121.1387, 22.9183, 0.0 ], [ 121.1391, 22.91884, 0.0 ], [ 121.1396, 22.91965, 0.0 ], [ 121.1399, 22.91996, 0.0 ], [ 121.1401, 22.9202, 0.0 ], [ 121.1405, 22.92065, 0.0 ], [ 121.1423, 22.92248, 0.0 ], [ 121.1435, 22.92366, 0.0 ], [ 121.1438, 22.92408, 0.0 ], [ 121.1441, 22.92451, 0.0 ], [ 121.1444, 22.92502, 0.0 ], [ 121.1445, 22.92533, 0.0 ], [ 121.1446, 22.92586, 0.0 ], [ 121.1446, 22.926, 0.0 ], [ 121.1446, 22.92671, 0.0 ], [ 121.1445, 22.92861, 0.0 ], [ 121.1445, 22.92892, 0.0 ], [ 121.1445, 22.92969, 0.0 ], [ 121.1446, 22.93014, 0.0 ], [ 121.145, 22.93106, 0.0 ], [ 121.1451, 22.93196, 0.0 ], [ 121.1444, 22.93372, 0.0 ], [ 121.1444, 22.93378, 0.0 ], [ 121.1441, 22.93442, 0.0 ], [ 121.1441, 22.93445, 0.0 ], [ 121.1436, 22.9357, 0.0 ], [ 121.1436, 22.93581, 0.0 ], [ 121.1435, 22.93602, 0.0 ], [ 121.1434, 22.9364, 0.0 ], [ 121.1431, 22.93786, 0.0 ], [ 121.1429, 22.93863, 0.0 ], [ 121.1428, 22.93883, 0.0 ], [ 121.1426, 22.93978, 0.0 ], [ 121.1423, 22.94046, 0.0 ], [ 121.14, 22.94431, 0.0 ], [ 121.1387, 22.94549, 0.0 ], [ 121.1375, 22.94618, 0.0 ], [ 121.1372, 22.9463, 0.0 ], [ 121.1354, 22.94728, 0.0 ], [ 121.1347, 22.94754, 0.0 ], [ 121.1334, 22.94802, 0.0 ], [ 121.133, 22.94822, 0.0 ], [ 121.1325, 22.94856, 0.0 ], [ 121.1293, 22.95063, 0.0 ], [ 121.129, 22.95092, 0.0 ], [ 121.1289, 22.95104, 0.0 ], [ 121.1287, 22.95131, 0.0 ], [ 121.1286, 22.95208, 0.0 ], [ 121.1284, 22.95447, 0.0 ], [ 121.1284, 22.95481, 0.0 ], [ 121.1287, 22.95551, 0.0 ], [ 121.1289, 22.95601, 0.0 ], [ 121.129, 22.95627, 0.0 ], [ 121.129, 22.95635, 0.0 ], [ 121.1296, 22.95786, 0.0 ], [ 121.1298, 22.95843, 0.0 ], [ 121.13, 22.9589, 0.0 ], [ 121.1307, 22.96078, 0.0 ], [ 121.1309, 22.96113, 0.0 ], [ 121.1313, 22.96215, 0.0 ], [ 121.1314, 22.96245, 0.0 ], [ 121.1318, 22.96336, 0.0 ], [ 121.132, 22.96391, 0.0 ], [ 121.1331, 22.96696, 0.0 ], [ 121.1337, 22.96854, 0.0 ], [ 121.1339, 22.96914, 0.0 ], [ 121.1347, 22.97118, 0.0 ], [ 121.1349, 22.97163, 0.0 ], [ 121.1355, 22.9733, 0.0 ], [ 121.1356, 22.97343, 0.0 ], [ 121.136, 22.97446, 0.0 ], [ 121.1362, 22.97516, 0.0 ], [ 121.1364, 22.97552, 0.0 ], [ 121.1364, 22.97555, 0.0 ], [ 121.1366, 22.97596, 0.0 ], [ 121.1366, 22.97607, 0.0 ], [ 121.1371, 22.9774, 0.0 ], [ 121.1374, 22.97825, 0.0 ], [ 121.1378, 22.97928, 0.0 ], [ 121.138, 22.97981, 0.0 ], [ 121.1382, 22.98006, 0.0 ], [ 121.1385, 22.98094, 0.0 ], [ 121.1385, 22.98103, 0.0 ], [ 121.1391, 22.98243, 0.0 ], [ 121.1394, 22.9833, 0.0 ], [ 121.1397, 22.98398, 0.0 ], [ 121.14, 22.98479, 0.0 ], [ 121.1405, 22.98619, 0.0 ], [ 121.1408, 22.98699, 0.0 ], [ 121.1411, 22.98764, 0.0 ], [ 121.1412, 22.98801, 0.0 ], [ 121.1412, 22.98804, 0.0 ], [ 121.1414, 22.9884, 0.0 ], [ 121.1415, 22.9888, 0.0 ], [ 121.1417, 22.98925, 0.0 ], [ 121.1418, 22.98964, 0.0 ], [ 121.1421, 22.99025, 0.0 ], [ 121.1425, 22.99133, 0.0 ], [ 121.1431, 22.99301, 0.0 ], [ 121.1434, 22.9938, 0.0 ], [ 121.1436, 22.9943, 0.0 ], [ 121.1439, 22.99495, 0.0 ], [ 121.1443, 22.99605, 0.0 ], [ 121.1451, 22.99822, 0.0 ], [ 121.1452, 22.99863, 0.0 ], [ 121.1456, 22.99981, 0.0 ], [ 121.1457, 22.99993, 0.0 ], [ 121.1459, 23.00037, 0.0 ], [ 121.1464, 23.00175, 0.0 ], [ 121.1466, 23.00217, 0.0 ], [ 121.1466, 23.00224, 0.0 ], [ 121.1471, 23.00354, 0.0 ], [ 121.1471, 23.00362, 0.0 ], [ 121.1474, 23.00444, 0.0 ], [ 121.1477, 23.0051, 0.0 ], [ 121.1483, 23.00668, 0.0 ], [ 121.1493, 23.00917, 0.0 ], [ 121.1495, 23.00992, 0.0 ], [ 121.1499, 23.01094, 0.0 ], [ 121.1505, 23.01262, 0.0 ], [ 121.1513, 23.01449, 0.0 ], [ 121.1514, 23.01479, 0.0 ], [ 121.152, 23.01624, 0.0 ], [ 121.153, 23.019, 0.0 ], [ 121.1532, 23.01954, 0.0 ], [ 121.1544, 23.02269, 0.0 ], [ 121.1548, 23.02348, 0.0 ], [ 121.155, 23.02416, 0.0 ], [ 121.1563, 23.02738, 0.0 ], [ 121.157, 23.02935, 0.0 ], [ 121.1576, 23.03093, 0.0 ], [ 121.1578, 23.03152, 0.0 ], [ 121.1579, 23.03174, 0.0 ], [ 121.159, 23.03456, 0.0 ], [ 121.1592, 23.03507, 0.0 ], [ 121.1592, 23.03514, 0.0 ], [ 121.1599, 23.03687, 0.0 ], [ 121.1599, 23.03694, 0.0 ], [ 121.1601, 23.03756, 0.0 ], [ 121.1608, 23.03916, 0.0 ], [ 121.1608, 23.03933, 0.0 ], [ 121.1613, 23.04059, 0.0 ], [ 121.1614, 23.04074, 0.0 ], [ 121.1626, 23.04402, 0.0 ], [ 121.1628, 23.04454, 0.0 ], [ 121.163, 23.04503, 0.0 ], [ 121.1633, 23.04598, 0.0 ], [ 121.1635, 23.04642, 0.0 ], [ 121.1638, 23.04702, 0.0 ], [ 121.164, 23.04762, 0.0 ], [ 121.1641, 23.04804, 0.0 ], [ 121.1644, 23.04866, 0.0 ], [ 121.1645, 23.04908, 0.0 ], [ 121.1647, 23.04945, 0.0 ], [ 121.1647, 23.04952, 0.0 ], [ 121.1652, 23.05082, 0.0 ], [ 121.1654, 23.05139, 0.0 ], [ 121.1656, 23.05186, 0.0 ], [ 121.1658, 23.05233, 0.0 ], [ 121.1659, 23.05281, 0.0 ], [ 121.1662, 23.05358, 0.0 ], [ 121.1663, 23.05381, 0.0 ], [ 121.1664, 23.054, 0.0 ], [ 121.1667, 23.05486, 0.0 ], [ 121.1675, 23.05686, 0.0 ], [ 121.1677, 23.05739, 0.0 ], [ 121.1681, 23.05841, 0.0 ], [ 121.1682, 23.05851, 0.0 ], [ 121.1692, 23.06133, 0.0 ], [ 121.1693, 23.06147, 0.0 ], [ 121.1704, 23.06443, 0.0 ], [ 121.1706, 23.0652, 0.0 ], [ 121.1707, 23.06528, 0.0 ], [ 121.1712, 23.06664, 0.0 ], [ 121.1713, 23.06688, 0.0 ], [ 121.1724, 23.06973, 0.0 ], [ 121.1727, 23.07068, 0.0 ], [ 121.1731, 23.07162, 0.0 ], [ 121.174, 23.07388, 0.0 ], [ 121.1742, 23.07448, 0.0 ], [ 121.1743, 23.07489, 0.0 ], [ 121.1747, 23.07578, 0.0 ], [ 121.1748, 23.07599, 0.0 ], [ 121.175, 23.07661, 0.0 ], [ 121.1761, 23.0795, 0.0 ], [ 121.1762, 23.08062, 0.0 ], [ 121.1762, 23.08235, 0.0 ], [ 121.1762, 23.08397, 0.0 ], [ 121.1764, 23.08571, 0.0 ], [ 121.1764, 23.08645, 0.0 ], [ 121.1763, 23.08694, 0.0 ], [ 121.1763, 23.08803, 0.0 ], [ 121.1763, 23.08872, 0.0 ], [ 121.1763, 23.089, 0.0 ], [ 121.1765, 23.08926, 0.0 ], [ 121.1767, 23.0895, 0.0 ], [ 121.1771, 23.08975, 0.0 ], [ 121.1779, 23.09026, 0.0 ], [ 121.1785, 23.09059, 0.0 ], [ 121.1791, 23.09098, 0.0 ], [ 121.1797, 23.09134, 0.0 ], [ 121.1808, 23.09196, 0.0 ], [ 121.1809, 23.09206, 0.0 ], [ 121.1814, 23.09232, 0.0 ], [ 121.1821, 23.09274, 0.0 ], [ 121.1835, 23.09359, 0.0 ], [ 121.1839, 23.09382, 0.0 ], [ 121.1847, 23.09431, 0.0 ], [ 121.1858, 23.09495, 0.0 ], [ 121.1869, 23.09562, 0.0 ], [ 121.1955, 23.10072, 0.0 ], [ 121.1977, 23.10206, 0.0 ], [ 121.1986, 23.10265, 0.0 ], [ 121.1992, 23.10303, 0.0 ], [ 121.1992, 23.10305, 0.0 ], [ 121.1995, 23.10339, 0.0 ], [ 121.1998, 23.10376, 0.0 ], [ 121.2004, 23.1046, 0.0 ], [ 121.201, 23.10536, 0.0 ], [ 121.2013, 23.10578, 0.0 ], [ 121.2029, 23.10776, 0.0 ], [ 121.2034, 23.10843, 0.0 ], [ 121.2036, 23.10881, 0.0 ], [ 121.2042, 23.10953, 0.0 ], [ 121.2048, 23.11041, 0.0 ], [ 121.2051, 23.11069, 0.0 ], [ 121.2055, 23.11126, 0.0 ], [ 121.2062, 23.11221, 0.0 ], [ 121.2069, 23.11311, 0.0 ], [ 121.2075, 23.11382, 0.0 ], [ 121.2076, 23.11401, 0.0 ], [ 121.2093, 23.1163, 0.0 ], [ 121.2094, 23.11642, 0.0 ], [ 121.2105, 23.11777, 0.0 ], [ 121.2121, 23.11991, 0.0 ], [ 121.2123, 23.12014, 0.0 ], [ 121.213, 23.12065, 0.0 ], [ 121.2134, 23.12089, 0.0 ], [ 121.2143, 23.12158, 0.0 ], [ 121.2145, 23.1217, 0.0 ], [ 121.2157, 23.12252, 0.0 ], [ 121.2169, 23.12339, 0.0 ], [ 121.2176, 23.1238, 0.0 ], [ 121.2184, 23.12441, 0.0 ], [ 121.2192, 23.12497, 0.0 ], [ 121.22, 23.12553, 0.0 ], [ 121.2206, 23.12591, 0.0 ], [ 121.2216, 23.1256, 0.0 ], [ 121.2225, 23.12527, 0.0 ], [ 121.2229, 23.12513, 0.0 ], [ 121.2244, 23.12451, 0.0 ], [ 121.2251, 23.1243, 0.0 ], [ 121.2255, 23.12434, 0.0 ], [ 121.2273, 23.1247, 0.0 ], [ 121.2283, 23.1249, 0.0 ], [ 121.2286, 23.12498, 0.0 ], [ 121.2289, 23.12523, 0.0 ], [ 121.229, 23.12534, 0.0 ], [ 121.229, 23.12536, 0.0 ], [ 121.2297, 23.12605, 0.0 ], [ 121.2304, 23.1268, 0.0 ], [ 121.2305, 23.12695, 0.0 ], [ 121.2309, 23.12745, 0.0 ], [ 121.2309, 23.12781, 0.0 ], [ 121.231, 23.12863, 0.0 ], [ 121.231, 23.12873, 0.0 ], [ 121.2312, 23.12929, 0.0 ], [ 121.2317, 23.13047, 0.0 ], [ 121.2317, 23.13058, 0.0 ], [ 121.232, 23.13134, 0.0 ], [ 121.2324, 23.13222, 0.0 ], [ 121.2328, 23.13298, 0.0 ], [ 121.233, 23.13364, 0.0 ], [ 121.2331, 23.13421, 0.0 ], [ 121.2332, 23.13509, 0.0 ], [ 121.2336, 23.13583, 0.0 ], [ 121.2337, 23.13593, 0.0 ], [ 121.234, 23.13666, 0.0 ], [ 121.2341, 23.1367, 0.0 ], [ 121.2345, 23.13757, 0.0 ], [ 121.2351, 23.13871, 0.0 ], [ 121.2353, 23.13902, 0.0 ], [ 121.2359, 23.13995, 0.0 ], [ 121.2361, 23.14034, 0.0 ], [ 121.2362, 23.14066, 0.0 ], [ 121.237, 23.14412, 0.0 ], [ 121.2374, 23.14543, 0.0 ], [ 121.2375, 23.14585, 0.0 ], [ 121.2383, 23.14818, 0.0 ], [ 121.2384, 23.14839, 0.0 ], [ 121.2387, 23.14939, 0.0 ], [ 121.2393, 23.151, 0.0 ], [ 121.2398, 23.15283, 0.0 ], [ 121.2399, 23.15328, 0.0 ], [ 121.2399, 23.1536, 0.0 ], [ 121.2398, 23.15454, 0.0 ], [ 121.2398, 23.15477, 0.0 ], [ 121.2398, 23.15505, 0.0 ], [ 121.2398, 23.15525, 0.0 ], [ 121.24, 23.15603, 0.0 ], [ 121.2403, 23.15702, 0.0 ], [ 121.2405, 23.1575, 0.0 ], [ 121.2407, 23.1577, 0.0 ], [ 121.2409, 23.15799, 0.0 ], [ 121.2414, 23.15846, 0.0 ], [ 121.2415, 23.15866, 0.0 ], [ 121.2421, 23.16063, 0.0 ], [ 121.2422, 23.16096, 0.0 ], [ 121.2423, 23.16128, 0.0 ], [ 121.2423, 23.16147, 0.0 ], [ 121.2422, 23.16187, 0.0 ], [ 121.2421, 23.16327, 0.0 ], [ 121.2421, 23.16517, 0.0 ], [ 121.2416, 23.17089, 0.0 ], [ 121.2417, 23.17115, 0.0 ], [ 121.2418, 23.17168, 0.0 ], [ 121.2419, 23.17194, 0.0 ], [ 121.242, 23.17234, 0.0 ], [ 121.2425, 23.17305, 0.0 ], [ 121.2452, 23.17756, 0.0 ], [ 121.2488, 23.18339, 0.0 ], [ 121.249, 23.18369, 0.0 ], [ 121.2491, 23.18388, 0.0 ], [ 121.2493, 23.18403, 0.0 ], [ 121.2496, 23.18413, 0.0 ], [ 121.2523, 23.18464, 0.0 ], [ 121.2543, 23.185, 0.0 ], [ 121.2551, 23.18517, 0.0 ], [ 121.2562, 23.18527, 0.0 ], [ 121.2568, 23.18538, 0.0 ], [ 121.2571, 23.18547, 0.0 ], [ 121.2572, 23.18557, 0.0 ], [ 121.2574, 23.18566, 0.0 ], [ 121.2578, 23.18592, 0.0 ], [ 121.2588, 23.18687, 0.0 ], [ 121.2591, 23.1871, 0.0 ], [ 121.2593, 23.18734, 0.0 ], [ 121.2596, 23.18756, 0.0 ], [ 121.2597, 23.18774, 0.0 ], [ 121.2599, 23.18802, 0.0 ], [ 121.2602, 23.18852, 0.0 ], [ 121.262, 23.19042, 0.0 ], [ 121.2625, 23.19089, 0.0 ], [ 121.2629, 23.19125, 0.0 ], [ 121.263, 23.19138, 0.0 ], [ 121.2632, 23.19176, 0.0 ], [ 121.2638, 23.19278, 0.0 ], [ 121.2639, 23.1929, 0.0 ], [ 121.264, 23.19325, 0.0 ], [ 121.2642, 23.19381, 0.0 ], [ 121.2644, 23.19411, 0.0 ], [ 121.265, 23.19462, 0.0 ], [ 121.2673, 23.19617, 0.0 ], [ 121.2677, 23.19651, 0.0 ], [ 121.268, 23.19698, 0.0 ], [ 121.2684, 23.1975, 0.0 ], [ 121.2688, 23.19826, 0.0 ], [ 121.269, 23.19876, 0.0 ], [ 121.2704, 23.20204, 0.0 ], [ 121.2705, 23.20223, 0.0 ], [ 121.2705, 23.20245, 0.0 ], [ 121.2719, 23.20576, 0.0 ], [ 121.2721, 23.20603, 0.0 ], [ 121.2724, 23.20646, 0.0 ], [ 121.2734, 23.20761, 0.0 ], [ 121.2736, 23.20786, 0.0 ], [ 121.274, 23.20846, 0.0 ], [ 121.2762, 23.21111, 0.0 ], [ 121.2762, 23.21118, 0.0 ], [ 121.2782, 23.21356, 0.0 ], [ 121.2794, 23.21502, 0.0 ], [ 121.2799, 23.21553, 0.0 ], [ 121.2802, 23.21589, 0.0 ], [ 121.2812, 23.21714, 0.0 ], [ 121.2819, 23.21798, 0.0 ], [ 121.2821, 23.21822, 0.0 ], [ 121.2822, 23.21849, 0.0 ], [ 121.2823, 23.21878, 0.0 ], [ 121.2823, 23.21904, 0.0 ], [ 121.2822, 23.21955, 0.0 ], [ 121.2822, 23.21981, 0.0 ], [ 121.2822, 23.22003, 0.0 ], [ 121.2822, 23.22057, 0.0 ], [ 121.2821, 23.2219, 0.0 ], [ 121.282, 23.22222, 0.0 ], [ 121.282, 23.22238, 0.0 ], [ 121.2821, 23.22258, 0.0 ], [ 121.2821, 23.22268, 0.0 ], [ 121.2823, 23.22291, 0.0 ], [ 121.2825, 23.2233, 0.0 ], [ 121.2831, 23.22422, 0.0 ], [ 121.2851, 23.22713, 0.0 ], [ 121.2893, 23.23382, 0.0 ], [ 121.2896, 23.23438, 0.0 ], [ 121.2898, 23.2348, 0.0 ], [ 121.2905, 23.23639, 0.0 ], [ 121.2908, 23.23683, 0.0 ], [ 121.2912, 23.23751, 0.0 ], [ 121.2917, 23.23816, 0.0 ], [ 121.2934, 23.23995, 0.0 ], [ 121.2936, 23.24025, 0.0 ], [ 121.2941, 23.24127, 0.0 ], [ 121.2941, 23.24143, 0.0 ], [ 121.2944, 23.24191, 0.0 ], [ 121.2946, 23.24222, 0.0 ], [ 121.2956, 23.24348, 0.0 ], [ 121.2959, 23.24381, 0.0 ], [ 121.2973, 23.24552, 0.0 ], [ 121.2978, 23.24638, 0.0 ], [ 121.2982, 23.24707, 0.0 ], [ 121.2983, 23.24736, 0.0 ], [ 121.2983, 23.24756, 0.0 ], [ 121.2983, 23.24825, 0.0 ], [ 121.2983, 23.24884, 0.0 ], [ 121.2982, 23.24894, 0.0 ], [ 121.2982, 23.2492, 0.0 ], [ 121.2978, 23.25075, 0.0 ], [ 121.2977, 23.25117, 0.0 ], [ 121.297, 23.25383, 0.0 ], [ 121.297, 23.25411, 0.0 ], [ 121.297, 23.25445, 0.0 ], [ 121.2974, 23.25567, 0.0 ], [ 121.2977, 23.25656, 0.0 ], [ 121.298, 23.25756, 0.0 ], [ 121.2983, 23.25799, 0.0 ], [ 121.2988, 23.25871, 0.0 ], [ 121.2989, 23.25887, 0.0 ], [ 121.2989, 23.25908, 0.0 ], [ 121.2989, 23.2594, 0.0 ], [ 121.2989, 23.25973, 0.0 ], [ 121.299, 23.2599, 0.0 ], [ 121.299, 23.26002, 0.0 ], [ 121.2993, 23.26084, 0.0 ], [ 121.2997, 23.26184, 0.0 ], [ 121.2998, 23.26213, 0.0 ], [ 121.2998, 23.26234, 0.0 ], [ 121.2999, 23.26245, 0.0 ], [ 121.2999, 23.26265, 0.0 ], [ 121.3, 23.2629, 0.0 ], [ 121.3001, 23.26321, 0.0 ], [ 121.3003, 23.26365, 0.0 ], [ 121.3004, 23.26374, 0.0 ], [ 121.3006, 23.26411, 0.0 ], [ 121.3008, 23.26441, 0.0 ], [ 121.3009, 23.26457, 0.0 ], [ 121.3012, 23.26506, 0.0 ], [ 121.3018, 23.26591, 0.0 ], [ 121.3024, 23.26688, 0.0 ], [ 121.3027, 23.26732, 0.0 ], [ 121.3028, 23.26749, 0.0 ], [ 121.3031, 23.26774, 0.0 ], [ 121.3033, 23.26784, 0.0 ], [ 121.3036, 23.26799, 0.0 ], [ 121.304, 23.2682, 0.0 ], [ 121.3042, 23.26828, 0.0 ], [ 121.3045, 23.26837, 0.0 ], [ 121.3049, 23.26849, 0.0 ], [ 121.3051, 23.2686, 0.0 ], [ 121.3062, 23.26926, 0.0 ], [ 121.3066, 23.26957, 0.0 ], [ 121.3088, 23.27094, 0.0 ], [ 121.3108, 23.27183, 0.0 ], [ 121.3111, 23.27198, 0.0 ], [ 121.3133, 23.27349, 0.0 ], [ 121.3154, 23.27492, 0.0 ], [ 121.3197, 23.27793, 0.0 ], [ 121.32, 23.27808, 0.0 ], [ 121.3203, 23.27828, 0.0 ], [ 121.3205, 23.27835, 0.0 ], [ 121.3211, 23.27856, 0.0 ], [ 121.3213, 23.27867, 0.0 ], [ 121.3214, 23.27868, 0.0 ], [ 121.3217, 23.27894, 0.0 ], [ 121.3218, 23.27899, 0.0 ], [ 121.3226, 23.28003, 0.0 ], [ 121.3227, 23.28008, 0.0 ], [ 121.3233, 23.28087, 0.0 ], [ 121.3236, 23.28111, 0.0 ], [ 121.3237, 23.28142, 0.0 ], [ 121.3238, 23.28149, 0.0 ], [ 121.3246, 23.28338, 0.0 ], [ 121.3248, 23.28374, 0.0 ], [ 121.3251, 23.28416, 0.0 ], [ 121.326, 23.28525, 0.0 ], [ 121.3265, 23.28594, 0.0 ], [ 121.327, 23.28686, 0.0 ], [ 121.3275, 23.2875, 0.0 ], [ 121.3278, 23.28798, 0.0 ], [ 121.3283, 23.28869, 0.0 ], [ 121.3288, 23.2892, 0.0 ], [ 121.3293, 23.28965, 0.0 ], [ 121.3306, 23.29091, 0.0 ], [ 121.3318, 23.29228, 0.0 ], [ 121.3325, 23.29307, 0.0 ], [ 121.3327, 23.29341, 0.0 ], [ 121.3329, 23.29371, 0.0 ], [ 121.3331, 23.29428, 0.0 ], [ 121.3332, 23.29482, 0.0 ], [ 121.3333, 23.29548, 0.0 ], [ 121.3333, 23.29599, 0.0 ], [ 121.3333, 23.29641, 0.0 ], [ 121.3334, 23.29749, 0.0 ], [ 121.3333, 23.29792, 0.0 ], [ 121.3332, 23.29834, 0.0 ], [ 121.3329, 23.2995, 0.0 ], [ 121.3328, 23.29985, 0.0 ], [ 121.3328, 23.30002, 0.0 ], [ 121.3328, 23.30032, 0.0 ], [ 121.3337, 23.3022, 0.0 ], [ 121.3339, 23.30275, 0.0 ], [ 121.334, 23.30297, 0.0 ], [ 121.334, 23.30324, 0.0 ], [ 121.3341, 23.30388, 0.0 ], [ 121.3342, 23.30438, 0.0 ], [ 121.3345, 23.30534, 0.0 ], [ 121.3346, 23.30558, 0.0 ], [ 121.335, 23.30615, 0.0 ], [ 121.3351, 23.30646, 0.0 ], [ 121.3354, 23.30731, 0.0 ], [ 121.3358, 23.30859, 0.0 ], [ 121.3362, 23.30976, 0.0 ], [ 121.3364, 23.31047, 0.0 ], [ 121.3365, 23.31074, 0.0 ], [ 121.3366, 23.31113, 0.0 ], [ 121.3366, 23.31384, 0.0 ], [ 121.3367, 23.31409, 0.0 ], [ 121.3367, 23.31436, 0.0 ], [ 121.337, 23.31515, 0.0 ], [ 121.3371, 23.31556, 0.0 ], [ 121.3372, 23.31602, 0.0 ], [ 121.337, 23.31901, 0.0 ], [ 121.337, 23.31917, 0.0 ], [ 121.3368, 23.3198, 0.0 ], [ 121.3353, 23.32142, 0.0 ], [ 121.3351, 23.32158, 0.0 ], [ 121.335, 23.32164, 0.0 ], [ 121.3348, 23.3217, 0.0 ], [ 121.3348, 23.32173, 0.0 ], [ 121.3346, 23.32185, 0.0 ], [ 121.334, 23.32199, 0.0 ], [ 121.3327, 23.32222, 0.0 ], [ 121.3284, 23.32304, 0.0 ], [ 121.327, 23.32326, 0.0 ], [ 121.3257, 23.32347, 0.0 ], [ 121.3241, 23.32374, 0.0 ], [ 121.3238, 23.32436, 0.0 ], [ 121.3229, 23.32597, 0.0 ], [ 121.3225, 23.32671, 0.0 ], [ 121.3225, 23.32674, 0.0 ], [ 121.322, 23.32757, 0.0 ], [ 121.3219, 23.32785, 0.0 ], [ 121.3215, 23.32846, 0.0 ], [ 121.3214, 23.32877, 0.0 ], [ 121.3211, 23.32925, 0.0 ], [ 121.3205, 23.33027, 0.0 ], [ 121.3204, 23.33059, 0.0 ], [ 121.3201, 23.33143, 0.0 ], [ 121.32, 23.33175, 0.0 ], [ 121.3199, 23.33241, 0.0 ], [ 121.3198, 23.33295, 0.0 ], [ 121.3198, 23.33429, 0.0 ], [ 121.3198, 23.33459, 0.0 ], [ 121.32, 23.33548, 0.0 ], [ 121.3201, 23.33652, 0.0 ], [ 121.3203, 23.33763, 0.0 ], [ 121.3204, 23.33818, 0.0 ], [ 121.3204, 23.33871, 0.0 ], [ 121.3205, 23.33925, 0.0 ], [ 121.3206, 23.33984, 0.0 ], [ 121.3209, 23.34078, 0.0 ], [ 121.3212, 23.34205, 0.0 ], [ 121.3213, 23.3425, 0.0 ], [ 121.3222, 23.34579, 0.0 ], [ 121.3224, 23.34628, 0.0 ], [ 121.3224, 23.34634, 0.0 ], [ 121.3241, 23.35009, 0.0 ], [ 121.3243, 23.35057, 0.0 ], [ 121.3254, 23.3532, 0.0 ], [ 121.3255, 23.35358, 0.0 ], [ 121.3255, 23.35387, 0.0 ], [ 121.3255, 23.35427, 0.0 ], [ 121.3252, 23.35499, 0.0 ], [ 121.3248, 23.35613, 0.0 ], [ 121.3246, 23.35652, 0.0 ], [ 121.3245, 23.3568, 0.0 ], [ 121.3245, 23.35687, 0.0 ], [ 121.3241, 23.35783, 0.0 ], [ 121.3239, 23.35833, 0.0 ], [ 121.3238, 23.35862, 0.0 ], [ 121.325, 23.3623, 0.0 ], [ 121.3289, 23.37386, 0.0 ], [ 121.3293, 23.375, 0.0 ], [ 121.3294, 23.37543, 0.0 ], [ 121.3294, 23.37589, 0.0 ], [ 121.3294, 23.3764, 0.0 ], [ 121.3297, 23.38009, 0.0 ], [ 121.3298, 23.38246, 0.0 ], [ 121.3299, 23.38326, 0.0 ], [ 121.3299, 23.38345, 0.0 ], [ 121.3299, 23.38416, 0.0 ], [ 121.3299, 23.38454, 0.0 ], [ 121.3301, 23.38508, 0.0 ], [ 121.3311, 23.38753, 0.0 ], [ 121.3323, 23.39024, 0.0 ], [ 121.333, 23.39197, 0.0 ], [ 121.3333, 23.39252, 0.0 ], [ 121.3345, 23.3956, 0.0 ], [ 121.3356, 23.39822, 0.0 ], [ 121.3364, 23.4, 0.0 ], [ 121.337, 23.40138, 0.0 ], [ 121.3386, 23.4052, 0.0 ], [ 121.3387, 23.40557, 0.0 ], [ 121.3395, 23.40734, 0.0 ], [ 121.3424, 23.41443, 0.0 ], [ 121.3459, 23.42305, 0.0 ], [ 121.3464, 23.4242, 0.0 ], [ 121.3464, 23.42435, 0.0 ], [ 121.3479, 23.42817, 0.0 ], [ 121.348, 23.42833, 0.0 ], [ 121.3482, 23.42884, 0.0 ], [ 121.3489, 23.43007, 0.0 ], [ 121.3492, 23.43048, 0.0 ], [ 121.3497, 23.43135, 0.0 ], [ 121.3503, 23.43243, 0.0 ], [ 121.3516, 23.43476, 0.0 ], [ 121.3519, 23.43502, 0.0 ], [ 121.3524, 23.43531, 0.0 ], [ 121.3527, 23.43555, 0.0 ], [ 121.3529, 23.4358, 0.0 ], [ 121.3531, 23.43615, 0.0 ], [ 121.3533, 23.43689, 0.0 ], [ 121.3535, 23.43759, 0.0 ], [ 121.3543, 23.43937, 0.0 ], [ 121.3544, 23.43971, 0.0 ], [ 121.3544, 23.43992, 0.0 ], [ 121.3543, 23.44016, 0.0 ], [ 121.3542, 23.44038, 0.0 ], [ 121.354, 23.44055, 0.0 ], [ 121.3525, 23.44138, 0.0 ], [ 121.3521, 23.4415, 0.0 ], [ 121.3518, 23.44157, 0.0 ], [ 121.3515, 23.44168, 0.0 ], [ 121.3514, 23.44181, 0.0 ], [ 121.3513, 23.44194, 0.0 ], [ 121.3512, 23.44213, 0.0 ], [ 121.3513, 23.44251, 0.0 ], [ 121.3513, 23.44279, 0.0 ], [ 121.3512, 23.44296, 0.0 ], [ 121.3511, 23.44314, 0.0 ], [ 121.3509, 23.44332, 0.0 ], [ 121.3503, 23.44372, 0.0 ], [ 121.3501, 23.44391, 0.0 ], [ 121.3498, 23.44435, 0.0 ], [ 121.3497, 23.44455, 0.0 ], [ 121.3497, 23.44471, 0.0 ], [ 121.3497, 23.44496, 0.0 ], [ 121.3499, 23.44575, 0.0 ], [ 121.35, 23.44599, 0.0 ], [ 121.3499, 23.44639, 0.0 ], [ 121.3497, 23.44702, 0.0 ], [ 121.3496, 23.44732, 0.0 ], [ 121.3497, 23.4476, 0.0 ], [ 121.3498, 23.44793, 0.0 ], [ 121.3502, 23.4484, 0.0 ], [ 121.3505, 23.44855, 0.0 ], [ 121.3508, 23.44852, 0.0 ], [ 121.351, 23.44836, 0.0 ], [ 121.3511, 23.44814, 0.0 ], [ 121.3512, 23.44764, 0.0 ], [ 121.3512, 23.44743, 0.0 ], [ 121.3513, 23.44723, 0.0 ], [ 121.3514, 23.44714, 0.0 ], [ 121.3517, 23.44702, 0.0 ], [ 121.352, 23.44692, 0.0 ], [ 121.3523, 23.44683, 0.0 ], [ 121.3526, 23.44673, 0.0 ], [ 121.3527, 23.44663, 0.0 ], [ 121.3529, 23.44653, 0.0 ], [ 121.353, 23.44639, 0.0 ], [ 121.353, 23.44626, 0.0 ], [ 121.3529, 23.4461, 0.0 ], [ 121.3529, 23.44592, 0.0 ], [ 121.3527, 23.44572, 0.0 ], [ 121.3526, 23.44556, 0.0 ], [ 121.3525, 23.4454, 0.0 ], [ 121.3525, 23.44522, 0.0 ], [ 121.3525, 23.44501, 0.0 ], [ 121.3526, 23.44475, 0.0 ], [ 121.3527, 23.44462, 0.0 ], [ 121.3529, 23.44449, 0.0 ], [ 121.3534, 23.44429, 0.0 ], [ 121.3539, 23.44431, 0.0 ], [ 121.3542, 23.44444, 0.0 ], [ 121.3544, 23.44464, 0.0 ], [ 121.3547, 23.44523, 0.0 ], [ 121.3549, 23.44551, 0.0 ], [ 121.3549, 23.44586, 0.0 ], [ 121.355, 23.44621, 0.0 ], [ 121.3546, 23.44893, 0.0 ], [ 121.3545, 23.44975, 0.0 ], [ 121.3544, 23.45, 0.0 ], [ 121.3537, 23.45117, 0.0 ], [ 121.3535, 23.45151, 0.0 ], [ 121.3534, 23.45187, 0.0 ], [ 121.3533, 23.45212, 0.0 ], [ 121.3533, 23.45276, 0.0 ], [ 121.3532, 23.45358, 0.0 ], [ 121.3532, 23.45399, 0.0 ], [ 121.3533, 23.45448, 0.0 ], [ 121.3535, 23.45645, 0.0 ], [ 121.3536, 23.45822, 0.0 ], [ 121.3537, 23.4589, 0.0 ], [ 121.3537, 23.45905, 0.0 ], [ 121.3539, 23.46018, 0.0 ], [ 121.354, 23.46041, 0.0 ], [ 121.3545, 23.46154, 0.0 ], [ 121.3551, 23.46296, 0.0 ], [ 121.3556, 23.46388, 0.0 ], [ 121.3559, 23.4644, 0.0 ], [ 121.3568, 23.46529, 0.0 ], [ 121.3569, 23.46545, 0.0 ], [ 121.3575, 23.46603, 0.0 ], [ 121.3583, 23.46695, 0.0 ], [ 121.3595, 23.46834, 0.0 ], [ 121.3597, 23.46856, 0.0 ], [ 121.3598, 23.46901, 0.0 ], [ 121.3599, 23.47034, 0.0 ], [ 121.36, 23.47065, 0.0 ], [ 121.3602, 23.47084, 0.0 ], [ 121.3606, 23.4713, 0.0 ], [ 121.3608, 23.47147, 0.0 ], [ 121.3609, 23.47175, 0.0 ], [ 121.3609, 23.47204, 0.0 ], [ 121.3608, 23.47231, 0.0 ], [ 121.3607, 23.47257, 0.0 ], [ 121.3605, 23.47281, 0.0 ], [ 121.3602, 23.473, 0.0 ], [ 121.36, 23.47309, 0.0 ], [ 121.3597, 23.47312, 0.0 ], [ 121.3595, 23.47309, 0.0 ], [ 121.3594, 23.47301, 0.0 ], [ 121.3591, 23.47274, 0.0 ], [ 121.3579, 23.47127, 0.0 ], [ 121.3576, 23.47057, 0.0 ], [ 121.3575, 23.47045, 0.0 ], [ 121.3573, 23.47035, 0.0 ], [ 121.3571, 23.47033, 0.0 ], [ 121.3569, 23.47039, 0.0 ], [ 121.3568, 23.4705, 0.0 ], [ 121.3567, 23.47064, 0.0 ], [ 121.3567, 23.47087, 0.0 ], [ 121.3568, 23.47187, 0.0 ], [ 121.3568, 23.47232, 0.0 ], [ 121.3567, 23.47278, 0.0 ], [ 121.3566, 23.47321, 0.0 ], [ 121.3567, 23.47373, 0.0 ], [ 121.3567, 23.47393, 0.0 ], [ 121.3568, 23.47418, 0.0 ], [ 121.3584, 23.47696, 0.0 ], [ 121.359, 23.47819, 0.0 ], [ 121.3592, 23.47851, 0.0 ], [ 121.3601, 23.47988, 0.0 ], [ 121.362, 23.48289, 0.0 ], [ 121.3622, 23.48326, 0.0 ], [ 121.3625, 23.48379, 0.0 ], [ 121.3627, 23.48413, 0.0 ], [ 121.3638, 23.48693, 0.0 ], [ 121.365, 23.48978, 0.0 ], [ 121.3658, 23.49162, 0.0 ], [ 121.3658, 23.49182, 0.0 ], [ 121.366, 23.49231, 0.0 ], [ 121.3664, 23.49315, 0.0 ], [ 121.3675, 23.49595, 0.0 ], [ 121.3684, 23.49803, 0.0 ], [ 121.3688, 23.49911, 0.0 ], [ 121.3692, 23.50008, 0.0 ], [ 121.3701, 23.50212, 0.0 ], [ 121.3709, 23.50417, 0.0 ], [ 121.3716, 23.50585, 0.0 ], [ 121.3718, 23.50622, 0.0 ], [ 121.3726, 23.50826, 0.0 ], [ 121.3732, 23.50961, 0.0 ], [ 121.3735, 23.51031, 0.0 ], [ 121.3743, 23.51229, 0.0 ], [ 121.3744, 23.51259, 0.0 ], [ 121.3746, 23.5129, 0.0 ], [ 121.3748, 23.51312, 0.0 ], [ 121.3751, 23.51337, 0.0 ], [ 121.3754, 23.51358, 0.0 ], [ 121.3756, 23.51378, 0.0 ], [ 121.3759, 23.51392, 0.0 ], [ 121.3762, 23.51413, 0.0 ], [ 121.3765, 23.5169, 0.0 ], [ 121.3767, 23.51783, 0.0 ], [ 121.3773, 23.52091, 0.0 ], [ 121.3773, 23.52107, 0.0 ], [ 121.3774, 23.5217, 0.0 ], [ 121.3783, 23.52591, 0.0 ], [ 121.3784, 23.5263, 0.0 ], [ 121.3787, 23.5278, 0.0 ], [ 121.3788, 23.52794, 0.0 ], [ 121.3788, 23.5281, 0.0 ], [ 121.3788, 23.52839, 0.0 ], [ 121.3788, 23.5288, 0.0 ], [ 121.3787, 23.52912, 0.0 ], [ 121.3783, 23.5304, 0.0 ], [ 121.3779, 23.53137, 0.0 ], [ 121.3777, 23.53206, 0.0 ], [ 121.3776, 23.53258, 0.0 ], [ 121.3773, 23.5357, 0.0 ], [ 121.3773, 23.53859, 0.0 ], [ 121.3773, 23.53893, 0.0 ], [ 121.3773, 23.54372, 0.0 ], [ 121.3773, 23.54489, 0.0 ], [ 121.3776, 23.54913, 0.0 ], [ 121.3777, 23.54974, 0.0 ], [ 121.3778, 23.54984, 0.0 ], [ 121.3781, 23.55106, 0.0 ], [ 121.3786, 23.55293, 0.0 ], [ 121.3788, 23.55364, 0.0 ], [ 121.3795, 23.55531, 0.0 ], [ 121.3796, 23.55541, 0.0 ], [ 121.3797, 23.55582, 0.0 ], [ 121.3815, 23.56005, 0.0 ], [ 121.382, 23.5612, 0.0 ], [ 121.3821, 23.56149, 0.0 ], [ 121.3822, 23.56202, 0.0 ], [ 121.3824, 23.56449, 0.0 ], [ 121.3824, 23.56514, 0.0 ], [ 121.3826, 23.56719, 0.0 ], [ 121.3826, 23.56794, 0.0 ], [ 121.3834, 23.5783, 0.0 ], [ 121.3834, 23.57871, 0.0 ], [ 121.3834, 23.57935, 0.0 ], [ 121.3834, 23.5797, 0.0 ], [ 121.3833, 23.58019, 0.0 ], [ 121.3832, 23.58056, 0.0 ], [ 121.3826, 23.58417, 0.0 ], [ 121.3824, 23.58552, 0.0 ], [ 121.3823, 23.58588, 0.0 ], [ 121.3823, 23.58617, 0.0 ], [ 121.3828, 23.58721, 0.0 ], [ 121.3828, 23.58737, 0.0 ], [ 121.3831, 23.58792, 0.0 ], [ 121.3832, 23.58802, 0.0 ], [ 121.3835, 23.58853, 0.0 ], [ 121.3856, 23.59174, 0.0 ], [ 121.3867, 23.59354, 0.0 ], [ 121.3875, 23.59478, 0.0 ], [ 121.3881, 23.59574, 0.0 ], [ 121.3884, 23.59636, 0.0 ], [ 121.3887, 23.59723, 0.0 ], [ 121.3891, 23.59863, 0.0 ], [ 121.3895, 23.59945, 0.0 ], [ 121.3899, 23.60019, 0.0 ], [ 121.391, 23.60243, 0.0 ], [ 121.3918, 23.60401, 0.0 ], [ 121.3923, 23.60493, 0.0 ], [ 121.3924, 23.60513, 0.0 ], [ 121.3926, 23.60551, 0.0 ], [ 121.3931, 23.60645, 0.0 ], [ 121.3934, 23.60705, 0.0 ], [ 121.3941, 23.60862, 0.0 ], [ 121.3948, 23.60986, 0.0 ], [ 121.395, 23.61023, 0.0 ], [ 121.395, 23.61041, 0.0 ], [ 121.395, 23.61048, 0.0 ], [ 121.395, 23.6108, 0.0 ], [ 121.3942, 23.61408, 0.0 ], [ 121.3942, 23.61437, 0.0 ], [ 121.3943, 23.61466, 0.0 ], [ 121.3943, 23.6149, 0.0 ], [ 121.3946, 23.61523, 0.0 ], [ 121.3947, 23.61542, 0.0 ], [ 121.3958, 23.61647, 0.0 ], [ 121.3964, 23.6171, 0.0 ], [ 121.399, 23.61963, 0.0 ], [ 121.4003, 23.62091, 0.0 ], [ 121.4006, 23.62126, 0.0 ], [ 121.4009, 23.62173, 0.0 ], [ 121.4013, 23.62234, 0.0 ], [ 121.4016, 23.62284, 0.0 ], [ 121.4017, 23.62306, 0.0 ], [ 121.403, 23.6253, 0.0 ], [ 121.4053, 23.62941, 0.0 ], [ 121.4057, 23.62997, 0.0 ], [ 121.4059, 23.63022, 0.0 ], [ 121.4062, 23.63046, 0.0 ], [ 121.4081, 23.63204, 0.0 ], [ 121.411, 23.63428, 0.0 ], [ 121.4117, 23.63493, 0.0 ], [ 121.4122, 23.6356, 0.0 ], [ 121.4125, 23.636, 0.0 ], [ 121.4128, 23.63647, 0.0 ], [ 121.4129, 23.63669, 0.0 ], [ 121.4131, 23.63744, 0.0 ], [ 121.4154, 23.64567, 0.0 ], [ 121.4157, 23.64689, 0.0 ], [ 121.4157, 23.64697, 0.0 ], [ 121.416, 23.64775, 0.0 ], [ 121.4161, 23.64816, 0.0 ], [ 121.4167, 23.65049, 0.0 ], [ 121.4169, 23.65106, 0.0 ], [ 121.4169, 23.65122, 0.0 ], [ 121.417, 23.65128, 0.0 ], [ 121.4172, 23.65217, 0.0 ], [ 121.4172, 23.65223, 0.0 ], [ 121.4175, 23.65337, 0.0 ], [ 121.4176, 23.65364, 0.0 ], [ 121.4177, 23.65381, 0.0 ], [ 121.4179, 23.65451, 0.0 ], [ 121.4186, 23.65676, 0.0 ], [ 121.4191, 23.65865, 0.0 ], [ 121.4192, 23.65889, 0.0 ], [ 121.4192, 23.65893, 0.0 ], [ 121.4195, 23.65929, 0.0 ], [ 121.4195, 23.65937, 0.0 ], [ 121.4197, 23.65965, 0.0 ], [ 121.4197, 23.65967, 0.0 ], [ 121.42, 23.66015, 0.0 ], [ 121.4207, 23.66249, 0.0 ], [ 121.4207, 23.66276, 0.0 ], [ 121.421, 23.66363, 0.0 ], [ 121.4213, 23.66463, 0.0 ], [ 121.4216, 23.66564, 0.0 ], [ 121.4217, 23.6662, 0.0 ], [ 121.4219, 23.66688, 0.0 ], [ 121.4223, 23.66845, 0.0 ], [ 121.4225, 23.66939, 0.0 ], [ 121.4229, 23.67039, 0.0 ], [ 121.423, 23.67094, 0.0 ], [ 121.4232, 23.67182, 0.0 ], [ 121.4232, 23.6725, 0.0 ], [ 121.423, 23.67293, 0.0 ], [ 121.421, 23.67602, 0.0 ], [ 121.4201, 23.67749, 0.0 ], [ 121.4194, 23.67851, 0.0 ], [ 121.4188, 23.67938, 0.0 ], [ 121.4182, 23.68035, 0.0 ], [ 121.4181, 23.68055, 0.0 ], [ 121.4179, 23.68068, 0.0 ], [ 121.4174, 23.6811, 0.0 ], [ 121.4173, 23.68116, 0.0 ], [ 121.4169, 23.6813, 0.0 ], [ 121.4144, 23.68174, 0.0 ], [ 121.4141, 23.68182, 0.0 ], [ 121.4138, 23.68191, 0.0 ], [ 121.4134, 23.68207, 0.0 ], [ 121.4131, 23.68223, 0.0 ], [ 121.4115, 23.68339, 0.0 ], [ 121.4106, 23.68401, 0.0 ], [ 121.41, 23.68448, 0.0 ], [ 121.4098, 23.6847, 0.0 ], [ 121.4096, 23.68504, 0.0 ], [ 121.4094, 23.68562, 0.0 ], [ 121.4092, 23.68889, 0.0 ], [ 121.4091, 23.6893, 0.0 ], [ 121.409, 23.69052, 0.0 ], [ 121.409, 23.69121, 0.0 ], [ 121.4088, 23.69363, 0.0 ], [ 121.4087, 23.69517, 0.0 ], [ 121.4089, 23.69565, 0.0 ], [ 121.4112, 23.69917, 0.0 ], [ 121.4136, 23.70281, 0.0 ], [ 121.4149, 23.70485, 0.0 ], [ 121.4153, 23.70508, 0.0 ], [ 121.4156, 23.7053, 0.0 ], [ 121.4161, 23.70549, 0.0 ], [ 121.4176, 23.70593, 0.0 ], [ 121.4181, 23.70615, 0.0 ], [ 121.4185, 23.70646, 0.0 ], [ 121.4187, 23.70671, 0.0 ], [ 121.4195, 23.70721, 0.0 ], [ 121.4203, 23.70822, 0.0 ], [ 121.4211, 23.70911, 0.0 ], [ 121.4215, 23.70977, 0.0 ], [ 121.4215, 23.70979, 0.0 ], [ 121.4218, 23.71052, 0.0 ], [ 121.4221, 23.71137, 0.0 ], [ 121.4225, 23.71291, 0.0 ], [ 121.4228, 23.71461, 0.0 ], [ 121.4228, 23.71462, 0.0 ], [ 121.4232, 23.71556, 0.0 ], [ 121.4235, 23.71626, 0.0 ], [ 121.4239, 23.71682, 0.0 ], [ 121.4268, 23.71995, 0.0 ], [ 121.4277, 23.72091, 0.0 ], [ 121.4289, 23.72219, 0.0 ], [ 121.4293, 23.72247, 0.0 ], [ 121.4298, 23.7227, 0.0 ], [ 121.4307, 23.72301, 0.0 ], [ 121.4326, 23.72369, 0.0 ], [ 121.4343, 23.72429, 0.0 ], [ 121.4345, 23.72436, 0.0 ], [ 121.4357, 23.72478, 0.0 ], [ 121.4361, 23.72493, 0.0 ], [ 121.4363, 23.72509, 0.0 ], [ 121.4366, 23.72528, 0.0 ], [ 121.4372, 23.72574, 0.0 ], [ 121.4376, 23.72618, 0.0 ], [ 121.4387, 23.72723, 0.0 ], [ 121.4392, 23.72772, 0.0 ], [ 121.4401, 23.7286, 0.0 ], [ 121.4419, 23.73045, 0.0 ], [ 121.4422, 23.73078, 0.0 ], [ 121.4424, 23.73104, 0.0 ], [ 121.4424, 23.73114, 0.0 ], [ 121.4426, 23.73163, 0.0 ], [ 121.4427, 23.73179, 0.0 ], [ 121.4442, 23.73546, 0.0 ], [ 121.4445, 23.7362, 0.0 ], [ 121.4453, 23.73797, 0.0 ], [ 121.4454, 23.73821, 0.0 ], [ 121.4455, 23.73865, 0.0 ], [ 121.4459, 23.73944, 0.0 ], [ 121.4462, 23.73978, 0.0 ], [ 121.4465, 23.74009, 0.0 ], [ 121.4468, 23.74027, 0.0 ], [ 121.4473, 23.74052, 0.0 ], [ 121.4473, 23.74055, 0.0 ], [ 121.4492, 23.74084, 0.0 ], [ 121.4494, 23.74088, 0.0 ], [ 121.4498, 23.74097, 0.0 ], [ 121.4501, 23.74111, 0.0 ], [ 121.4505, 23.74131, 0.0 ], [ 121.4507, 23.74147, 0.0 ], [ 121.451, 23.74178, 0.0 ], [ 121.4513, 23.74208, 0.0 ], [ 121.4515, 23.74243, 0.0 ], [ 121.4517, 23.74294, 0.0 ], [ 121.4518, 23.74328, 0.0 ], [ 121.4521, 23.74387, 0.0 ], [ 121.4523, 23.74428, 0.0 ], [ 121.4524, 23.74459, 0.0 ], [ 121.4525, 23.74473, 0.0 ], [ 121.4526, 23.74514, 0.0 ], [ 121.4528, 23.74545, 0.0 ], [ 121.453, 23.74595, 0.0 ], [ 121.4535, 23.74711, 0.0 ], [ 121.4538, 23.74796, 0.0 ], [ 121.454, 23.74846, 0.0 ], [ 121.454, 23.74898, 0.0 ], [ 121.454, 23.74945, 0.0 ], [ 121.4538, 23.74998, 0.0 ], [ 121.4537, 23.75027, 0.0 ], [ 121.4534, 23.75063, 0.0 ], [ 121.4529, 23.75153, 0.0 ], [ 121.4522, 23.75254, 0.0 ], [ 121.452, 23.75334, 0.0 ], [ 121.452, 23.75348, 0.0 ], [ 121.452, 23.75401, 0.0 ], [ 121.4524, 23.75496, 0.0 ], [ 121.4532, 23.75681, 0.0 ], [ 121.4543, 23.75957, 0.0 ], [ 121.4551, 23.76143, 0.0 ], [ 121.4553, 23.76278, 0.0 ], [ 121.4554, 23.76326, 0.0 ], [ 121.4558, 23.7657, 0.0 ], [ 121.4561, 23.76773, 0.0 ], [ 121.4564, 23.76977, 0.0 ], [ 121.4568, 23.77182, 0.0 ], [ 121.4571, 23.77387, 0.0 ], [ 121.4573, 23.7753, 0.0 ], [ 121.4574, 23.7759, 0.0 ], [ 121.4576, 23.77729, 0.0 ], [ 121.4579, 23.77757, 0.0 ], [ 121.458, 23.77786, 0.0 ], [ 121.4592, 23.7806, 0.0 ], [ 121.4603, 23.78284, 0.0 ], [ 121.4616, 23.78579, 0.0 ], [ 121.4626, 23.78809, 0.0 ], [ 121.463, 23.78927, 0.0 ], [ 121.4631, 23.79002, 0.0 ], [ 121.4632, 23.79067, 0.0 ], [ 121.4632, 23.79127, 0.0 ], [ 121.4631, 23.7922, 0.0 ], [ 121.4627, 23.79414, 0.0 ], [ 121.4624, 23.79572, 0.0 ], [ 121.4621, 23.7972, 0.0 ], [ 121.4617, 23.79888, 0.0 ], [ 121.4613, 23.80088, 0.0 ], [ 121.4612, 23.80149, 0.0 ], [ 121.4612, 23.80237, 0.0 ], [ 121.4613, 23.80275, 0.0 ], [ 121.4614, 23.80315, 0.0 ], [ 121.4616, 23.80356, 0.0 ], [ 121.4618, 23.80393, 0.0 ], [ 121.4659, 23.81161, 0.0 ], [ 121.4664, 23.81242, 0.0 ], [ 121.4667, 23.81273, 0.0 ], [ 121.467, 23.81301, 0.0 ], [ 121.4671, 23.81323, 0.0 ], [ 121.4673, 23.81339, 0.0 ], [ 121.4702, 23.81517, 0.0 ], [ 121.4708, 23.81564, 0.0 ], [ 121.4711, 23.81587, 0.0 ], [ 121.4713, 23.816, 0.0 ], [ 121.4716, 23.81631, 0.0 ], [ 121.4722, 23.81684, 0.0 ], [ 121.4724, 23.81701, 0.0 ], [ 121.4731, 23.81761, 0.0 ], [ 121.4733, 23.81786, 0.0 ], [ 121.4746, 23.8193, 0.0 ], [ 121.4751, 23.8198, 0.0 ], [ 121.4752, 23.81995, 0.0 ], [ 121.4765, 23.82139, 0.0 ], [ 121.4769, 23.82204, 0.0 ], [ 121.4769, 23.82209, 0.0 ], [ 121.4779, 23.82369, 0.0 ], [ 121.4807, 23.82768, 0.0 ], [ 121.4897, 23.84027, 0.0 ], [ 121.4921, 23.84362, 0.0 ], [ 121.4933, 23.84534, 0.0 ], [ 121.4944, 23.84687, 0.0 ], [ 121.4945, 23.84708, 0.0 ], [ 121.4946, 23.84722, 0.0 ], [ 121.4947, 23.8476, 0.0 ], [ 121.4949, 23.84791, 0.0 ], [ 121.495, 23.84821, 0.0 ], [ 121.4955, 23.84884, 0.0 ], [ 121.4962, 23.84977, 0.0 ], [ 121.4969, 23.85042, 0.0 ], [ 121.4971, 23.8507, 0.0 ], [ 121.4994, 23.85371, 0.0 ], [ 121.502, 23.85703, 0.0 ], [ 121.5044, 23.8604, 0.0 ], [ 121.5056, 23.86207, 0.0 ], [ 121.5067, 23.86364, 0.0 ], [ 121.5068, 23.86381, 0.0 ], [ 121.5075, 23.86544, 0.0 ], [ 121.5081, 23.86641, 0.0 ], [ 121.5082, 23.86657, 0.0 ], [ 121.5082, 23.86705, 0.0 ], [ 121.5086, 23.86802, 0.0 ], [ 121.5091, 23.86923, 0.0 ], [ 121.5092, 23.86928, 0.0 ], [ 121.5095, 23.86973, 0.0 ], [ 121.5101, 23.87066, 0.0 ], [ 121.5107, 23.87156, 0.0 ], [ 121.511, 23.87209, 0.0 ], [ 121.5125, 23.87588, 0.0 ], [ 121.5128, 23.87661, 0.0 ], [ 121.5132, 23.87785, 0.0 ], [ 121.5135, 23.8785, 0.0 ], [ 121.5139, 23.8788, 0.0 ], [ 121.514, 23.87892, 0.0 ], [ 121.5142, 23.87904, 0.0 ], [ 121.5146, 23.87916, 0.0 ], [ 121.5195, 23.88041, 0.0 ], [ 121.52, 23.88058, 0.0 ], [ 121.5203, 23.88076, 0.0 ], [ 121.5211, 23.88176, 0.0 ], [ 121.5222, 23.88338, 0.0 ], [ 121.5223, 23.88357, 0.0 ], [ 121.5235, 23.88518, 0.0 ], [ 121.5236, 23.88541, 0.0 ], [ 121.5245, 23.88842, 0.0 ], [ 121.5252, 23.89076, 0.0 ], [ 121.5258, 23.8928, 0.0 ], [ 121.5263, 23.89455, 0.0 ], [ 121.5263, 23.89458, 0.0 ], [ 121.5267, 23.89566, 0.0 ], [ 121.5273, 23.89786, 0.0 ], [ 121.5278, 23.89949, 0.0 ], [ 121.5291, 23.90397, 0.0 ], [ 121.5295, 23.9051, 0.0 ], [ 121.5298, 23.90618, 0.0 ], [ 121.5301, 23.90723, 0.0 ], [ 121.5305, 23.90883, 0.0 ], [ 121.531, 23.91039, 0.0 ], [ 121.5311, 23.91068, 0.0 ], [ 121.5315, 23.91188, 0.0 ], [ 121.533, 23.91709, 0.0 ], [ 121.534, 23.92055, 0.0 ], [ 121.5346, 23.92245, 0.0 ], [ 121.5353, 23.92401, 0.0 ], [ 121.5357, 23.92488, 0.0 ], [ 121.5363, 23.92616, 0.0 ], [ 121.5364, 23.92642, 0.0 ], [ 121.5416, 23.93831, 0.0 ], [ 121.5418, 23.93846, 0.0 ], [ 121.5426, 23.9392, 0.0 ], [ 121.543, 23.93951, 0.0 ], [ 121.5434, 23.93988, 0.0 ], [ 121.544, 23.94046, 0.0 ], [ 121.5449, 23.94122, 0.0 ], [ 121.5454, 23.94163, 0.0 ], [ 121.5457, 23.9418, 0.0 ], [ 121.5459, 23.94202, 0.0 ], [ 121.5466, 23.94263, 0.0 ], [ 121.5474, 23.94331, 0.0 ], [ 121.5483, 23.94403, 0.0 ], [ 121.5484, 23.94409, 0.0 ], [ 121.5515, 23.9462, 0.0 ], [ 121.5519, 23.94652, 0.0 ], [ 121.5523, 23.94677, 0.0 ], [ 121.5531, 23.9473, 0.0 ], [ 121.5545, 23.94824, 0.0 ], [ 121.5561, 23.94926, 0.0 ], [ 121.5581, 23.95063, 0.0 ], [ 121.5599, 23.95193, 0.0 ], [ 121.5619, 23.95326, 0.0 ], [ 121.563, 23.95407, 0.0 ], [ 121.5637, 23.95448, 0.0 ], [ 121.5638, 23.95456, 0.0 ], [ 121.5676, 23.95719, 0.0 ], [ 121.5695, 23.95851, 0.0 ], [ 121.5705, 23.95901, 0.0 ], [ 121.5712, 23.9594, 0.0 ], [ 121.5761, 23.96269, 0.0 ], [ 121.5771, 23.96338, 0.0 ], [ 121.5799, 23.96361, 0.0 ], [ 121.5821, 23.96381, 0.0 ], [ 121.5839, 23.96398, 0.0 ], [ 121.5871, 23.96425, 0.0 ], [ 121.5873, 23.96427, 0.0 ], [ 121.5898, 23.9645, 0.0 ], [ 121.5906, 23.96471, 0.0 ], [ 121.5911, 23.96522, 0.0 ], [ 121.5912, 23.96542, 0.0 ], [ 121.5918, 23.96606, 0.0 ], [ 121.5925, 23.96676, 0.0 ], [ 121.5926, 23.96695, 0.0 ], [ 121.5934, 23.96784, 0.0 ], [ 121.5936, 23.96798, 0.0 ], [ 121.5942, 23.96863, 0.0 ], [ 121.5944, 23.96875, 0.0 ], [ 121.5946, 23.96888, 0.0 ], [ 121.5953, 23.96933, 0.0 ], [ 121.5959, 23.96972, 0.0 ], [ 121.596, 23.96978, 0.0 ], [ 121.5967, 23.97025, 0.0 ], [ 121.5975, 23.97078, 0.0 ], [ 121.5977, 23.97091, 0.0 ], [ 121.5979, 23.97101, 0.0 ], [ 121.5985, 23.97139, 0.0 ], [ 121.5988, 23.97157, 0.0 ], [ 121.599, 23.97171, 0.0 ], [ 121.5994, 23.97198, 0.0 ], [ 121.5999, 23.97235, 0.0 ], [ 121.6012, 23.97317, 0.0 ], [ 121.6016, 23.97343, 0.0 ], [ 121.6018, 23.97357, 0.0 ], [ 121.602, 23.97371, 0.0 ], [ 121.6024, 23.97396, 0.0 ], [ 121.6031, 23.97442, 0.0 ], [ 121.6038, 23.97488, 0.0 ], [ 121.6045, 23.97531, 0.0 ], [ 121.6049, 23.97559, 0.0 ], [ 121.6051, 23.97574, 0.0 ], [ 121.606, 23.97629, 0.0 ], [ 121.6068, 23.97686, 0.0 ], [ 121.6073, 23.97717, 0.0 ], [ 121.6074, 23.97726, 0.0 ], [ 121.6076, 23.97736, 0.0 ], [ 121.6077, 23.97744, 0.0 ], [ 121.6079, 23.97759, 0.0 ], [ 121.6085, 23.97796, 0.0 ], [ 121.6086, 23.97802, 0.0 ], [ 121.6092, 23.97845, 0.0 ], [ 121.6097, 23.97876, 0.0 ], [ 121.61, 23.97892, 0.0 ], [ 121.6107, 23.97943, 0.0 ], [ 121.6116, 23.98004, 0.0 ], [ 121.6124, 23.98057, 0.0 ], [ 121.6126, 23.98066, 0.0 ], [ 121.6127, 23.98082, 0.0 ], [ 121.6129, 23.98095, 0.0 ], [ 121.6133, 23.98188, 0.0 ], [ 121.6136, 23.98206, 0.0 ], [ 121.6152, 23.98208, 0.0 ], [ 121.6161, 23.98227, 0.0 ], [ 121.6165, 23.98228, 0.0 ], [ 121.6169, 23.9822, 0.0 ], [ 121.6179, 23.98202, 0.0 ], [ 121.618, 23.98217, 0.0 ], [ 121.6184, 23.98267, 0.0 ], [ 121.6189, 23.98323, 0.0 ], [ 121.6198, 23.98427, 0.0 ], [ 121.6203, 23.98483, 0.0 ], [ 121.6209, 23.98548, 0.0 ], [ 121.6211, 23.98719, 0.0 ], [ 121.6212, 23.98751, 0.0 ], [ 121.6214, 23.9886, 0.0 ], [ 121.6214, 23.98927, 0.0 ], [ 121.6215, 23.98994, 0.0 ], [ 121.6217, 23.99115, 0.0 ], [ 121.6219, 23.99208, 0.0 ], [ 121.622, 23.99245, 0.0 ], [ 121.622, 23.99293, 0.0 ], [ 121.6221, 23.99352, 0.0 ], [ 121.6222, 23.99389, 0.0 ], [ 121.6223, 23.99434, 0.0 ], [ 121.6223, 23.99448, 0.0 ], [ 121.6222, 23.99456, 0.0 ], [ 121.6222, 23.99478, 0.0 ], [ 121.6214, 23.9969, 0.0 ], [ 121.6213, 23.99712, 0.0 ], [ 121.6209, 23.99837, 0.0 ], [ 121.6204, 23.99998, 0.0 ], [ 121.6199, 24.00132, 0.0 ], [ 121.6196, 24.00226, 0.0 ], [ 121.6193, 24.00337, 0.0 ], [ 121.6192, 24.00368, 0.0 ], [ 121.6188, 24.00489, 0.0 ], [ 121.6187, 24.00519, 0.0 ], [ 121.6187, 24.00528, 0.0 ], [ 121.6185, 24.00569, 0.0 ], [ 121.6183, 24.00623, 0.0 ], [ 121.6182, 24.0064, 0.0 ], [ 121.6179, 24.00662, 0.0 ], [ 121.6171, 24.00726, 0.0 ], [ 121.617, 24.00733, 0.0 ], [ 121.6166, 24.00747, 0.0 ], [ 121.6161, 24.0076, 0.0 ], [ 121.6157, 24.00763, 0.0 ], [ 121.6153, 24.00764, 0.0 ], [ 121.6152, 24.00762, 0.0 ], [ 121.6147, 24.00752, 0.0 ], [ 121.6145, 24.00746, 0.0 ], [ 121.6132, 24.00687, 0.0 ], [ 121.6129, 24.00678, 0.0 ], [ 121.6121, 24.00673, 0.0 ], [ 121.6118, 24.00672, 0.0 ], [ 121.6115, 24.00679, 0.0 ], [ 121.6111, 24.00689, 0.0 ], [ 121.6107, 24.00703, 0.0 ], [ 121.6104, 24.00721, 0.0 ], [ 121.61, 24.00748, 0.0 ], [ 121.6097, 24.00779, 0.0 ], [ 121.6095, 24.00813, 0.0 ], [ 121.6092, 24.00852, 0.0 ], [ 121.6091, 24.00891, 0.0 ], [ 121.609, 24.00953, 0.0 ], [ 121.609, 24.00982, 0.0 ], [ 121.6091, 24.01064, 0.0 ], [ 121.6093, 24.01153, 0.0 ], [ 121.6096, 24.01245, 0.0 ], [ 121.6099, 24.01326, 0.0 ], [ 121.6105, 24.01434, 0.0 ], [ 121.6107, 24.0149, 0.0 ], [ 121.6108, 24.01531, 0.0 ], [ 121.6108, 24.01566, 0.0 ], [ 121.6108, 24.01612, 0.0 ], [ 121.6104, 24.01724, 0.0 ], [ 121.6103, 24.01751, 0.0 ], [ 121.6098, 24.01869, 0.0 ], [ 121.6093, 24.02006, 0.0 ], [ 121.609, 24.02085, 0.0 ], [ 121.6085, 24.02217, 0.0 ], [ 121.6082, 24.02278, 0.0 ], [ 121.6085, 24.02431, 0.0 ], [ 121.6085, 24.02463, 0.0 ], [ 121.6085, 24.02494, 0.0 ], [ 121.6079, 24.02658, 0.0 ], [ 121.6073, 24.0286, 0.0 ], [ 121.6071, 24.02929, 0.0 ], [ 121.6067, 24.03044, 0.0 ], [ 121.6064, 24.0315, 0.0 ], [ 121.6059, 24.03319, 0.0 ], [ 121.6058, 24.03358, 0.0 ], [ 121.6055, 24.03433, 0.0 ], [ 121.605, 24.03607, 0.0 ], [ 121.6049, 24.03632, 0.0 ], [ 121.604, 24.03888, 0.0 ], [ 121.6038, 24.03955, 0.0 ], [ 121.6035, 24.04066, 0.0 ], [ 121.6036, 24.04192, 0.0 ], [ 121.6041, 24.04517, 0.0 ], [ 121.6045, 24.04722, 0.0 ], [ 121.6047, 24.04847, 0.0 ], [ 121.6048, 24.04942, 0.0 ], [ 121.6051, 24.05144, 0.0 ], [ 121.6052, 24.05183, 0.0 ], [ 121.6054, 24.05358, 0.0 ], [ 121.6055, 24.05381, 0.0 ], [ 121.6056, 24.0543, 0.0 ], [ 121.6057, 24.05506, 0.0 ], [ 121.6058, 24.05552, 0.0 ], [ 121.6059, 24.05622, 0.0 ], [ 121.606, 24.05701, 0.0 ], [ 121.6061, 24.05747, 0.0 ], [ 121.6061, 24.05784, 0.0 ], [ 121.6062, 24.05839, 0.0 ], [ 121.6063, 24.05872, 0.0 ], [ 121.6071, 24.0637, 0.0 ], [ 121.6072, 24.06482, 0.0 ], [ 121.6073, 24.06506, 0.0 ], [ 121.6073, 24.06525, 0.0 ], [ 121.608, 24.06978, 0.0 ], [ 121.6081, 24.07032, 0.0 ], [ 121.6083, 24.07168, 0.0 ], [ 121.6084, 24.07243, 0.0 ], [ 121.6086, 24.07374, 0.0 ], [ 121.6088, 24.07505, 0.0 ], [ 121.6091, 24.07689, 0.0 ], [ 121.6095, 24.07886, 0.0 ], [ 121.6097, 24.08014, 0.0 ], [ 121.6097, 24.0805, 0.0 ], [ 121.6099, 24.08184, 0.0 ], [ 121.61, 24.08201, 0.0 ], [ 121.6104, 24.08328, 0.0 ], [ 121.6112, 24.08549, 0.0 ], [ 121.6126, 24.08991, 0.0 ], [ 121.6137, 24.0929, 0.0 ], [ 121.6138, 24.0934, 0.0 ], [ 121.6139, 24.09372, 0.0 ], [ 121.6141, 24.0944, 0.0 ], [ 121.6146, 24.09615, 0.0 ], [ 121.6148, 24.09711, 0.0 ], [ 121.6159, 24.10149, 0.0 ], [ 121.6163, 24.1029, 0.0 ], [ 121.6164, 24.10317, 0.0 ], [ 121.6166, 24.10366, 0.0 ], [ 121.6169, 24.10414, 0.0 ], [ 121.6172, 24.10455, 0.0 ], [ 121.6174, 24.10486, 0.0 ], [ 121.6177, 24.10512, 0.0 ], [ 121.6181, 24.10549, 0.0 ], [ 121.6187, 24.10594, 0.0 ], [ 121.6195, 24.10634, 0.0 ], [ 121.6197, 24.10644, 0.0 ], [ 121.6207, 24.10691, 0.0 ], [ 121.6224, 24.10773, 0.0 ], [ 121.6236, 24.10831, 0.0 ], [ 121.6239, 24.10851, 0.0 ], [ 121.6253, 24.10927, 0.0 ], [ 121.6257, 24.10948, 0.0 ], [ 121.6267, 24.10999, 0.0 ], [ 121.6271, 24.11021, 0.0 ], [ 121.6275, 24.11039, 0.0 ], [ 121.6276, 24.11044, 0.0 ], [ 121.628, 24.11069, 0.0 ], [ 121.629, 24.11119, 0.0 ], [ 121.6298, 24.11162, 0.0 ], [ 121.6299, 24.11168, 0.0 ], [ 121.6314, 24.11247, 0.0 ], [ 121.6316, 24.11258, 0.0 ], [ 121.6319, 24.11275, 0.0 ], [ 121.6333, 24.11365, 0.0 ], [ 121.6352, 24.11479, 0.0 ], [ 121.6353, 24.11483, 0.0 ], [ 121.6354, 24.1149, 0.0 ], [ 121.6364, 24.11551, 0.0 ], [ 121.6368, 24.11579, 0.0 ], [ 121.6371, 24.11598, 0.0 ], [ 121.6372, 24.11603, 0.0 ], [ 121.638, 24.1165, 0.0 ], [ 121.6384, 24.11675, 0.0 ], [ 121.6385, 24.1168, 0.0 ], [ 121.6391, 24.11722, 0.0 ], [ 121.6391, 24.11723, 0.0 ], [ 121.6396, 24.11749, 0.0 ], [ 121.64, 24.11777, 0.0 ], [ 121.64, 24.11778, 0.0 ], [ 121.6402, 24.11791, 0.0 ], [ 121.6411, 24.11844, 0.0 ], [ 121.6417, 24.11881, 0.0 ], [ 121.6422, 24.11913, 0.0 ], [ 121.6427, 24.11946, 0.0 ], [ 121.643, 24.11962, 0.0 ], [ 121.6442, 24.12038, 0.0 ], [ 121.6455, 24.12117, 0.0 ], [ 121.6461, 24.12155, 0.0 ], [ 121.6465, 24.12182, 0.0 ], [ 121.6468, 24.12203, 0.0 ], [ 121.6469, 24.12207, 0.0 ], [ 121.647, 24.12232, 0.0 ], [ 121.6475, 24.1228, 0.0 ], [ 121.6478, 24.12317, 0.0 ], [ 121.648, 24.12363, 0.0 ], [ 121.6482, 24.12404, 0.0 ], [ 121.6485, 24.12466, 0.0 ], [ 121.6486, 24.12542, 0.0 ], [ 121.6486, 24.12609, 0.0 ], [ 121.6486, 24.12658, 0.0 ], [ 121.6485, 24.12713, 0.0 ], [ 121.6482, 24.1279, 0.0 ], [ 121.6479, 24.12846, 0.0 ], [ 121.6479, 24.12851, 0.0 ], [ 121.6477, 24.12888, 0.0 ], [ 121.6476, 24.12907, 0.0 ], [ 121.6475, 24.12911, 0.0 ], [ 121.6472, 24.12949, 0.0 ], [ 121.6468, 24.12979, 0.0 ], [ 121.6462, 24.13028, 0.0 ], [ 121.646, 24.13041, 0.0 ], [ 121.6459, 24.13052, 0.0 ], [ 121.6458, 24.13056, 0.0 ], [ 121.6455, 24.13071, 0.0 ], [ 121.6451, 24.13095, 0.0 ], [ 121.6443, 24.13136, 0.0 ], [ 121.644, 24.13152, 0.0 ], [ 121.6431, 24.13205, 0.0 ], [ 121.6429, 24.13211, 0.0 ], [ 121.6421, 24.13262, 0.0 ], [ 121.642, 24.13277, 0.0 ], [ 121.6428, 24.13413, 0.0 ], [ 121.6431, 24.13471, 0.0 ], [ 121.6433, 24.13503, 0.0 ], [ 121.6434, 24.13546, 0.0 ], [ 121.6435, 24.13591, 0.0 ], [ 121.6436, 24.13623, 0.0 ], [ 121.6436, 24.13651, 0.0 ], [ 121.6442, 24.14924, 0.0 ], [ 121.6442, 24.14941, 0.0 ], [ 121.6443, 24.14952, 0.0 ], [ 121.6444, 24.14969, 0.0 ], [ 121.6445, 24.14988, 0.0 ], [ 121.6447, 24.15005, 0.0 ], [ 121.6448, 24.15014, 0.0 ], [ 121.645, 24.1502, 0.0 ], [ 121.6456, 24.15029, 0.0 ], [ 121.647, 24.15046, 0.0 ], [ 121.6472, 24.15046, 0.0 ], [ 121.6478, 24.15039, 0.0 ], [ 121.648, 24.15042, 0.0 ], [ 121.6482, 24.15048, 0.0 ], [ 121.6483, 24.15055, 0.0 ], [ 121.6485, 24.15067, 0.0 ], [ 121.6487, 24.15087, 0.0 ], [ 121.6487, 24.15108, 0.0 ], [ 121.6488, 24.15151, 0.0 ], [ 121.6488, 24.15175, 0.0 ], [ 121.6488, 24.15254, 0.0 ], [ 121.6488, 24.1531, 0.0 ], [ 121.6489, 24.15346, 0.0 ], [ 121.6491, 24.15402, 0.0 ], [ 121.6493, 24.15451, 0.0 ], [ 121.6498, 24.15608, 0.0 ], [ 121.6505, 24.15771, 0.0 ], [ 121.6511, 24.1593, 0.0 ], [ 121.6517, 24.16093, 0.0 ], [ 121.6521, 24.16209, 0.0 ], [ 121.6523, 24.16252, 0.0 ], [ 121.6527, 24.16417, 0.0 ], [ 121.6532, 24.1658, 0.0 ], [ 121.6536, 24.16737, 0.0 ], [ 121.6539, 24.16823, 0.0 ], [ 121.654, 24.1684, 0.0 ], [ 121.6541, 24.16887, 0.0 ], [ 121.6543, 24.16943, 0.0 ], [ 121.6543, 24.16956, 0.0 ], [ 121.656, 24.17569, 0.0 ], [ 121.6564, 24.17754, 0.0 ], [ 121.6564, 24.17782, 0.0 ], [ 121.6568, 24.17855, 0.0 ], [ 121.6569, 24.17878, 0.0 ], [ 121.6572, 24.18003, 0.0 ], [ 121.6573, 24.18031, 0.0 ], [ 121.6575, 24.18063, 0.0 ], [ 121.6575, 24.18074, 0.0 ], [ 121.6577, 24.18175, 0.0 ], [ 121.6578, 24.182, 0.0 ], [ 121.6577, 24.18213, 0.0 ], [ 121.6576, 24.18316, 0.0 ], [ 121.6576, 24.18338, 0.0 ], [ 121.6576, 24.18432, 0.0 ], [ 121.6576, 24.18443, 0.0 ], [ 121.6577, 24.1846, 0.0 ], [ 121.6577, 24.18466, 0.0 ], [ 121.6588, 24.18569, 0.0 ], [ 121.6589, 24.1858, 0.0 ], [ 121.659, 24.18606, 0.0 ], [ 121.6592, 24.18679, 0.0 ], [ 121.6594, 24.18702, 0.0 ], [ 121.6597, 24.18773, 0.0 ], [ 121.6603, 24.18863, 0.0 ], [ 121.6603, 24.18891, 0.0 ], [ 121.6604, 24.18908, 0.0 ], [ 121.6603, 24.18917, 0.0 ], [ 121.6603, 24.18925, 0.0 ], [ 121.6602, 24.18943, 0.0 ], [ 121.6599, 24.18971, 0.0 ], [ 121.6599, 24.18979, 0.0 ], [ 121.6599, 24.18988, 0.0 ], [ 121.6599, 24.18996, 0.0 ], [ 121.6599, 24.19035, 0.0 ], [ 121.66, 24.19052, 0.0 ], [ 121.6601, 24.19067, 0.0 ], [ 121.6603, 24.19091, 0.0 ], [ 121.6611, 24.19159, 0.0 ], [ 121.6613, 24.19174, 0.0 ], [ 121.6613, 24.19183, 0.0 ], [ 121.6614, 24.192, 0.0 ], [ 121.6615, 24.19245, 0.0 ], [ 121.662, 24.19327, 0.0 ], [ 121.6621, 24.19346, 0.0 ], [ 121.6621, 24.1938, 0.0 ], [ 121.6621, 24.1949, 0.0 ], [ 121.662, 24.19827, 0.0 ], [ 121.662, 24.19852, 0.0 ], [ 121.6621, 24.1988, 0.0 ], [ 121.6623, 24.19917, 0.0 ], [ 121.6651, 24.20331, 0.0 ], [ 121.6653, 24.20367, 0.0 ], [ 121.666, 24.20618, 0.0 ], [ 121.6662, 24.20666, 0.0 ], [ 121.6664, 24.20691, 0.0 ], [ 121.6666, 24.20709, 0.0 ], [ 121.6668, 24.20721, 0.0 ], [ 121.6676, 24.2076, 0.0 ], [ 121.6678, 24.20764, 0.0 ], [ 121.6679, 24.20762, 0.0 ], [ 121.6685, 24.20752, 0.0 ], [ 121.6686, 24.20745, 0.0 ], [ 121.6687, 24.20728, 0.0 ], [ 121.6688, 24.20724, 0.0 ], [ 121.6689, 24.20724, 0.0 ], [ 121.6695, 24.20737, 0.0 ], [ 121.6697, 24.20741, 0.0 ], [ 121.6702, 24.20762, 0.0 ], [ 121.6702, 24.20769, 0.0 ], [ 121.6702, 24.20777, 0.0 ], [ 121.6702, 24.20816, 0.0 ], [ 121.6702, 24.20848, 0.0 ], [ 121.6702, 24.20863, 0.0 ], [ 121.6703, 24.20872, 0.0 ], [ 121.6703, 24.20878, 0.0 ], [ 121.6705, 24.20882, 0.0 ], [ 121.6706, 24.20882, 0.0 ], [ 121.6706, 24.2088, 0.0 ], [ 121.6707, 24.20876, 0.0 ], [ 121.6708, 24.20872, 0.0 ], [ 121.6713, 24.20812, 0.0 ], [ 121.6714, 24.20805, 0.0 ], [ 121.6715, 24.20801, 0.0 ], [ 121.6716, 24.20797, 0.0 ], [ 121.6717, 24.20794, 0.0 ], [ 121.672, 24.20794, 0.0 ], [ 121.6723, 24.20799, 0.0 ], [ 121.6725, 24.20805, 0.0 ], [ 121.6762, 24.2096, 0.0 ], [ 121.6773, 24.21007, 0.0 ], [ 121.6818, 24.21202, 0.0 ], [ 121.6822, 24.21219, 0.0 ], [ 121.6824, 24.21234, 0.0 ], [ 121.6827, 24.21264, 0.0 ], [ 121.6869, 24.21586, 0.0 ], [ 121.6872, 24.21612, 0.0 ], [ 121.6873, 24.21631, 0.0 ], [ 121.6877, 24.21715, 0.0 ], [ 121.6879, 24.21771, 0.0 ], [ 121.688, 24.21775, 0.0 ], [ 121.6884, 24.21803, 0.0 ], [ 121.6885, 24.21809, 0.0 ], [ 121.6885, 24.21816, 0.0 ], [ 121.6888, 24.21848, 0.0 ], [ 121.6888, 24.21865, 0.0 ], [ 121.6889, 24.21906, 0.0 ], [ 121.6892, 24.22009, 0.0 ], [ 121.6893, 24.22015, 0.0 ], [ 121.6894, 24.22022, 0.0 ], [ 121.6894, 24.22026, 0.0 ], [ 121.6895, 24.22026, 0.0 ], [ 121.6897, 24.22024, 0.0 ], [ 121.6898, 24.2202, 0.0 ], [ 121.6899, 24.22013, 0.0 ], [ 121.6906, 24.21934, 0.0 ], [ 121.6906, 24.21921, 0.0 ], [ 121.6906, 24.21885, 0.0 ], [ 121.6907, 24.21878, 0.0 ], [ 121.6909, 24.21837, 0.0 ], [ 121.6909, 24.21803, 0.0 ], [ 121.6909, 24.2179, 0.0 ], [ 121.691, 24.21786, 0.0 ], [ 121.6911, 24.21784, 0.0 ], [ 121.6914, 24.21782, 0.0 ], [ 121.6917, 24.21773, 0.0 ], [ 121.6918, 24.21775, 0.0 ], [ 121.6918, 24.21779, 0.0 ], [ 121.6921, 24.21829, 0.0 ], [ 121.6922, 24.2184, 0.0 ], [ 121.6926, 24.21895, 0.0 ], [ 121.6927, 24.21902, 0.0 ], [ 121.6929, 24.21915, 0.0 ], [ 121.693, 24.21925, 0.0 ], [ 121.6952, 24.22123, 0.0 ], [ 121.6953, 24.22129, 0.0 ], [ 121.6954, 24.22136, 0.0 ], [ 121.6957, 24.22144, 0.0 ], [ 121.6963, 24.22159, 0.0 ], [ 121.6965, 24.22166, 0.0 ], [ 121.6969, 24.22194, 0.0 ], [ 121.697, 24.22198, 0.0 ], [ 121.6971, 24.22198, 0.0 ], [ 121.6972, 24.22198, 0.0 ], [ 121.6974, 24.22187, 0.0 ], [ 121.6976, 24.22187, 0.0 ], [ 121.6977, 24.22189, 0.0 ], [ 121.6977, 24.22194, 0.0 ], [ 121.6989, 24.2229, 0.0 ], [ 121.699, 24.22301, 0.0 ], [ 121.6994, 24.22318, 0.0 ], [ 121.7005, 24.2237, 0.0 ], [ 121.7008, 24.22384, 0.0 ], [ 121.701, 24.22406, 0.0 ], [ 121.7021, 24.22487, 0.0 ], [ 121.7022, 24.22496, 0.0 ], [ 121.7023, 24.22503, 0.0 ], [ 121.7026, 24.22505, 0.0 ], [ 121.7035, 24.22496, 0.0 ], [ 121.7036, 24.22498, 0.0 ], [ 121.7036, 24.225, 0.0 ], [ 121.7038, 24.22528, 0.0 ], [ 121.7039, 24.22533, 0.0 ], [ 121.7041, 24.22539, 0.0 ], [ 121.7043, 24.22563, 0.0 ], [ 121.7045, 24.22601, 0.0 ], [ 121.7045, 24.22606, 0.0 ], [ 121.7054, 24.22668, 0.0 ], [ 121.7055, 24.22672, 0.0 ], [ 121.7055, 24.22679, 0.0 ], [ 121.7056, 24.22717, 0.0 ], [ 121.7056, 24.22762, 0.0 ], [ 121.7056, 24.22769, 0.0 ], [ 121.7057, 24.22771, 0.0 ], [ 121.706, 24.22794, 0.0 ], [ 121.7061, 24.22801, 0.0 ], [ 121.7061, 24.22807, 0.0 ], [ 121.7062, 24.22824, 0.0 ], [ 121.7062, 24.22848, 0.0 ], [ 121.7063, 24.22893, 0.0 ], [ 121.7064, 24.22908, 0.0 ], [ 121.7065, 24.22915, 0.0 ], [ 121.7069, 24.22936, 0.0 ], [ 121.707, 24.22942, 0.0 ], [ 121.707, 24.22949, 0.0 ], [ 121.707, 24.22966, 0.0 ], [ 121.7069, 24.22994, 0.0 ], [ 121.7069, 24.23007, 0.0 ], [ 121.707, 24.23018, 0.0 ], [ 121.7073, 24.23041, 0.0 ], [ 121.7074, 24.23047, 0.0 ], [ 121.7074, 24.23069, 0.0 ], [ 121.7074, 24.23078, 0.0 ], [ 121.7073, 24.23123, 0.0 ], [ 121.7073, 24.23144, 0.0 ], [ 121.7071, 24.23178, 0.0 ], [ 121.7072, 24.23204, 0.0 ], [ 121.7072, 24.23232, 0.0 ], [ 121.7071, 24.23279, 0.0 ], [ 121.7071, 24.23307, 0.0 ], [ 121.7071, 24.23333, 0.0 ], [ 121.7073, 24.23395, 0.0 ], [ 121.7074, 24.23419, 0.0 ], [ 121.7077, 24.23477, 0.0 ], [ 121.7078, 24.23487, 0.0 ], [ 121.7084, 24.23537, 0.0 ], [ 121.7084, 24.23543, 0.0 ], [ 121.7085, 24.23558, 0.0 ], [ 121.7086, 24.23597, 0.0 ], [ 121.7087, 24.23618, 0.0 ], [ 121.7087, 24.23625, 0.0 ], [ 121.7091, 24.23661, 0.0 ], [ 121.7094, 24.23713, 0.0 ], [ 121.7105, 24.23897, 0.0 ], [ 121.7106, 24.23932, 0.0 ], [ 121.711, 24.24073, 0.0 ], [ 121.7114, 24.24172, 0.0 ], [ 121.7118, 24.24271, 0.0 ], [ 121.7125, 24.24414, 0.0 ], [ 121.7126, 24.24434, 0.0 ], [ 121.7135, 24.24578, 0.0 ], [ 121.7139, 24.24627, 0.0 ], [ 121.7147, 24.24764, 0.0 ], [ 121.7148, 24.24775, 0.0 ], [ 121.7149, 24.24781, 0.0 ], [ 121.715, 24.24788, 0.0 ], [ 121.7151, 24.24792, 0.0 ], [ 121.7153, 24.24792, 0.0 ], [ 121.7155, 24.24792, 0.0 ], [ 121.7162, 24.24771, 0.0 ], [ 121.7166, 24.24756, 0.0 ], [ 121.7169, 24.24745, 0.0 ], [ 121.7171, 24.24738, 0.0 ], [ 121.7184, 24.24693, 0.0 ], [ 121.7186, 24.24683, 0.0 ], [ 121.7186, 24.24674, 0.0 ], [ 121.7197, 24.24571, 0.0 ], [ 121.7197, 24.24565, 0.0 ], [ 121.7199, 24.24554, 0.0 ], [ 121.7204, 24.24532, 0.0 ], [ 121.7208, 24.24498, 0.0 ], [ 121.7209, 24.24492, 0.0 ], [ 121.7214, 24.24483, 0.0 ], [ 121.7221, 24.24481, 0.0 ], [ 121.7224, 24.24483, 0.0 ], [ 121.7248, 24.24554, 0.0 ], [ 121.725, 24.24558, 0.0 ], [ 121.7253, 24.24575, 0.0 ], [ 121.7289, 24.24768, 0.0 ], [ 121.7289, 24.24775, 0.0 ], [ 121.729, 24.24781, 0.0 ], [ 121.729, 24.24809, 0.0 ], [ 121.7292, 24.24822, 0.0 ], [ 121.7309, 24.25007, 0.0 ], [ 121.731, 24.25015, 0.0 ], [ 121.7317, 24.25065, 0.0 ], [ 121.7318, 24.25069, 0.0 ], [ 121.7323, 24.2508, 0.0 ], [ 121.7324, 24.25082, 0.0 ], [ 121.7324, 24.25088, 0.0 ], [ 121.7327, 24.25127, 0.0 ], [ 121.7328, 24.25144, 0.0 ], [ 121.7332, 24.25178, 0.0 ], [ 121.7336, 24.25219, 0.0 ], [ 121.7337, 24.25232, 0.0 ], [ 121.7339, 24.25268, 0.0 ], [ 121.734, 24.25273, 0.0 ], [ 121.7346, 24.25324, 0.0 ], [ 121.7356, 24.25447, 0.0 ], [ 121.7361, 24.25485, 0.0 ], [ 121.7365, 24.25547, 0.0 ], [ 121.7365, 24.25554, 0.0 ], [ 121.737, 24.2559, 0.0 ], [ 121.7376, 24.25659, 0.0 ], [ 121.7377, 24.2568, 0.0 ], [ 121.7395, 24.26403, 0.0 ], [ 121.7401, 24.26614, 0.0 ], [ 121.7408, 24.26873, 0.0 ], [ 121.7408, 24.26891, 0.0 ], [ 121.741, 24.26944, 0.0 ], [ 121.7411, 24.26987, 0.0 ], [ 121.7413, 24.2703, 0.0 ], [ 121.7414, 24.27073, 0.0 ], [ 121.7415, 24.27114, 0.0 ], [ 121.7417, 24.27155, 0.0 ], [ 121.7427, 24.27399, 0.0 ], [ 121.7443, 24.2776, 0.0 ], [ 121.7446, 24.27811, 0.0 ], [ 121.7448, 24.27854, 0.0 ], [ 121.7454, 24.27972, 0.0 ], [ 121.7456, 24.28009, 0.0 ], [ 121.7462, 24.28124, 0.0 ], [ 121.7464, 24.28169, 0.0 ], [ 121.7485, 24.28485, 0.0 ], [ 121.7487, 24.28506, 0.0 ], [ 121.7514, 24.28996, 0.0 ], [ 121.7515, 24.29026, 0.0 ], [ 121.7517, 24.29077, 0.0 ], [ 121.7527, 24.29333, 0.0 ], [ 121.7528, 24.29378, 0.0 ], [ 121.7529, 24.29624, 0.0 ], [ 121.7529, 24.29646, 0.0 ], [ 121.7529, 24.29667, 0.0 ], [ 121.7525, 24.2977, 0.0 ], [ 121.7524, 24.29779, 0.0 ], [ 121.7522, 24.2983, 0.0 ], [ 121.7519, 24.29897, 0.0 ], [ 121.751, 24.30124, 0.0 ], [ 121.7505, 24.30236, 0.0 ], [ 121.7495, 24.30472, 0.0 ], [ 121.7492, 24.30562, 0.0 ], [ 121.7491, 24.30586, 0.0 ], [ 121.749, 24.30609, 0.0 ], [ 121.7488, 24.30656, 0.0 ], [ 121.7485, 24.30729, 0.0 ], [ 121.7483, 24.30781, 0.0 ], [ 121.748, 24.30843, 0.0 ], [ 121.7477, 24.3092, 0.0 ], [ 121.7473, 24.31013, 0.0 ], [ 121.7469, 24.31094, 0.0 ], [ 121.7468, 24.31137, 0.0 ], [ 121.7466, 24.31174, 0.0 ], [ 121.746, 24.31283, 0.0 ], [ 121.7453, 24.31388, 0.0 ], [ 121.7448, 24.31457, 0.0 ], [ 121.744, 24.31588, 0.0 ], [ 121.7436, 24.31639, 0.0 ], [ 121.7434, 24.31678, 0.0 ], [ 121.7431, 24.31714, 0.0 ], [ 121.7417, 24.31931, 0.0 ], [ 121.7415, 24.31965, 0.0 ], [ 121.7411, 24.32036, 0.0 ], [ 121.741, 24.32068, 0.0 ], [ 121.7409, 24.3209, 0.0 ], [ 121.7409, 24.32128, 0.0 ], [ 121.7409, 24.32148, 0.0 ], [ 121.7409, 24.32167, 0.0 ], [ 121.741, 24.32188, 0.0 ], [ 121.7411, 24.32203, 0.0 ], [ 121.7412, 24.32223, 0.0 ], [ 121.7413, 24.3224, 0.0 ], [ 121.7442, 24.32534, 0.0 ], [ 121.7444, 24.32558, 0.0 ], [ 121.7447, 24.32573, 0.0 ], [ 121.745, 24.32586, 0.0 ], [ 121.7453, 24.32592, 0.0 ], [ 121.746, 24.32598, 0.0 ], [ 121.7462, 24.32596, 0.0 ], [ 121.7464, 24.32588, 0.0 ], [ 121.7466, 24.32577, 0.0 ], [ 121.7478, 24.32448, 0.0 ], [ 121.7489, 24.3233, 0.0 ], [ 121.7491, 24.32313, 0.0 ], [ 121.7493, 24.32298, 0.0 ], [ 121.7498, 24.32274, 0.0 ], [ 121.7507, 24.32242, 0.0 ], [ 121.751, 24.32231, 0.0 ], [ 121.7511, 24.32223, 0.0 ], [ 121.7517, 24.32165, 0.0 ], [ 121.7518, 24.32158, 0.0 ], [ 121.7519, 24.32154, 0.0 ], [ 121.7523, 24.32141, 0.0 ], [ 121.7524, 24.32137, 0.0 ], [ 121.7524, 24.32131, 0.0 ], [ 121.7526, 24.32109, 0.0 ], [ 121.7527, 24.32105, 0.0 ], [ 121.7528, 24.321, 0.0 ], [ 121.7529, 24.32098, 0.0 ], [ 121.7533, 24.32094, 0.0 ], [ 121.7535, 24.32096, 0.0 ], [ 121.7543, 24.32122, 0.0 ], [ 121.7556, 24.32137, 0.0 ], [ 121.7563, 24.3215, 0.0 ], [ 121.7575, 24.32165, 0.0 ], [ 121.7578, 24.32167, 0.0 ], [ 121.7598, 24.32161, 0.0 ], [ 121.7601, 24.32161, 0.0 ], [ 121.7603, 24.32163, 0.0 ], [ 121.7605, 24.32169, 0.0 ], [ 121.7607, 24.3218, 0.0 ], [ 121.7609, 24.32186, 0.0 ], [ 121.761, 24.32186, 0.0 ], [ 121.7616, 24.32186, 0.0 ], [ 121.7617, 24.32186, 0.0 ], [ 121.7623, 24.32206, 0.0 ], [ 121.7624, 24.32212, 0.0 ], [ 121.7625, 24.32221, 0.0 ], [ 121.7629, 24.32287, 0.0 ], [ 121.7632, 24.32339, 0.0 ], [ 121.7636, 24.32405, 0.0 ], [ 121.7637, 24.32418, 0.0 ], [ 121.7638, 24.32452, 0.0 ], [ 121.764, 24.3248, 0.0 ], [ 121.7641, 24.32504, 0.0 ], [ 121.7647, 24.32592, 0.0 ], [ 121.7648, 24.32615, 0.0 ], [ 121.765, 24.32665, 0.0 ], [ 121.7651, 24.32689, 0.0 ], [ 121.7654, 24.32802, 0.0 ], [ 121.7655, 24.32819, 0.0 ], [ 121.7657, 24.32854, 0.0 ], [ 121.7658, 24.32873, 0.0 ], [ 121.7664, 24.3307, 0.0 ], [ 121.7675, 24.33354, 0.0 ], [ 121.7678, 24.33457, 0.0 ], [ 121.768, 24.33525, 0.0 ], [ 121.7681, 24.33551, 0.0 ], [ 121.7683, 24.33605, 0.0 ], [ 121.7684, 24.33628, 0.0 ], [ 121.7686, 24.33673, 0.0 ], [ 121.7687, 24.33699, 0.0 ], [ 121.7692, 24.33856, 0.0 ], [ 121.7693, 24.3392, 0.0 ], [ 121.7694, 24.33987, 0.0 ], [ 121.7695, 24.34012, 0.0 ], [ 121.7695, 24.34025, 0.0 ], [ 121.7696, 24.34036, 0.0 ], [ 121.7697, 24.34045, 0.0 ], [ 121.7703, 24.34107, 0.0 ], [ 121.7704, 24.34118, 0.0 ], [ 121.7707, 24.34173, 0.0 ], [ 121.7707, 24.34195, 0.0 ], [ 121.7708, 24.34208, 0.0 ], [ 121.7708, 24.34231, 0.0 ], [ 121.7707, 24.34268, 0.0 ], [ 121.7707, 24.34285, 0.0 ], [ 121.7709, 24.34315, 0.0 ], [ 121.771, 24.34332, 0.0 ], [ 121.7713, 24.34418, 0.0 ], [ 121.7713, 24.34435, 0.0 ], [ 121.7713, 24.34452, 0.0 ], [ 121.7712, 24.34469, 0.0 ], [ 121.7707, 24.34527, 0.0 ], [ 121.7707, 24.3454, 0.0 ], [ 121.7707, 24.34549, 0.0 ], [ 121.7708, 24.34557, 0.0 ], [ 121.7708, 24.34562, 0.0 ], [ 121.7709, 24.34564, 0.0 ], [ 121.7715, 24.34562, 0.0 ], [ 121.7716, 24.34564, 0.0 ], [ 121.7717, 24.34566, 0.0 ], [ 121.7718, 24.3457, 0.0 ], [ 121.7718, 24.34577, 0.0 ], [ 121.7719, 24.34585, 0.0 ], [ 121.772, 24.34626, 0.0 ], [ 121.772, 24.34632, 0.0 ], [ 121.772, 24.34641, 0.0 ], [ 121.7719, 24.34648, 0.0 ], [ 121.7718, 24.34669, 0.0 ], [ 121.7717, 24.34678, 0.0 ], [ 121.7717, 24.34684, 0.0 ], [ 121.7718, 24.34693, 0.0 ], [ 121.7718, 24.34699, 0.0 ], [ 121.7719, 24.34703, 0.0 ], [ 121.7719, 24.34706, 0.0 ], [ 121.7724, 24.34708, 0.0 ], [ 121.7726, 24.3471, 0.0 ], [ 121.7727, 24.34714, 0.0 ], [ 121.7732, 24.34744, 0.0 ], [ 121.7732, 24.34748, 0.0 ], [ 121.7733, 24.34755, 0.0 ], [ 121.7733, 24.34763, 0.0 ], [ 121.7733, 24.34834, 0.0 ], [ 121.7734, 24.34849, 0.0 ], [ 121.7734, 24.34856, 0.0 ], [ 121.7735, 24.3486, 0.0 ], [ 121.7736, 24.34862, 0.0 ], [ 121.774, 24.34869, 0.0 ], [ 121.7742, 24.34875, 0.0 ], [ 121.7742, 24.34879, 0.0 ], [ 121.7745, 24.34909, 0.0 ], [ 121.7746, 24.34918, 0.0 ], [ 121.7749, 24.35004, 0.0 ], [ 121.7749, 24.35012, 0.0 ], [ 121.775, 24.35017, 0.0 ], [ 121.7757, 24.35047, 0.0 ], [ 121.7758, 24.35053, 0.0 ], [ 121.7758, 24.35062, 0.0 ], [ 121.776, 24.3509, 0.0 ], [ 121.776, 24.35107, 0.0 ], [ 121.776, 24.35126, 0.0 ], [ 121.7757, 24.35203, 0.0 ], [ 121.7757, 24.35221, 0.0 ], [ 121.7757, 24.35257, 0.0 ], [ 121.7757, 24.35268, 0.0 ], [ 121.7757, 24.35276, 0.0 ], [ 121.7758, 24.35285, 0.0 ], [ 121.7766, 24.35377, 0.0 ], [ 121.7767, 24.35388, 0.0 ], [ 121.7767, 24.35418, 0.0 ], [ 121.7768, 24.35431, 0.0 ], [ 121.7771, 24.35465, 0.0 ], [ 121.7772, 24.3548, 0.0 ], [ 121.7774, 24.35527, 0.0 ], [ 121.7774, 24.35536, 0.0 ], [ 121.7774, 24.35628, 0.0 ], [ 121.7774, 24.3565, 0.0 ], [ 121.7774, 24.3566, 0.0 ], [ 121.7775, 24.3568, 0.0 ], [ 121.7778, 24.3572, 0.0 ], [ 121.7779, 24.35781, 0.0 ], [ 121.778, 24.35798, 0.0 ], [ 121.7785, 24.35849, 0.0 ], [ 121.7786, 24.35868, 0.0 ], [ 121.7787, 24.35888, 0.0 ], [ 121.7788, 24.3595, 0.0 ], [ 121.7788, 24.35957, 0.0 ], [ 121.7789, 24.35963, 0.0 ], [ 121.7789, 24.35969, 0.0 ], [ 121.7793, 24.35993, 0.0 ], [ 121.7795, 24.36004, 0.0 ], [ 121.7796, 24.3604, 0.0 ], [ 121.7798, 24.36072, 0.0 ], [ 121.7799, 24.36083, 0.0 ], [ 121.7801, 24.36139, 0.0 ], [ 121.7801, 24.36147, 0.0 ], [ 121.7801, 24.36156, 0.0 ], [ 121.7801, 24.36165, 0.0 ], [ 121.7801, 24.36173, 0.0 ], [ 121.7793, 24.36293, 0.0 ], [ 121.7792, 24.36304, 0.0 ], [ 121.7792, 24.36326, 0.0 ], [ 121.7792, 24.36383, 0.0 ], [ 121.7792, 24.36394, 0.0 ], [ 121.7793, 24.36407, 0.0 ], [ 121.7793, 24.36418, 0.0 ], [ 121.7794, 24.36428, 0.0 ], [ 121.7795, 24.36437, 0.0 ], [ 121.7803, 24.36491, 0.0 ], [ 121.7805, 24.36525, 0.0 ], [ 121.7809, 24.36553, 0.0 ], [ 121.781, 24.36559, 0.0 ], [ 121.781, 24.36566, 0.0 ], [ 121.781, 24.3657, 0.0 ], [ 121.7809, 24.36604, 0.0 ], [ 121.7808, 24.36615, 0.0 ], [ 121.7808, 24.3662, 0.0 ], [ 121.7805, 24.36639, 0.0 ], [ 121.7803, 24.36654, 0.0 ], [ 121.78, 24.36686, 0.0 ], [ 121.7799, 24.36692, 0.0 ], [ 121.7797, 24.36705, 0.0 ], [ 121.7796, 24.3671, 0.0 ], [ 121.7795, 24.36714, 0.0 ], [ 121.7792, 24.36714, 0.0 ], [ 121.7782, 24.36705, 0.0 ], [ 121.7781, 24.36705, 0.0 ], [ 121.7779, 24.36707, 0.0 ], [ 121.7774, 24.36725, 0.0 ], [ 121.7771, 24.36729, 0.0 ], [ 121.777, 24.36729, 0.0 ], [ 121.7769, 24.36727, 0.0 ], [ 121.7768, 24.36723, 0.0 ], [ 121.7763, 24.3669, 0.0 ], [ 121.7758, 24.36647, 0.0 ], [ 121.7757, 24.36643, 0.0 ], [ 121.7756, 24.36641, 0.0 ], [ 121.7755, 24.36643, 0.0 ], [ 121.7754, 24.36647, 0.0 ], [ 121.7754, 24.36654, 0.0 ], [ 121.775, 24.36723, 0.0 ], [ 121.775, 24.36731, 0.0 ], [ 121.775, 24.3674, 0.0 ], [ 121.775, 24.36748, 0.0 ], [ 121.7751, 24.36755, 0.0 ], [ 121.7751, 24.36761, 0.0 ], [ 121.7755, 24.36783, 0.0 ], [ 121.7757, 24.36791, 0.0 ], [ 121.7757, 24.36798, 0.0 ], [ 121.7759, 24.3683, 0.0 ], [ 121.776, 24.3684, 0.0 ], [ 121.7773, 24.36905, 0.0 ], [ 121.7774, 24.36907, 0.0 ], [ 121.7775, 24.36907, 0.0 ], [ 121.7779, 24.36898, 0.0 ], [ 121.778, 24.36903, 0.0 ], [ 121.7781, 24.36907, 0.0 ], [ 121.7783, 24.36931, 0.0 ], [ 121.7784, 24.36939, 0.0 ], [ 121.7784, 24.36946, 0.0 ], [ 121.7784, 24.36984, 0.0 ], [ 121.7784, 24.36993, 0.0 ], [ 121.7785, 24.36997, 0.0 ], [ 121.7785, 24.37001, 0.0 ], [ 121.7786, 24.37001, 0.0 ], [ 121.7787, 24.36999, 0.0 ], [ 121.7788, 24.36995, 0.0 ], [ 121.7791, 24.36967, 0.0 ], [ 121.7792, 24.36961, 0.0 ], [ 121.7792, 24.36956, 0.0 ], [ 121.7799, 24.36941, 0.0 ], [ 121.7802, 24.36929, 0.0 ], [ 121.7803, 24.36926, 0.0 ], [ 121.7804, 24.36926, 0.0 ], [ 121.7805, 24.36929, 0.0 ], [ 121.781, 24.36946, 0.0 ], [ 121.7814, 24.36961, 0.0 ], [ 121.7818, 24.36984, 0.0 ], [ 121.7819, 24.36997, 0.0 ], [ 121.782, 24.37006, 0.0 ], [ 121.7822, 24.37059, 0.0 ], [ 121.7822, 24.37077, 0.0 ], [ 121.7821, 24.37109, 0.0 ], [ 121.7822, 24.37117, 0.0 ], [ 121.7823, 24.37167, 0.0 ], [ 121.7824, 24.37203, 0.0 ], [ 121.7824, 24.3721, 0.0 ], [ 121.7824, 24.37212, 0.0 ], [ 121.7825, 24.37216, 0.0 ], [ 121.7829, 24.37222, 0.0 ], [ 121.7831, 24.37227, 0.0 ], [ 121.7843, 24.37283, 0.0 ], [ 121.7844, 24.37283, 0.0 ], [ 121.7847, 24.37278, 0.0 ], [ 121.7849, 24.3728, 0.0 ], [ 121.7851, 24.37291, 0.0 ], [ 121.7852, 24.37302, 0.0 ], [ 121.7852, 24.37308, 0.0 ], [ 121.7852, 24.37328, 0.0 ], [ 121.785, 24.37403, 0.0 ], [ 121.7849, 24.37422, 0.0 ], [ 121.7848, 24.37431, 0.0 ], [ 121.7845, 24.37456, 0.0 ], [ 121.7845, 24.37465, 0.0 ], [ 121.7844, 24.37471, 0.0 ], [ 121.7843, 24.37527, 0.0 ], [ 121.7843, 24.3754, 0.0 ], [ 121.784, 24.37609, 0.0 ], [ 121.784, 24.37617, 0.0 ], [ 121.784, 24.3763, 0.0 ], [ 121.7842, 24.37667, 0.0 ], [ 121.7842, 24.37675, 0.0 ], [ 121.7842, 24.37684, 0.0 ], [ 121.7842, 24.37692, 0.0 ], [ 121.7842, 24.37701, 0.0 ], [ 121.7833, 24.37798, 0.0 ], [ 121.7833, 24.37806, 0.0 ], [ 121.7833, 24.37821, 0.0 ], [ 121.7833, 24.3783, 0.0 ], [ 121.7833, 24.37838, 0.0 ], [ 121.7837, 24.37913, 0.0 ], [ 121.7838, 24.37922, 0.0 ], [ 121.7838, 24.37931, 0.0 ], [ 121.7839, 24.37984, 0.0 ], [ 121.784, 24.37999, 0.0 ], [ 121.784, 24.38006, 0.0 ], [ 121.7845, 24.38027, 0.0 ], [ 121.7846, 24.38038, 0.0 ], [ 121.7846, 24.38046, 0.0 ], [ 121.7846, 24.38064, 0.0 ], [ 121.7844, 24.38152, 0.0 ], [ 121.7843, 24.38203, 0.0 ], [ 121.7841, 24.38255, 0.0 ], [ 121.7841, 24.38278, 0.0 ], [ 121.7841, 24.38302, 0.0 ], [ 121.7848, 24.38413, 0.0 ], [ 121.7848, 24.38424, 0.0 ], [ 121.7848, 24.38443, 0.0 ], [ 121.7849, 24.38474, 0.0 ], [ 121.7849, 24.38501, 0.0 ], [ 121.7848, 24.38546, 0.0 ], [ 121.7846, 24.38596, 0.0 ], [ 121.7846, 24.38606, 0.0 ], [ 121.7847, 24.38654, 0.0 ], [ 121.7846, 24.38767, 0.0 ], [ 121.7845, 24.38785, 0.0 ], [ 121.7843, 24.38815, 0.0 ], [ 121.7843, 24.38821, 0.0 ], [ 121.7842, 24.3883, 0.0 ], [ 121.7842, 24.3884, 0.0 ], [ 121.7842, 24.38851, 0.0 ], [ 121.7843, 24.3886, 0.0 ], [ 121.7843, 24.38868, 0.0 ], [ 121.7845, 24.38888, 0.0 ], [ 121.7846, 24.38894, 0.0 ], [ 121.7846, 24.38903, 0.0 ], [ 121.7846, 24.38946, 0.0 ], [ 121.7846, 24.38967, 0.0 ], [ 121.7846, 24.38978, 0.0 ], [ 121.7849, 24.39029, 0.0 ], [ 121.7849, 24.39049, 0.0 ], [ 121.7849, 24.39059, 0.0 ], [ 121.7848, 24.39068, 0.0 ], [ 121.7848, 24.39076, 0.0 ], [ 121.7847, 24.39083, 0.0 ], [ 121.7846, 24.39087, 0.0 ], [ 121.7837, 24.39124, 0.0 ], [ 121.7836, 24.39128, 0.0 ], [ 121.7836, 24.39134, 0.0 ], [ 121.7835, 24.39143, 0.0 ], [ 121.7835, 24.39152, 0.0 ], [ 121.7835, 24.39162, 0.0 ], [ 121.7836, 24.39192, 0.0 ], [ 121.7836, 24.3921, 0.0 ], [ 121.7837, 24.39216, 0.0 ], [ 121.7842, 24.39267, 0.0 ], [ 121.7843, 24.39274, 0.0 ], [ 121.7843, 24.39278, 0.0 ], [ 121.7845, 24.39282, 0.0 ], [ 121.785, 24.39295, 0.0 ], [ 121.7851, 24.39297, 0.0 ], [ 121.7851, 24.39302, 0.0 ], [ 121.7852, 24.39317, 0.0 ], [ 121.7854, 24.39388, 0.0 ], [ 121.7854, 24.39394, 0.0 ], [ 121.7854, 24.394, 0.0 ], [ 121.7853, 24.39407, 0.0 ], [ 121.7853, 24.39409, 0.0 ], [ 121.7847, 24.39426, 0.0 ], [ 121.7846, 24.3943, 0.0 ], [ 121.7846, 24.39435, 0.0 ], [ 121.7846, 24.39482, 0.0 ], [ 121.7846, 24.39488, 0.0 ], [ 121.7844, 24.39523, 0.0 ], [ 121.7843, 24.39533, 0.0 ], [ 121.7843, 24.3954, 0.0 ], [ 121.7844, 24.39548, 0.0 ], [ 121.7845, 24.39561, 0.0 ], [ 121.785, 24.39609, 0.0 ], [ 121.7851, 24.39615, 0.0 ], [ 121.7851, 24.39624, 0.0 ], [ 121.7852, 24.39645, 0.0 ], [ 121.7855, 24.39718, 0.0 ], [ 121.7856, 24.39731, 0.0 ], [ 121.7857, 24.39742, 0.0 ], [ 121.7861, 24.39761, 0.0 ], [ 121.7863, 24.39774, 0.0 ], [ 121.7865, 24.39789, 0.0 ], [ 121.7867, 24.39815, 0.0 ], [ 121.7867, 24.39823, 0.0 ], [ 121.7868, 24.39832, 0.0 ], [ 121.7867, 24.39868, 0.0 ], [ 121.7867, 24.39875, 0.0 ], [ 121.7869, 24.39922, 0.0 ], [ 121.7871, 24.39988, 0.0 ], [ 121.7871, 24.40014, 0.0 ], [ 121.7871, 24.40027, 0.0 ], [ 121.787, 24.40038, 0.0 ], [ 121.787, 24.40046, 0.0 ], [ 121.7869, 24.40053, 0.0 ], [ 121.7864, 24.40072, 0.0 ], [ 121.7863, 24.40076, 0.0 ], [ 121.7863, 24.40083, 0.0 ], [ 121.7862, 24.40089, 0.0 ], [ 121.7861, 24.40108, 0.0 ], [ 121.7861, 24.40126, 0.0 ], [ 121.7861, 24.40143, 0.0 ], [ 121.7867, 24.40267, 0.0 ], [ 121.7867, 24.40278, 0.0 ], [ 121.7868, 24.40297, 0.0 ], [ 121.7868, 24.40368, 0.0 ], [ 121.7868, 24.4039, 0.0 ], [ 121.7869, 24.404, 0.0 ], [ 121.7869, 24.40407, 0.0 ], [ 121.787, 24.40415, 0.0 ], [ 121.7874, 24.40435, 0.0 ], [ 121.7874, 24.40441, 0.0 ], [ 121.7875, 24.40448, 0.0 ], [ 121.7875, 24.40456, 0.0 ], [ 121.7875, 24.40465, 0.0 ], [ 121.7874, 24.40491, 0.0 ], [ 121.7874, 24.40499, 0.0 ], [ 121.7874, 24.40505, 0.0 ], [ 121.7874, 24.40516, 0.0 ], [ 121.7876, 24.40563, 0.0 ], [ 121.7877, 24.40589, 0.0 ], [ 121.7877, 24.40602, 0.0 ], [ 121.788, 24.40634, 0.0 ], [ 121.7881, 24.40643, 0.0 ], [ 121.7881, 24.40649, 0.0 ], [ 121.7881, 24.40658, 0.0 ], [ 121.7881, 24.40664, 0.0 ], [ 121.788, 24.40673, 0.0 ], [ 121.7877, 24.4072, 0.0 ], [ 121.7874, 24.40761, 0.0 ], [ 121.7874, 24.40772, 0.0 ], [ 121.7874, 24.40791, 0.0 ], [ 121.7874, 24.40847, 0.0 ], [ 121.7874, 24.4086, 0.0 ], [ 121.7874, 24.4087, 0.0 ], [ 121.7872, 24.40924, 0.0 ], [ 121.7872, 24.40932, 0.0 ], [ 121.7872, 24.40941, 0.0 ], [ 121.7874, 24.40988, 0.0 ], [ 121.7876, 24.4104, 0.0 ], [ 121.7877, 24.41048, 0.0 ], [ 121.788, 24.41072, 0.0 ], [ 121.7881, 24.41085, 0.0 ], [ 121.7883, 24.41115, 0.0 ], [ 121.7885, 24.41141, 0.0 ], [ 121.7886, 24.41179, 0.0 ], [ 121.789, 24.41233, 0.0 ], [ 121.789, 24.41241, 0.0 ], [ 121.7891, 24.4125, 0.0 ], [ 121.7896, 24.41274, 0.0 ], [ 121.7896, 24.4128, 0.0 ], [ 121.7897, 24.41287, 0.0 ], [ 121.7901, 24.41364, 0.0 ], [ 121.7904, 24.41396, 0.0 ], [ 121.7904, 24.41409, 0.0 ], [ 121.7904, 24.41418, 0.0 ], [ 121.7906, 24.41488, 0.0 ], [ 121.7906, 24.41497, 0.0 ], [ 121.7906, 24.41505, 0.0 ], [ 121.7906, 24.41512, 0.0 ], [ 121.7905, 24.41518, 0.0 ], [ 121.7902, 24.41546, 0.0 ], [ 121.7901, 24.41553, 0.0 ], [ 121.7901, 24.41561, 0.0 ], [ 121.7901, 24.4157, 0.0 ], [ 121.7901, 24.41581, 0.0 ], [ 121.7903, 24.4163, 0.0 ], [ 121.7903, 24.41656, 0.0 ], [ 121.7903, 24.41733, 0.0 ], [ 121.7902, 24.41761, 0.0 ], [ 121.7895, 24.41999, 0.0 ], [ 121.7895, 24.42012, 0.0 ], [ 121.7895, 24.4202, 0.0 ], [ 121.7895, 24.42031, 0.0 ], [ 121.7896, 24.4204, 0.0 ], [ 121.79, 24.42078, 0.0 ], [ 121.7901, 24.42087, 0.0 ], [ 121.7901, 24.42096, 0.0 ], [ 121.7901, 24.42102, 0.0 ], [ 121.7901, 24.42121, 0.0 ], [ 121.79, 24.4213, 0.0 ], [ 121.7898, 24.42164, 0.0 ], [ 121.7897, 24.42173, 0.0 ], [ 121.7898, 24.42188, 0.0 ], [ 121.7899, 24.42218, 0.0 ], [ 121.79, 24.42226, 0.0 ], [ 121.79, 24.42235, 0.0 ], [ 121.79, 24.42244, 0.0 ], [ 121.7899, 24.42252, 0.0 ], [ 121.7897, 24.42286, 0.0 ], [ 121.7896, 24.42295, 0.0 ], [ 121.7896, 24.42306, 0.0 ], [ 121.7895, 24.42334, 0.0 ], [ 121.7895, 24.42351, 0.0 ], [ 121.7895, 24.42359, 0.0 ], [ 121.7896, 24.4237, 0.0 ], [ 121.7897, 24.42381, 0.0 ], [ 121.7898, 24.42387, 0.0 ], [ 121.7899, 24.42392, 0.0 ], [ 121.7913, 24.42394, 0.0 ], [ 121.7914, 24.42396, 0.0 ], [ 121.7916, 24.42402, 0.0 ], [ 121.7916, 24.42411, 0.0 ], [ 121.7917, 24.42419, 0.0 ], [ 121.7917, 24.4243, 0.0 ], [ 121.7917, 24.42443, 0.0 ], [ 121.7917, 24.42456, 0.0 ], [ 121.7916, 24.42467, 0.0 ], [ 121.7915, 24.42477, 0.0 ], [ 121.7914, 24.42484, 0.0 ], [ 121.7905, 24.42527, 0.0 ], [ 121.7904, 24.42533, 0.0 ], [ 121.7903, 24.4254, 0.0 ], [ 121.7902, 24.42563, 0.0 ], [ 121.7901, 24.42574, 0.0 ], [ 121.7896, 24.42611, 0.0 ], [ 121.7896, 24.42617, 0.0 ], [ 121.7895, 24.42628, 0.0 ], [ 121.7895, 24.42638, 0.0 ], [ 121.7895, 24.42651, 0.0 ], [ 121.7895, 24.42681, 0.0 ], [ 121.7895, 24.42694, 0.0 ], [ 121.7895, 24.42705, 0.0 ], [ 121.7894, 24.42718, 0.0 ], [ 121.7893, 24.42726, 0.0 ], [ 121.7885, 24.42789, 0.0 ], [ 121.7885, 24.42797, 0.0 ], [ 121.7884, 24.42804, 0.0 ], [ 121.7884, 24.42851, 0.0 ], [ 121.7884, 24.42859, 0.0 ], [ 121.7883, 24.42868, 0.0 ], [ 121.7876, 24.42932, 0.0 ], [ 121.7874, 24.42952, 0.0 ], [ 121.7874, 24.42967, 0.0 ], [ 121.7873, 24.42992, 0.0 ], [ 121.7873, 24.43113, 0.0 ], [ 121.7873, 24.4313, 0.0 ], [ 121.7876, 24.43181, 0.0 ], [ 121.7877, 24.4319, 0.0 ], [ 121.7877, 24.43201, 0.0 ], [ 121.7877, 24.43213, 0.0 ], [ 121.7876, 24.43222, 0.0 ], [ 121.7875, 24.43229, 0.0 ], [ 121.7874, 24.43237, 0.0 ], [ 121.7871, 24.43256, 0.0 ], [ 121.787, 24.43263, 0.0 ], [ 121.7868, 24.43267, 0.0 ], [ 121.7866, 24.43274, 0.0 ], [ 121.786, 24.43278, 0.0 ], [ 121.7859, 24.4328, 0.0 ], [ 121.7859, 24.43284, 0.0 ], [ 121.7858, 24.43291, 0.0 ], [ 121.7857, 24.43306, 0.0 ], [ 121.7856, 24.43316, 0.0 ], [ 121.7853, 24.43396, 0.0 ], [ 121.7852, 24.43424, 0.0 ], [ 121.7852, 24.43475, 0.0 ], [ 121.7852, 24.43486, 0.0 ], [ 121.7852, 24.43495, 0.0 ], [ 121.7851, 24.43501, 0.0 ], [ 121.7851, 24.43507, 0.0 ], [ 121.7847, 24.43525, 0.0 ], [ 121.7845, 24.43535, 0.0 ], [ 121.784, 24.43561, 0.0 ], [ 121.784, 24.4357, 0.0 ], [ 121.7839, 24.4358, 0.0 ], [ 121.7838, 24.43598, 0.0 ], [ 121.7838, 24.43608, 0.0 ], [ 121.7838, 24.43617, 0.0 ], [ 121.7838, 24.43625, 0.0 ], [ 121.7839, 24.43634, 0.0 ], [ 121.784, 24.43641, 0.0 ], [ 121.7842, 24.43647, 0.0 ], [ 121.7843, 24.43645, 0.0 ], [ 121.7844, 24.43643, 0.0 ], [ 121.7848, 24.43632, 0.0 ], [ 121.785, 24.4363, 0.0 ], [ 121.7851, 24.4363, 0.0 ], [ 121.7852, 24.43632, 0.0 ], [ 121.7853, 24.43636, 0.0 ], [ 121.7854, 24.43643, 0.0 ], [ 121.7855, 24.43651, 0.0 ], [ 121.7857, 24.43679, 0.0 ], [ 121.7857, 24.4369, 0.0 ], [ 121.7857, 24.43701, 0.0 ], [ 121.7857, 24.43711, 0.0 ], [ 121.7857, 24.43722, 0.0 ], [ 121.7856, 24.43731, 0.0 ], [ 121.7855, 24.43735, 0.0 ], [ 121.785, 24.43767, 0.0 ], [ 121.7831, 24.43885, 0.0 ], [ 121.7822, 24.43943, 0.0 ], [ 121.7821, 24.43952, 0.0 ], [ 121.7819, 24.43975, 0.0 ], [ 121.7818, 24.43986, 0.0 ], [ 121.7818, 24.43999, 0.0 ], [ 121.7818, 24.44012, 0.0 ], [ 121.7818, 24.44035, 0.0 ], [ 121.7822, 24.44121, 0.0 ], [ 121.7822, 24.44134, 0.0 ], [ 121.7822, 24.44158, 0.0 ], [ 121.7821, 24.44252, 0.0 ], [ 121.7821, 24.44263, 0.0 ], [ 121.7822, 24.44274, 0.0 ], [ 121.7822, 24.44282, 0.0 ], [ 121.7825, 24.44316, 0.0 ], [ 121.7826, 24.44338, 0.0 ], [ 121.7828, 24.44383, 0.0 ], [ 121.7829, 24.44394, 0.0 ], [ 121.7829, 24.44407, 0.0 ], [ 121.7828, 24.44456, 0.0 ], [ 121.7828, 24.44467, 0.0 ], [ 121.7829, 24.44477, 0.0 ], [ 121.7829, 24.4449, 0.0 ], [ 121.783, 24.44499, 0.0 ], [ 121.7835, 24.44539, 0.0 ], [ 121.7835, 24.4455, 0.0 ], [ 121.7836, 24.44565, 0.0 ], [ 121.7837, 24.4461, 0.0 ], [ 121.7837, 24.44625, 0.0 ], [ 121.7838, 24.44642, 0.0 ], [ 121.7837, 24.44658, 0.0 ], [ 121.7837, 24.4467, 0.0 ], [ 121.7836, 24.44681, 0.0 ], [ 121.7825, 24.44801, 0.0 ], [ 121.7824, 24.4481, 0.0 ], [ 121.7823, 24.44816, 0.0 ], [ 121.782, 24.44827, 0.0 ], [ 121.7819, 24.44836, 0.0 ], [ 121.7818, 24.44844, 0.0 ], [ 121.7811, 24.44932, 0.0 ], [ 121.7807, 24.44926, 0.0 ], [ 121.7792, 24.44906, 0.0 ], [ 121.7788, 24.44902, 0.0 ], [ 121.7785, 24.44902, 0.0 ], [ 121.7784, 24.44902, 0.0 ], [ 121.7781, 24.44911, 0.0 ], [ 121.7773, 24.44962, 0.0 ], [ 121.7772, 24.44973, 0.0 ], [ 121.7769, 24.44992, 0.0 ], [ 121.7769, 24.45003, 0.0 ], [ 121.7768, 24.45018, 0.0 ], [ 121.7767, 24.45033, 0.0 ], [ 121.7767, 24.45048, 0.0 ], [ 121.7767, 24.45065, 0.0 ], [ 121.7768, 24.45181, 0.0 ], [ 121.7769, 24.45209, 0.0 ], [ 121.7769, 24.4522, 0.0 ], [ 121.7772, 24.45271, 0.0 ], [ 121.7772, 24.45286, 0.0 ], [ 121.7773, 24.45331, 0.0 ], [ 121.7774, 24.45342, 0.0 ], [ 121.7774, 24.45353, 0.0 ], [ 121.7779, 24.45417, 0.0 ], [ 121.778, 24.45426, 0.0 ], [ 121.7781, 24.45469, 0.0 ], [ 121.7781, 24.45481, 0.0 ], [ 121.7787, 24.45584, 0.0 ], [ 121.779, 24.457, 0.0 ], [ 121.7791, 24.45718, 0.0 ], [ 121.7794, 24.45761, 0.0 ], [ 121.7795, 24.45782, 0.0 ], [ 121.7796, 24.45795, 0.0 ], [ 121.7809, 24.45917, 0.0 ], [ 121.7812, 24.45941, 0.0 ], [ 121.7821, 24.45992, 0.0 ], [ 121.7824, 24.46003, 0.0 ], [ 121.7834, 24.46037, 0.0 ], [ 121.7839, 24.46044, 0.0 ], [ 121.7841, 24.46046, 0.0 ], [ 121.7847, 24.46044, 0.0 ], [ 121.7854, 24.46033, 0.0 ], [ 121.7857, 24.46027, 0.0 ], [ 121.7858, 24.4602, 0.0 ], [ 121.7877, 24.45936, 0.0 ], [ 121.7878, 24.45934, 0.0 ], [ 121.7879, 24.45936, 0.0 ], [ 121.788, 24.45949, 0.0 ], [ 121.7888, 24.46063, 0.0 ], [ 121.789, 24.46093, 0.0 ], [ 121.7893, 24.46121, 0.0 ], [ 121.7896, 24.46138, 0.0 ], [ 121.7898, 24.46147, 0.0 ], [ 121.7904, 24.46166, 0.0 ], [ 121.7933, 24.4625, 0.0 ], [ 121.7941, 24.46273, 0.0 ], [ 121.7964, 24.46342, 0.0 ], [ 121.7973, 24.46368, 0.0 ], [ 121.798, 24.46389, 0.0 ], [ 121.7984, 24.464, 0.0 ], [ 121.7998, 24.46439, 0.0 ], [ 121.8006, 24.46462, 0.0 ], [ 121.8012, 24.46479, 0.0 ], [ 121.8014, 24.46488, 0.0 ], [ 121.8019, 24.46501, 0.0 ], [ 121.8024, 24.46514, 0.0 ], [ 121.8029, 24.46531, 0.0 ], [ 121.8034, 24.46554, 0.0 ], [ 121.8037, 24.46578, 0.0 ], [ 121.8041, 24.46602, 0.0 ], [ 121.8043, 24.46612, 0.0 ], [ 121.8045, 24.46627, 0.0 ], [ 121.8047, 24.46636, 0.0 ], [ 121.8049, 24.46653, 0.0 ], [ 121.8052, 24.46675, 0.0 ], [ 121.8056, 24.46694, 0.0 ], [ 121.8059, 24.46715, 0.0 ], [ 121.8062, 24.46739, 0.0 ], [ 121.8069, 24.46786, 0.0 ], [ 121.8072, 24.4681, 0.0 ], [ 121.8073, 24.4682, 0.0 ], [ 121.8074, 24.46844, 0.0 ], [ 121.8075, 24.46866, 0.0 ], [ 121.8075, 24.46936, 0.0 ], [ 121.8075, 24.46947, 0.0 ], [ 121.8076, 24.46958, 0.0 ], [ 121.8077, 24.46966, 0.0 ], [ 121.8078, 24.46975, 0.0 ], [ 121.808, 24.46986, 0.0 ], [ 121.8082, 24.46994, 0.0 ], [ 121.8092, 24.47018, 0.0 ], [ 121.8093, 24.47018, 0.0 ], [ 121.8094, 24.47018, 0.0 ], [ 121.8096, 24.47012, 0.0 ], [ 121.8097, 24.47005, 0.0 ], [ 121.8098, 24.46994, 0.0 ], [ 121.8101, 24.46945, 0.0 ], [ 121.8102, 24.46936, 0.0 ], [ 121.8102, 24.4693, 0.0 ], [ 121.8104, 24.46926, 0.0 ], [ 121.8107, 24.46919, 0.0 ], [ 121.8109, 24.46919, 0.0 ], [ 121.8109, 24.46921, 0.0 ], [ 121.811, 24.46928, 0.0 ], [ 121.8111, 24.46934, 0.0 ], [ 121.8117, 24.47042, 0.0 ], [ 121.8119, 24.47061, 0.0 ], [ 121.812, 24.47074, 0.0 ], [ 121.8121, 24.47082, 0.0 ], [ 121.8123, 24.47089, 0.0 ], [ 121.8128, 24.47099, 0.0 ], [ 121.813, 24.47108, 0.0 ], [ 121.8139, 24.47155, 0.0 ], [ 121.8141, 24.47172, 0.0 ], [ 121.8146, 24.47228, 0.0 ], [ 121.8148, 24.47241, 0.0 ], [ 121.8148, 24.47254, 0.0 ], [ 121.8148, 24.47265, 0.0 ], [ 121.8148, 24.47277, 0.0 ], [ 121.8148, 24.47323, 0.0 ], [ 121.8148, 24.47338, 0.0 ], [ 121.8148, 24.47346, 0.0 ], [ 121.8149, 24.47357, 0.0 ], [ 121.8157, 24.47488, 0.0 ], [ 121.8158, 24.47499, 0.0 ], [ 121.816, 24.47509, 0.0 ], [ 121.8161, 24.47516, 0.0 ], [ 121.8163, 24.4752, 0.0 ], [ 121.8176, 24.47527, 0.0 ], [ 121.8178, 24.47527, 0.0 ], [ 121.8179, 24.47524, 0.0 ], [ 121.8181, 24.4752, 0.0 ], [ 121.8188, 24.47471, 0.0 ], [ 121.82, 24.47383, 0.0 ], [ 121.8201, 24.4737, 0.0 ], [ 121.8201, 24.47357, 0.0 ], [ 121.8201, 24.47344, 0.0 ], [ 121.8201, 24.47333, 0.0 ], [ 121.82, 24.47323, 0.0 ], [ 121.8199, 24.47314, 0.0 ], [ 121.8193, 24.4728, 0.0 ], [ 121.8193, 24.47271, 0.0 ], [ 121.8192, 24.47263, 0.0 ], [ 121.8192, 24.47252, 0.0 ], [ 121.8195, 24.47138, 0.0 ], [ 121.8195, 24.47129, 0.0 ], [ 121.8195, 24.47121, 0.0 ], [ 121.8194, 24.47115, 0.0 ], [ 121.8194, 24.4711, 0.0 ], [ 121.8192, 24.47104, 0.0 ], [ 121.8186, 24.47097, 0.0 ], [ 121.8185, 24.47093, 0.0 ], [ 121.8185, 24.47084, 0.0 ], [ 121.8184, 24.47076, 0.0 ], [ 121.8184, 24.47063, 0.0 ], [ 121.8185, 24.47054, 0.0 ], [ 121.8185, 24.47048, 0.0 ], [ 121.8186, 24.47042, 0.0 ], [ 121.8187, 24.47039, 0.0 ], [ 121.8189, 24.47042, 0.0 ], [ 121.819, 24.47046, 0.0 ], [ 121.8194, 24.47072, 0.0 ], [ 121.8197, 24.47095, 0.0 ], [ 121.8198, 24.47104, 0.0 ], [ 121.8198, 24.47112, 0.0 ], [ 121.8198, 24.4714, 0.0 ], [ 121.8196, 24.47222, 0.0 ], [ 121.8196, 24.47232, 0.0 ], [ 121.8196, 24.47241, 0.0 ], [ 121.8196, 24.47248, 0.0 ], [ 121.8197, 24.47252, 0.0 ], [ 121.8215, 24.47286, 0.0 ], [ 121.8216, 24.4729, 0.0 ], [ 121.8217, 24.47297, 0.0 ], [ 121.8218, 24.47308, 0.0 ], [ 121.8224, 24.47374, 0.0 ], [ 121.8226, 24.47398, 0.0 ], [ 121.8226, 24.47411, 0.0 ], [ 121.8226, 24.47424, 0.0 ], [ 121.8226, 24.47443, 0.0 ], [ 121.8226, 24.47453, 0.0 ], [ 121.8225, 24.47464, 0.0 ], [ 121.8218, 24.47503, 0.0 ], [ 121.8215, 24.4752, 0.0 ], [ 121.8211, 24.47554, 0.0 ], [ 121.821, 24.47565, 0.0 ], [ 121.8209, 24.47578, 0.0 ], [ 121.8207, 24.4767, 0.0 ], [ 121.8207, 24.47685, 0.0 ], [ 121.8205, 24.47724, 0.0 ], [ 121.8204, 24.47741, 0.0 ], [ 121.8204, 24.47765, 0.0 ], [ 121.8204, 24.47784, 0.0 ], [ 121.8204, 24.47795, 0.0 ], [ 121.8204, 24.47803, 0.0 ], [ 121.8205, 24.47808, 0.0 ], [ 121.8207, 24.47812, 0.0 ], [ 121.8208, 24.47814, 0.0 ], [ 121.821, 24.47812, 0.0 ], [ 121.8217, 24.47797, 0.0 ], [ 121.8218, 24.47797, 0.0 ], [ 121.8219, 24.47801, 0.0 ], [ 121.8223, 24.47816, 0.0 ], [ 121.8224, 24.4782, 0.0 ], [ 121.8229, 24.4782, 0.0 ], [ 121.8231, 24.47825, 0.0 ], [ 121.8232, 24.47829, 0.0 ], [ 121.8232, 24.47833, 0.0 ], [ 121.8233, 24.47842, 0.0 ], [ 121.8232, 24.4785, 0.0 ], [ 121.8232, 24.47859, 0.0 ], [ 121.8229, 24.47876, 0.0 ], [ 121.8228, 24.47883, 0.0 ], [ 121.8228, 24.47891, 0.0 ], [ 121.8226, 24.47936, 0.0 ], [ 121.8226, 24.47947, 0.0 ], [ 121.8226, 24.4796, 0.0 ], [ 121.8226, 24.47968, 0.0 ], [ 121.8227, 24.47977, 0.0 ], [ 121.823, 24.48003, 0.0 ], [ 121.8234, 24.48031, 0.0 ], [ 121.8234, 24.48037, 0.0 ], [ 121.8234, 24.48048, 0.0 ], [ 121.8233, 24.48134, 0.0 ], [ 121.8233, 24.48147, 0.0 ], [ 121.8233, 24.48155, 0.0 ], [ 121.8234, 24.48162, 0.0 ], [ 121.8237, 24.48187, 0.0 ], [ 121.8238, 24.48196, 0.0 ], [ 121.8238, 24.48204, 0.0 ], [ 121.8238, 24.48215, 0.0 ], [ 121.8237, 24.48222, 0.0 ], [ 121.8234, 24.4826, 0.0 ], [ 121.8234, 24.48271, 0.0 ], [ 121.8234, 24.48286, 0.0 ], [ 121.8234, 24.48297, 0.0 ], [ 121.8234, 24.48322, 0.0 ], [ 121.8235, 24.48348, 0.0 ], [ 121.8236, 24.48361, 0.0 ], [ 121.8236, 24.48374, 0.0 ], [ 121.831, 24.49106, 0.0 ], [ 121.8311, 24.49121, 0.0 ], [ 121.8313, 24.49146, 0.0 ], [ 121.8315, 24.4917, 0.0 ], [ 121.8315, 24.49179, 0.0 ], [ 121.8317, 24.49192, 0.0 ], [ 121.832, 24.49224, 0.0 ], [ 121.8322, 24.49262, 0.0 ], [ 121.8324, 24.49273, 0.0 ], [ 121.8325, 24.49277, 0.0 ], [ 121.8326, 24.4928, 0.0 ], [ 121.8327, 24.49282, 0.0 ], [ 121.8328, 24.49282, 0.0 ], [ 121.8335, 24.49265, 0.0 ], [ 121.8338, 24.49262, 0.0 ], [ 121.8339, 24.49267, 0.0 ], [ 121.834, 24.49271, 0.0 ], [ 121.8344, 24.49303, 0.0 ], [ 121.835, 24.4935, 0.0 ], [ 121.8351, 24.49363, 0.0 ], [ 121.8351, 24.49378, 0.0 ], [ 121.8349, 24.49481, 0.0 ], [ 121.8349, 24.49501, 0.0 ], [ 121.835, 24.49522, 0.0 ], [ 121.835, 24.49529, 0.0 ], [ 121.8351, 24.49535, 0.0 ], [ 121.8353, 24.4955, 0.0 ], [ 121.8354, 24.49554, 0.0 ], [ 121.8357, 24.49558, 0.0 ], [ 121.8358, 24.49561, 0.0 ], [ 121.8359, 24.49565, 0.0 ], [ 121.836, 24.49571, 0.0 ], [ 121.836, 24.49586, 0.0 ], [ 121.8361, 24.49623, 0.0 ], [ 121.8361, 24.49653, 0.0 ], [ 121.8363, 24.49687, 0.0 ], [ 121.8363, 24.49694, 0.0 ], [ 121.8363, 24.49707, 0.0 ], [ 121.8363, 24.49715, 0.0 ], [ 121.8362, 24.49724, 0.0 ], [ 121.8361, 24.49743, 0.0 ], [ 121.8358, 24.49777, 0.0 ], [ 121.8358, 24.49784, 0.0 ], [ 121.8357, 24.49786, 0.0 ], [ 121.8355, 24.49788, 0.0 ], [ 121.8354, 24.49788, 0.0 ], [ 121.8354, 24.49792, 0.0 ], [ 121.8353, 24.49803, 0.0 ], [ 121.8353, 24.49814, 0.0 ], [ 121.8356, 24.4985, 0.0 ], [ 121.8357, 24.49867, 0.0 ], [ 121.8359, 24.4991, 0.0 ], [ 121.8359, 24.49917, 0.0 ], [ 121.8358, 24.49951, 0.0 ], [ 121.8358, 24.49956, 0.0 ], [ 121.836, 24.49968, 0.0 ], [ 121.836, 24.49973, 0.0 ], [ 121.836, 24.49979, 0.0 ], [ 121.836, 24.5002, 0.0 ], [ 121.8361, 24.5005, 0.0 ], [ 121.8361, 24.50078, 0.0 ], [ 121.8362, 24.50121, 0.0 ], [ 121.8361, 24.50155, 0.0 ], [ 121.8361, 24.50172, 0.0 ], [ 121.8363, 24.50247, 0.0 ], [ 121.8363, 24.50271, 0.0 ], [ 121.8363, 24.50303, 0.0 ], [ 121.8363, 24.50395, 0.0 ], [ 121.8363, 24.50404, 0.0 ], [ 121.8363, 24.5044, 0.0 ], [ 121.8363, 24.50455, 0.0 ], [ 121.8363, 24.50464, 0.0 ], [ 121.836, 24.5049, 0.0 ], [ 121.8358, 24.50507, 0.0 ], [ 121.8357, 24.50511, 0.0 ], [ 121.8355, 24.50509, 0.0 ], [ 121.8354, 24.50507, 0.0 ], [ 121.8353, 24.50492, 0.0 ], [ 121.8351, 24.50447, 0.0 ], [ 121.8349, 24.50406, 0.0 ], [ 121.8348, 24.50395, 0.0 ], [ 121.8345, 24.50365, 0.0 ], [ 121.8344, 24.50348, 0.0 ], [ 121.8343, 24.50346, 0.0 ], [ 121.8342, 24.50346, 0.0 ], [ 121.8341, 24.50348, 0.0 ], [ 121.834, 24.5035, 0.0 ], [ 121.8339, 24.50359, 0.0 ], [ 121.8338, 24.5037, 0.0 ], [ 121.8329, 24.50548, 0.0 ], [ 121.8325, 24.50597, 0.0 ], [ 121.8324, 24.50614, 0.0 ], [ 121.8323, 24.50623, 0.0 ], [ 121.8323, 24.50631, 0.0 ], [ 121.8323, 24.50638, 0.0 ], [ 121.8323, 24.50644, 0.0 ], [ 121.8324, 24.50648, 0.0 ], [ 121.8325, 24.50655, 0.0 ], [ 121.8329, 24.50674, 0.0 ], [ 121.833, 24.50681, 0.0 ], [ 121.8331, 24.50689, 0.0 ], [ 121.8332, 24.50702, 0.0 ], [ 121.8331, 24.50711, 0.0 ], [ 121.8331, 24.50719, 0.0 ], [ 121.8331, 24.50726, 0.0 ], [ 121.833, 24.50734, 0.0 ], [ 121.8328, 24.50749, 0.0 ], [ 121.8324, 24.50775, 0.0 ], [ 121.8323, 24.50784, 0.0 ], [ 121.8323, 24.5079, 0.0 ], [ 121.8322, 24.50799, 0.0 ], [ 121.8323, 24.50805, 0.0 ], [ 121.8323, 24.50812, 0.0 ], [ 121.8324, 24.50816, 0.0 ], [ 121.8324, 24.50818, 0.0 ], [ 121.8329, 24.50827, 0.0 ], [ 121.833, 24.50829, 0.0 ], [ 121.8331, 24.50835, 0.0 ], [ 121.8331, 24.50839, 0.0 ], [ 121.8331, 24.50848, 0.0 ], [ 121.8331, 24.50857, 0.0 ], [ 121.833, 24.50893, 0.0 ], [ 121.8329, 24.50966, 0.0 ], [ 121.8328, 24.50988, 0.0 ], [ 121.8329, 24.5102, 0.0 ], [ 121.8329, 24.51035, 0.0 ], [ 121.8329, 24.51041, 0.0 ], [ 121.8328, 24.51045, 0.0 ], [ 121.8327, 24.51052, 0.0 ], [ 121.8323, 24.51065, 0.0 ], [ 121.8321, 24.51071, 0.0 ], [ 121.8321, 24.51076, 0.0 ], [ 121.8321, 24.51084, 0.0 ], [ 121.8321, 24.51099, 0.0 ], [ 121.8321, 24.51108, 0.0 ], [ 121.8322, 24.51116, 0.0 ], [ 121.8325, 24.51142, 0.0 ], [ 121.8326, 24.51153, 0.0 ], [ 121.8326, 24.51161, 0.0 ], [ 121.8326, 24.5117, 0.0 ], [ 121.8326, 24.51198, 0.0 ], [ 121.8325, 24.51209, 0.0 ], [ 121.8325, 24.51217, 0.0 ], [ 121.8324, 24.51224, 0.0 ], [ 121.8322, 24.5123, 0.0 ], [ 121.8322, 24.51232, 0.0 ], [ 121.832, 24.51234, 0.0 ], [ 121.8315, 24.51228, 0.0 ], [ 121.8314, 24.5123, 0.0 ], [ 121.8313, 24.51234, 0.0 ], [ 121.8312, 24.51239, 0.0 ], [ 121.8312, 24.51256, 0.0 ], [ 121.8312, 24.51288, 0.0 ], [ 121.831, 24.51329, 0.0 ], [ 121.831, 24.51376, 0.0 ], [ 121.8309, 24.51393, 0.0 ], [ 121.8308, 24.514, 0.0 ], [ 121.8307, 24.51406, 0.0 ], [ 121.8303, 24.51423, 0.0 ], [ 121.8302, 24.5143, 0.0 ], [ 121.8301, 24.5144, 0.0 ], [ 121.8301, 24.51449, 0.0 ], [ 121.8295, 24.51563, 0.0 ], [ 121.8294, 24.51584, 0.0 ], [ 121.8294, 24.51601, 0.0 ], [ 121.8295, 24.5161, 0.0 ], [ 121.8296, 24.51623, 0.0 ], [ 121.8302, 24.51711, 0.0 ], [ 121.831, 24.51807, 0.0 ], [ 121.8311, 24.5182, 0.0 ], [ 121.8314, 24.51846, 0.0 ], [ 121.8319, 24.51902, 0.0 ], [ 121.8322, 24.51947, 0.0 ], [ 121.8324, 24.51964, 0.0 ], [ 121.8328, 24.52013, 0.0 ], [ 121.8329, 24.52033, 0.0 ], [ 121.833, 24.52045, 0.0 ], [ 121.8332, 24.52063, 0.0 ], [ 121.8334, 24.52086, 0.0 ], [ 121.8338, 24.52112, 0.0 ], [ 121.8339, 24.52121, 0.0 ], [ 121.8342, 24.52138, 0.0 ], [ 121.8354, 24.52185, 0.0 ], [ 121.8355, 24.52187, 0.0 ], [ 121.8356, 24.52187, 0.0 ], [ 121.8357, 24.52183, 0.0 ], [ 121.8358, 24.52176, 0.0 ], [ 121.8359, 24.52164, 0.0 ], [ 121.8361, 24.52129, 0.0 ], [ 121.8364, 24.5209, 0.0 ], [ 121.8365, 24.52065, 0.0 ], [ 121.8366, 24.52063, 0.0 ], [ 121.8367, 24.52061, 0.0 ], [ 121.8367, 24.52063, 0.0 ], [ 121.8368, 24.52069, 0.0 ], [ 121.8368, 24.52076, 0.0 ], [ 121.8368, 24.52084, 0.0 ], [ 121.8368, 24.52097, 0.0 ], [ 121.8367, 24.52157, 0.0 ], [ 121.8367, 24.52181, 0.0 ], [ 121.8367, 24.52269, 0.0 ], [ 121.8369, 24.52316, 0.0 ], [ 121.8369, 24.52322, 0.0 ], [ 121.837, 24.52327, 0.0 ], [ 121.837, 24.52329, 0.0 ], [ 121.8372, 24.52327, 0.0 ], [ 121.8374, 24.5232, 0.0 ], [ 121.8375, 24.5232, 0.0 ], [ 121.8376, 24.52324, 0.0 ], [ 121.8376, 24.52329, 0.0 ], [ 121.8377, 24.52335, 0.0 ], [ 121.8379, 24.5241, 0.0 ], [ 121.838, 24.52417, 0.0 ], [ 121.838, 24.52419, 0.0 ], [ 121.8381, 24.52421, 0.0 ], [ 121.8382, 24.52419, 0.0 ], [ 121.8385, 24.52402, 0.0 ], [ 121.8386, 24.52399, 0.0 ], [ 121.8387, 24.52402, 0.0 ], [ 121.8387, 24.52408, 0.0 ], [ 121.8388, 24.52423, 0.0 ], [ 121.839, 24.52475, 0.0 ], [ 121.8391, 24.52483, 0.0 ], [ 121.8391, 24.52488, 0.0 ], [ 121.8392, 24.52492, 0.0 ], [ 121.8395, 24.52498, 0.0 ], [ 121.8396, 24.52498, 0.0 ], [ 121.8397, 24.52494, 0.0 ], [ 121.8408, 24.52425, 0.0 ], [ 121.841, 24.52406, 0.0 ], [ 121.841, 24.52393, 0.0 ], [ 121.8411, 24.52374, 0.0 ], [ 121.8415, 24.5232, 0.0 ], [ 121.8416, 24.52307, 0.0 ], [ 121.8416, 24.52296, 0.0 ], [ 121.8416, 24.52286, 0.0 ], [ 121.8416, 24.52275, 0.0 ], [ 121.8415, 24.52256, 0.0 ], [ 121.8414, 24.52249, 0.0 ], [ 121.8414, 24.52241, 0.0 ], [ 121.8411, 24.52224, 0.0 ], [ 121.8411, 24.52217, 0.0 ], [ 121.841, 24.52202, 0.0 ], [ 121.841, 24.52196, 0.0 ], [ 121.8411, 24.52189, 0.0 ], [ 121.8411, 24.52183, 0.0 ], [ 121.8412, 24.52176, 0.0 ], [ 121.8413, 24.5217, 0.0 ], [ 121.8415, 24.52166, 0.0 ], [ 121.8416, 24.52168, 0.0 ], [ 121.8418, 24.52172, 0.0 ], [ 121.8419, 24.52183, 0.0 ], [ 121.8425, 24.52221, 0.0 ], [ 121.8425, 24.5223, 0.0 ], [ 121.8426, 24.52241, 0.0 ], [ 121.8427, 24.52269, 0.0 ], [ 121.8428, 24.52294, 0.0 ], [ 121.8429, 24.52316, 0.0 ], [ 121.8432, 24.52346, 0.0 ], [ 121.8434, 24.52365, 0.0 ], [ 121.8436, 24.52385, 0.0 ], [ 121.8437, 24.52393, 0.0 ], [ 121.8439, 24.52397, 0.0 ], [ 121.8442, 24.52402, 0.0 ], [ 121.8443, 24.52406, 0.0 ], [ 121.8444, 24.5241, 0.0 ], [ 121.8445, 24.52419, 0.0 ], [ 121.8445, 24.52427, 0.0 ], [ 121.8445, 24.52438, 0.0 ], [ 121.8444, 24.52479, 0.0 ], [ 121.8444, 24.52488, 0.0 ], [ 121.8444, 24.52494, 0.0 ], [ 121.8444, 24.525, 0.0 ], [ 121.8445, 24.52507, 0.0 ], [ 121.8446, 24.52515, 0.0 ], [ 121.8448, 24.52537, 0.0 ], [ 121.8449, 24.52541, 0.0 ], [ 121.8449, 24.52543, 0.0 ], [ 121.845, 24.52541, 0.0 ], [ 121.8451, 24.52539, 0.0 ], [ 121.8452, 24.5253, 0.0 ], [ 121.8453, 24.52524, 0.0 ], [ 121.8454, 24.52498, 0.0 ], [ 121.8454, 24.5249, 0.0 ], [ 121.8455, 24.52485, 0.0 ], [ 121.8457, 24.52477, 0.0 ], [ 121.8458, 24.52472, 0.0 ], [ 121.8458, 24.52464, 0.0 ], [ 121.8459, 24.52453, 0.0 ], [ 121.8461, 24.52397, 0.0 ], [ 121.8462, 24.52393, 0.0 ], [ 121.8463, 24.52391, 0.0 ], [ 121.8464, 24.52389, 0.0 ], [ 121.8465, 24.52391, 0.0 ], [ 121.8466, 24.52397, 0.0 ], [ 121.8474, 24.52447, 0.0 ], [ 121.8474, 24.52451, 0.0 ], [ 121.8475, 24.52451, 0.0 ], [ 121.8479, 24.52432, 0.0 ], [ 121.8481, 24.52427, 0.0 ], [ 121.8482, 24.52425, 0.0 ], [ 121.8482, 24.52427, 0.0 ], [ 121.8483, 24.5243, 0.0 ], [ 121.8484, 24.52434, 0.0 ], [ 121.8484, 24.52442, 0.0 ], [ 121.8487, 24.52485, 0.0 ], [ 121.8488, 24.52502, 0.0 ], [ 121.849, 24.5252, 0.0 ], [ 121.8491, 24.52524, 0.0 ], [ 121.8492, 24.52526, 0.0 ], [ 121.8493, 24.52524, 0.0 ], [ 121.8494, 24.5252, 0.0 ], [ 121.8496, 24.52496, 0.0 ], [ 121.8498, 24.5249, 0.0 ], [ 121.8499, 24.5249, 0.0 ], [ 121.8502, 24.52498, 0.0 ], [ 121.8503, 24.52509, 0.0 ], [ 121.8504, 24.52515, 0.0 ], [ 121.8506, 24.5255, 0.0 ], [ 121.8507, 24.5256, 0.0 ], [ 121.8508, 24.52565, 0.0 ], [ 121.851, 24.52571, 0.0 ], [ 121.8512, 24.52575, 0.0 ], [ 121.8513, 24.52578, 0.0 ], [ 121.8514, 24.52582, 0.0 ], [ 121.8515, 24.52591, 0.0 ], [ 121.8517, 24.52605, 0.0 ], [ 121.8517, 24.52616, 0.0 ], [ 121.8518, 24.52627, 0.0 ], [ 121.8518, 24.52636, 0.0 ], [ 121.8518, 24.5265, 0.0 ], [ 121.8517, 24.52691, 0.0 ], [ 121.8516, 24.52749, 0.0 ], [ 121.8517, 24.52766, 0.0 ], [ 121.8517, 24.52777, 0.0 ], [ 121.8518, 24.52784, 0.0 ], [ 121.8519, 24.5279, 0.0 ], [ 121.8519, 24.52794, 0.0 ], [ 121.852, 24.52797, 0.0 ], [ 121.8522, 24.52794, 0.0 ], [ 121.8525, 24.52788, 0.0 ], [ 121.8526, 24.52786, 0.0 ], [ 121.8527, 24.52788, 0.0 ], [ 121.8528, 24.5279, 0.0 ], [ 121.8529, 24.52797, 0.0 ], [ 121.8531, 24.52807, 0.0 ], [ 121.8532, 24.52816, 0.0 ], [ 121.8532, 24.52824, 0.0 ], [ 121.8532, 24.52833, 0.0 ], [ 121.8532, 24.52844, 0.0 ], [ 121.8532, 24.52854, 0.0 ], [ 121.853, 24.52891, 0.0 ], [ 121.853, 24.529, 0.0 ], [ 121.853, 24.52917, 0.0 ], [ 121.853, 24.52934, 0.0 ], [ 121.8533, 24.5299, 0.0 ], [ 121.8534, 24.52996, 0.0 ], [ 121.8534, 24.52998, 0.0 ], [ 121.8535, 24.53, 0.0 ], [ 121.8536, 24.52998, 0.0 ], [ 121.8536, 24.52994, 0.0 ], [ 121.8544, 24.52923, 0.0 ], [ 121.855, 24.52863, 0.0 ], [ 121.8551, 24.52852, 0.0 ], [ 121.8552, 24.52837, 0.0 ], [ 121.8554, 24.52788, 0.0 ], [ 121.8554, 24.52784, 0.0 ], [ 121.8555, 24.52781, 0.0 ], [ 121.8556, 24.52781, 0.0 ], [ 121.8556, 24.52786, 0.0 ], [ 121.8557, 24.5279, 0.0 ], [ 121.8557, 24.52799, 0.0 ], [ 121.8558, 24.52824, 0.0 ], [ 121.8559, 24.52831, 0.0 ], [ 121.8559, 24.52837, 0.0 ], [ 121.856, 24.52842, 0.0 ], [ 121.8563, 24.52859, 0.0 ], [ 121.8568, 24.52882, 0.0 ], [ 121.8569, 24.52895, 0.0 ], [ 121.8571, 24.52921, 0.0 ], [ 121.8572, 24.52945, 0.0 ], [ 121.8573, 24.52957, 0.0 ], [ 121.8574, 24.52972, 0.0 ], [ 121.8575, 24.52983, 0.0 ], [ 121.8575, 24.53017, 0.0 ], [ 121.8576, 24.53037, 0.0 ], [ 121.8577, 24.53048, 0.0 ], [ 121.8577, 24.53052, 0.0 ], [ 121.8578, 24.53058, 0.0 ], [ 121.8579, 24.5306, 0.0 ], [ 121.8581, 24.53062, 0.0 ], [ 121.8589, 24.53039, 0.0 ], [ 121.8593, 24.53037, 0.0 ], [ 121.8596, 24.53039, 0.0 ], [ 121.8597, 24.53043, 0.0 ], [ 121.8598, 24.5305, 0.0 ], [ 121.8599, 24.53056, 0.0 ], [ 121.8602, 24.53097, 0.0 ], [ 121.8603, 24.53108, 0.0 ], [ 121.8605, 24.53127, 0.0 ], [ 121.8606, 24.53138, 0.0 ], [ 121.8606, 24.53146, 0.0 ], [ 121.8606, 24.53155, 0.0 ], [ 121.8607, 24.53185, 0.0 ], [ 121.8608, 24.532, 0.0 ], [ 121.861, 24.53217, 0.0 ], [ 121.8611, 24.53223, 0.0 ], [ 121.8613, 24.53256, 0.0 ], [ 121.8615, 24.53275, 0.0 ], [ 121.8619, 24.53316, 0.0 ], [ 121.8621, 24.53329, 0.0 ], [ 121.8622, 24.53331, 0.0 ], [ 121.8623, 24.53331, 0.0 ], [ 121.8623, 24.53326, 0.0 ], [ 121.8624, 24.53318, 0.0 ], [ 121.8624, 24.53307, 0.0 ], [ 121.8625, 24.53258, 0.0 ], [ 121.8626, 24.53238, 0.0 ], [ 121.863, 24.53159, 0.0 ], [ 121.8631, 24.53155, 0.0 ], [ 121.8632, 24.53151, 0.0 ], [ 121.8637, 24.53151, 0.0 ], [ 121.8638, 24.53151, 0.0 ], [ 121.8638, 24.53148, 0.0 ], [ 121.8639, 24.53142, 0.0 ], [ 121.8641, 24.53118, 0.0 ], [ 121.8642, 24.53112, 0.0 ], [ 121.8643, 24.5311, 0.0 ], [ 121.8646, 24.53112, 0.0 ], [ 121.865, 24.53114, 0.0 ], [ 121.8651, 24.53116, 0.0 ], [ 121.8652, 24.53127, 0.0 ], [ 121.8653, 24.5314, 0.0 ], [ 121.8654, 24.5317, 0.0 ], [ 121.8654, 24.53178, 0.0 ], [ 121.8653, 24.53213, 0.0 ], [ 121.8653, 24.53223, 0.0 ], [ 121.8654, 24.53232, 0.0 ], [ 121.8655, 24.53254, 0.0 ], [ 121.8656, 24.53264, 0.0 ], [ 121.8658, 24.53277, 0.0 ], [ 121.8662, 24.5329, 0.0 ], [ 121.8663, 24.53294, 0.0 ], [ 121.8664, 24.53305, 0.0 ], [ 121.8668, 24.53329, 0.0 ], [ 121.8669, 24.53335, 0.0 ], [ 121.867, 24.53339, 0.0 ], [ 121.8671, 24.53341, 0.0 ], [ 121.8675, 24.53346, 0.0 ], [ 121.8676, 24.5335, 0.0 ], [ 121.8677, 24.53352, 0.0 ], [ 121.8678, 24.53359, 0.0 ], [ 121.8681, 24.53382, 0.0 ], [ 121.8682, 24.53406, 0.0 ], [ 121.8683, 24.53414, 0.0 ], [ 121.8684, 24.53425, 0.0 ], [ 121.8684, 24.53434, 0.0 ], [ 121.8684, 24.53453, 0.0 ], [ 121.8683, 24.53462, 0.0 ], [ 121.8682, 24.53477, 0.0 ], [ 121.8677, 24.53537, 0.0 ], [ 121.8673, 24.53584, 0.0 ], [ 121.8672, 24.53592, 0.0 ], [ 121.8669, 24.53603, 0.0 ], [ 121.8668, 24.53612, 0.0 ], [ 121.8667, 24.53623, 0.0 ], [ 121.8664, 24.53661, 0.0 ], [ 121.8657, 24.53741, 0.0 ], [ 121.8656, 24.53758, 0.0 ], [ 121.8655, 24.53769, 0.0 ], [ 121.8655, 24.53805, 0.0 ], [ 121.8655, 24.53839, 0.0 ], [ 121.8655, 24.53846, 0.0 ], [ 121.8655, 24.53854, 0.0 ], [ 121.8657, 24.53863, 0.0 ], [ 121.8661, 24.53893, 0.0 ], [ 121.8662, 24.53897, 0.0 ], [ 121.8662, 24.53899, 0.0 ], [ 121.8664, 24.53899, 0.0 ], [ 121.8666, 24.53895, 0.0 ], [ 121.8667, 24.53897, 0.0 ], [ 121.8667, 24.53901, 0.0 ], [ 121.8668, 24.53906, 0.0 ], [ 121.8671, 24.5394, 0.0 ], [ 121.8672, 24.53949, 0.0 ], [ 121.8675, 24.53966, 0.0 ], [ 121.8676, 24.53977, 0.0 ], [ 121.8678, 24.53996, 0.0 ], [ 121.8678, 24.54013, 0.0 ], [ 121.8679, 24.54041, 0.0 ], [ 121.8679, 24.54065, 0.0 ], [ 121.8678, 24.5412, 0.0 ], [ 121.8676, 24.54155, 0.0 ], [ 121.8675, 24.54189, 0.0 ], [ 121.8669, 24.54277, 0.0 ], [ 121.8668, 24.54292, 0.0 ], [ 121.8667, 24.54305, 0.0 ], [ 121.8667, 24.54326, 0.0 ], [ 121.8666, 24.54348, 0.0 ], [ 121.8666, 24.54369, 0.0 ], [ 121.8666, 24.54393, 0.0 ], [ 121.8669, 24.54447, 0.0 ], [ 121.8669, 24.54462, 0.0 ], [ 121.8672, 24.5449, 0.0 ], [ 121.8676, 24.54588, 0.0 ], [ 121.8679, 24.54683, 0.0 ], [ 121.8679, 24.54693, 0.0 ], [ 121.8679, 24.54708, 0.0 ], [ 121.8679, 24.54717, 0.0 ], [ 121.8678, 24.54728, 0.0 ], [ 121.8678, 24.54732, 0.0 ], [ 121.8673, 24.54764, 0.0 ], [ 121.8672, 24.54771, 0.0 ], [ 121.867, 24.54783, 0.0 ], [ 121.8669, 24.54811, 0.0 ], [ 121.8668, 24.54839, 0.0 ], [ 121.8668, 24.54878, 0.0 ], [ 121.8667, 24.55002, 0.0 ], [ 121.8667, 24.55022, 0.0 ], [ 121.8667, 24.5503, 0.0 ], [ 121.8665, 24.55069, 0.0 ], [ 121.8664, 24.55123, 0.0 ], [ 121.8664, 24.55133, 0.0 ], [ 121.8664, 24.55165, 0.0 ], [ 121.8665, 24.55249, 0.0 ], [ 121.8664, 24.55305, 0.0 ], [ 121.8663, 24.55326, 0.0 ], [ 121.8662, 24.55341, 0.0 ], [ 121.8661, 24.55354, 0.0 ], [ 121.8656, 24.55395, 0.0 ], [ 121.8655, 24.5541, 0.0 ], [ 121.8655, 24.55449, 0.0 ], [ 121.8653, 24.55483, 0.0 ], [ 121.8653, 24.55489, 0.0 ], [ 121.8653, 24.55502, 0.0 ], [ 121.8653, 24.55513, 0.0 ], [ 121.8655, 24.55526, 0.0 ], [ 121.8656, 24.55535, 0.0 ], [ 121.8657, 24.55545, 0.0 ], [ 121.8658, 24.55586, 0.0 ], [ 121.8662, 24.55627, 0.0 ], [ 121.8662, 24.55635, 0.0 ], [ 121.8662, 24.55648, 0.0 ], [ 121.8661, 24.55657, 0.0 ], [ 121.8661, 24.55663, 0.0 ], [ 121.8659, 24.55678, 0.0 ], [ 121.8658, 24.5568, 0.0 ], [ 121.8655, 24.55683, 0.0 ], [ 121.8654, 24.55685, 0.0 ], [ 121.8653, 24.55693, 0.0 ], [ 121.8653, 24.55704, 0.0 ], [ 121.8653, 24.5571, 0.0 ], [ 121.8652, 24.55743, 0.0 ], [ 121.8652, 24.5576, 0.0 ], [ 121.8653, 24.55805, 0.0 ], [ 121.8654, 24.55839, 0.0 ], [ 121.8655, 24.55854, 0.0 ], [ 121.8655, 24.55858, 0.0 ], [ 121.8656, 24.55867, 0.0 ], [ 121.8661, 24.5588, 0.0 ], [ 121.8661, 24.55882, 0.0 ], [ 121.8662, 24.55886, 0.0 ], [ 121.8662, 24.55899, 0.0 ], [ 121.8662, 24.55985, 0.0 ], [ 121.8662, 24.56019, 0.0 ], [ 121.8661, 24.56043, 0.0 ], [ 121.866, 24.56092, 0.0 ], [ 121.866, 24.56112, 0.0 ], [ 121.866, 24.56127, 0.0 ], [ 121.8661, 24.56133, 0.0 ], [ 121.8661, 24.56142, 0.0 ], [ 121.8665, 24.56157, 0.0 ], [ 121.8666, 24.56167, 0.0 ], [ 121.8666, 24.56172, 0.0 ], [ 121.8666, 24.56185, 0.0 ], [ 121.8665, 24.56208, 0.0 ], [ 121.8665, 24.56225, 0.0 ], [ 121.8666, 24.5624, 0.0 ], [ 121.8667, 24.56264, 0.0 ], [ 121.8667, 24.5627, 0.0 ], [ 121.8668, 24.56285, 0.0 ], [ 121.8667, 24.56301, 0.0 ], [ 121.8666, 24.56311, 0.0 ], [ 121.8664, 24.5633, 0.0 ], [ 121.8663, 24.56337, 0.0 ], [ 121.8662, 24.56343, 0.0 ], [ 121.8662, 24.5635, 0.0 ], [ 121.8662, 24.56365, 0.0 ], [ 121.8663, 24.56386, 0.0 ], [ 121.8663, 24.56393, 0.0 ], [ 121.8664, 24.56399, 0.0 ], [ 121.8665, 24.56406, 0.0 ], [ 121.8667, 24.56412, 0.0 ], [ 121.8668, 24.56416, 0.0 ], [ 121.8669, 24.56429, 0.0 ], [ 121.8669, 24.56436, 0.0 ], [ 121.8669, 24.56449, 0.0 ], [ 121.8669, 24.56457, 0.0 ], [ 121.8668, 24.56468, 0.0 ], [ 121.8666, 24.56481, 0.0 ], [ 121.8664, 24.56494, 0.0 ], [ 121.8662, 24.56509, 0.0 ], [ 121.8661, 24.56515, 0.0 ], [ 121.8661, 24.56528, 0.0 ], [ 121.866, 24.56573, 0.0 ], [ 121.866, 24.56592, 0.0 ], [ 121.866, 24.5661, 0.0 ], [ 121.8661, 24.56644, 0.0 ], [ 121.8662, 24.56663, 0.0 ], [ 121.8661, 24.56708, 0.0 ], [ 121.8661, 24.56725, 0.0 ], [ 121.866, 24.56751, 0.0 ], [ 121.8659, 24.56777, 0.0 ], [ 121.8658, 24.56796, 0.0 ], [ 121.8658, 24.56809, 0.0 ], [ 121.8658, 24.56816, 0.0 ], [ 121.866, 24.56925, 0.0 ], [ 121.866, 24.56979, 0.0 ], [ 121.8661, 24.56985, 0.0 ], [ 121.8661, 24.56994, 0.0 ], [ 121.8664, 24.57017, 0.0 ], [ 121.8665, 24.5703, 0.0 ], [ 121.8666, 24.57043, 0.0 ], [ 121.8666, 24.57073, 0.0 ], [ 121.8665, 24.57109, 0.0 ], [ 121.8665, 24.57125, 0.0 ], [ 121.8664, 24.5714, 0.0 ], [ 121.8663, 24.57157, 0.0 ], [ 121.866, 24.57191, 0.0 ], [ 121.8659, 24.57212, 0.0 ], [ 121.8659, 24.57223, 0.0 ], [ 121.8658, 24.57249, 0.0 ], [ 121.8659, 24.57315, 0.0 ], [ 121.8658, 24.57341, 0.0 ], [ 121.8658, 24.57358, 0.0 ], [ 121.8655, 24.57408, 0.0 ], [ 121.8654, 24.57414, 0.0 ], [ 121.8654, 24.57423, 0.0 ], [ 121.8654, 24.57444, 0.0 ], [ 121.8655, 24.57455, 0.0 ], [ 121.8655, 24.57466, 0.0 ], [ 121.8659, 24.57519, 0.0 ], [ 121.866, 24.57534, 0.0 ], [ 121.8664, 24.57616, 0.0 ], [ 121.8664, 24.57629, 0.0 ], [ 121.8664, 24.57642, 0.0 ], [ 121.8663, 24.57661, 0.0 ], [ 121.8663, 24.57672, 0.0 ], [ 121.8662, 24.57682, 0.0 ], [ 121.866, 24.57687, 0.0 ], [ 121.8657, 24.57693, 0.0 ], [ 121.8656, 24.57691, 0.0 ], [ 121.8655, 24.57689, 0.0 ], [ 121.8653, 24.5768, 0.0 ], [ 121.8649, 24.57652, 0.0 ], [ 121.8646, 24.5764, 0.0 ], [ 121.8644, 24.57631, 0.0 ], [ 121.8639, 24.57624, 0.0 ], [ 121.8638, 24.57624, 0.0 ], [ 121.8637, 24.57627, 0.0 ], [ 121.8635, 24.57642, 0.0 ], [ 121.8626, 24.57732, 0.0 ], [ 121.8625, 24.57738, 0.0 ], [ 121.862, 24.57762, 0.0 ], [ 121.8619, 24.5777, 0.0 ], [ 121.8613, 24.57813, 0.0 ], [ 121.8611, 24.57841, 0.0 ], [ 121.8609, 24.57863, 0.0 ], [ 121.8607, 24.57882, 0.0 ], [ 121.8607, 24.57893, 0.0 ], [ 121.8606, 24.57903, 0.0 ], [ 121.8605, 24.57974, 0.0 ], [ 121.8605, 24.57989, 0.0 ], [ 121.8605, 24.58019, 0.0 ], [ 121.8605, 24.5806, 0.0 ], [ 121.8607, 24.58122, 0.0 ], [ 121.8608, 24.58129, 0.0 ], [ 121.8609, 24.58144, 0.0 ], [ 121.8611, 24.5815, 0.0 ], [ 121.8611, 24.58152, 0.0 ], [ 121.8614, 24.58157, 0.0 ], [ 121.8615, 24.58159, 0.0 ], [ 121.8615, 24.58165, 0.0 ], [ 121.8617, 24.58182, 0.0 ], [ 121.8617, 24.58189, 0.0 ], [ 121.8617, 24.58206, 0.0 ], [ 121.8617, 24.58219, 0.0 ], [ 121.8615, 24.58255, 0.0 ], [ 121.8614, 24.58307, 0.0 ], [ 121.8613, 24.58326, 0.0 ], [ 121.8612, 24.58343, 0.0 ], [ 121.8608, 24.58369, 0.0 ], [ 121.8608, 24.58373, 0.0 ], [ 121.8607, 24.58382, 0.0 ], [ 121.8607, 24.58397, 0.0 ], [ 121.8607, 24.58435, 0.0 ], [ 121.8607, 24.58483, 0.0 ], [ 121.8607, 24.58498, 0.0 ], [ 121.8608, 24.58511, 0.0 ], [ 121.8609, 24.58519, 0.0 ], [ 121.8617, 24.58558, 0.0 ], [ 121.862, 24.58575, 0.0 ], [ 121.862, 24.58581, 0.0 ], [ 121.8621, 24.5859, 0.0 ], [ 121.8621, 24.58605, 0.0 ], [ 121.8621, 24.58614, 0.0 ], [ 121.862, 24.58646, 0.0 ], [ 121.862, 24.58669, 0.0 ], [ 121.8619, 24.58676, 0.0 ], [ 121.8619, 24.58682, 0.0 ], [ 121.8618, 24.58687, 0.0 ], [ 121.8617, 24.58689, 0.0 ], [ 121.8616, 24.58687, 0.0 ], [ 121.8613, 24.58667, 0.0 ], [ 121.8611, 24.58663, 0.0 ], [ 121.861, 24.58663, 0.0 ], [ 121.861, 24.58665, 0.0 ], [ 121.8608, 24.58674, 0.0 ], [ 121.8608, 24.58687, 0.0 ], [ 121.8608, 24.58697, 0.0 ], [ 121.8608, 24.58742, 0.0 ], [ 121.8608, 24.58759, 0.0 ], [ 121.8607, 24.5877, 0.0 ], [ 121.8606, 24.58783, 0.0 ], [ 121.8604, 24.58794, 0.0 ], [ 121.8603, 24.58798, 0.0 ], [ 121.8601, 24.58802, 0.0 ], [ 121.86, 24.58805, 0.0 ], [ 121.8598, 24.58822, 0.0 ], [ 121.8597, 24.5883, 0.0 ], [ 121.8596, 24.58833, 0.0 ], [ 121.8592, 24.5883, 0.0 ], [ 121.8591, 24.58837, 0.0 ], [ 121.859, 24.58886, 0.0 ], [ 121.859, 24.58895, 0.0 ], [ 121.8588, 24.5891, 0.0 ], [ 121.8584, 24.58946, 0.0 ], [ 121.8584, 24.58955, 0.0 ], [ 121.8582, 24.59021, 0.0 ], [ 121.8582, 24.59032, 0.0 ], [ 121.8583, 24.59043, 0.0 ], [ 121.8584, 24.59073, 0.0 ], [ 121.8584, 24.59079, 0.0 ], [ 121.8584, 24.59086, 0.0 ], [ 121.8584, 24.5909, 0.0 ], [ 121.8581, 24.59116, 0.0 ], [ 121.8581, 24.59129, 0.0 ], [ 121.858, 24.59144, 0.0 ], [ 121.8579, 24.59176, 0.0 ], [ 121.8577, 24.59251, 0.0 ], [ 121.8576, 24.59287, 0.0 ], [ 121.8575, 24.59322, 0.0 ], [ 121.8575, 24.59356, 0.0 ], [ 121.8576, 24.5942, 0.0 ], [ 121.8575, 24.59431, 0.0 ], [ 121.8574, 24.59438, 0.0 ], [ 121.8573, 24.59442, 0.0 ], [ 121.8572, 24.59442, 0.0 ], [ 121.8571, 24.5944, 0.0 ], [ 121.857, 24.59435, 0.0 ], [ 121.8568, 24.59408, 0.0 ], [ 121.8567, 24.59401, 0.0 ], [ 121.8566, 24.59397, 0.0 ], [ 121.8563, 24.59395, 0.0 ], [ 121.8561, 24.59395, 0.0 ], [ 121.8558, 24.59395, 0.0 ], [ 121.8557, 24.59397, 0.0 ], [ 121.8555, 24.59407, 0.0 ], [ 121.8554, 24.59417, 0.0 ], [ 121.8553, 24.59428, 0.0 ], [ 121.8554, 24.59452, 0.0 ], [ 121.8554, 24.59465, 0.0 ], [ 121.8555, 24.59473, 0.0 ], [ 121.8554, 24.5949, 0.0 ], [ 121.8553, 24.59503, 0.0 ], [ 121.855, 24.59542, 0.0 ], [ 121.8546, 24.59576, 0.0 ], [ 121.8545, 24.59595, 0.0 ], [ 121.8543, 24.5962, 0.0 ], [ 121.8532, 24.59615, 0.0 ], [ 121.8508, 24.59604, 0.0 ], [ 121.849, 24.59594, 0.0 ], [ 121.8443, 24.59563, 0.0 ], [ 121.8431, 24.5956, 0.0 ], [ 121.8427, 24.5956, 0.0 ], [ 121.8398, 24.59632, 0.0 ], [ 121.8371, 24.59644, 0.0 ], [ 121.8364, 24.59646, 0.0 ], [ 121.8362, 24.59642, 0.0 ], [ 121.8361, 24.59639, 0.0 ], [ 121.836, 24.59631, 0.0 ], [ 121.8356, 24.59657, 0.0 ], [ 121.8353, 24.59683, 0.0 ], [ 121.835, 24.59715, 0.0 ], [ 121.8348, 24.59736, 0.0 ], [ 121.8346, 24.59768, 0.0 ], [ 121.8344, 24.59818, 0.0 ], [ 121.8343, 24.59862, 0.0 ], [ 121.8343, 24.5988, 0.0 ], [ 121.8344, 24.59941, 0.0 ], [ 121.8344, 24.59962, 0.0 ], [ 121.8345, 24.60009, 0.0 ], [ 121.8346, 24.60043, 0.0 ], [ 121.8348, 24.60107, 0.0 ], [ 121.8348, 24.60141, 0.0 ], [ 121.8348, 24.60167, 0.0 ], [ 121.8348, 24.60174, 0.0 ], [ 121.8347, 24.60226, 0.0 ], [ 121.8346, 24.60253, 0.0 ], [ 121.8345, 24.60285, 0.0 ], [ 121.8343, 24.60317, 0.0 ], [ 121.8341, 24.60336, 0.0 ], [ 121.8339, 24.60351, 0.0 ], [ 121.8336, 24.60365, 0.0 ], [ 121.8331, 24.60379, 0.0 ], [ 121.8318, 24.60414, 0.0 ], [ 121.8315, 24.60427, 0.0 ], [ 121.8311, 24.60439, 0.0 ], [ 121.8308, 24.60458, 0.0 ], [ 121.8304, 24.60482, 0.0 ], [ 121.8301, 24.60501, 0.0 ], [ 121.8299, 24.60521, 0.0 ], [ 121.8293, 24.60575, 0.0 ], [ 121.8288, 24.60617, 0.0 ], [ 121.8282, 24.60676, 0.0 ], [ 121.8279, 24.60696, 0.0 ], [ 121.8276, 24.60723, 0.0 ], [ 121.8275, 24.60737, 0.0 ], [ 121.8274, 24.60751, 0.0 ], [ 121.8273, 24.60768, 0.0 ], [ 121.8269, 24.60818, 0.0 ], [ 121.8266, 24.60916, 0.0 ], [ 121.8254, 24.61205, 0.0 ], [ 121.8254, 24.61227, 0.0 ], [ 121.8253, 24.61264, 0.0 ], [ 121.8252, 24.61293, 0.0 ], [ 121.8251, 24.61305, 0.0 ], [ 121.825, 24.61318, 0.0 ], [ 121.8249, 24.61332, 0.0 ], [ 121.8248, 24.61345, 0.0 ], [ 121.8242, 24.61392, 0.0 ], [ 121.8228, 24.61489, 0.0 ], [ 121.8227, 24.61498, 0.0 ], [ 121.8224, 24.61511, 0.0 ], [ 121.8223, 24.61517, 0.0 ], [ 121.8221, 24.61523, 0.0 ], [ 121.8221, 24.61527, 0.0 ], [ 121.8219, 24.61531, 0.0 ], [ 121.8216, 24.6154, 0.0 ], [ 121.8214, 24.61546, 0.0 ], [ 121.8211, 24.61551, 0.0 ], [ 121.821, 24.61553, 0.0 ], [ 121.8209, 24.61553, 0.0 ], [ 121.8208, 24.61553, 0.0 ], [ 121.8207, 24.61552, 0.0 ], [ 121.8202, 24.61547, 0.0 ], [ 121.8188, 24.61528, 0.0 ], [ 121.8155, 24.61484, 0.0 ], [ 121.8153, 24.61481, 0.0 ], [ 121.8149, 24.6148, 0.0 ], [ 121.8147, 24.61481, 0.0 ], [ 121.8144, 24.61482, 0.0 ], [ 121.8142, 24.61484, 0.0 ], [ 121.8139, 24.61489, 0.0 ], [ 121.8137, 24.61495, 0.0 ], [ 121.8135, 24.615, 0.0 ], [ 121.8118, 24.61552, 0.0 ], [ 121.8115, 24.61563, 0.0 ], [ 121.8113, 24.6157, 0.0 ], [ 121.8112, 24.61576, 0.0 ], [ 121.811, 24.61584, 0.0 ], [ 121.8103, 24.61629, 0.0 ], [ 121.8098, 24.61663, 0.0 ], [ 121.8094, 24.61694, 0.0 ], [ 121.8091, 24.61721, 0.0 ], [ 121.8044, 24.62267, 0.0 ], [ 121.8033, 24.62396, 0.0 ], [ 121.7985, 24.6296, 0.0 ], [ 121.7974, 24.63072, 0.0 ], [ 121.7971, 24.63099, 0.0 ], [ 121.7968, 24.63125, 0.0 ], [ 121.7965, 24.63142, 0.0 ], [ 121.7959, 24.63172, 0.0 ], [ 121.7953, 24.63223, 0.0 ], [ 121.7949, 24.63257, 0.0 ], [ 121.7939, 24.63326, 0.0 ], [ 121.7931, 24.63388, 0.0 ], [ 121.7929, 24.63395, 0.0 ], [ 121.7925, 24.63425, 0.0 ], [ 121.7923, 24.63434, 0.0 ], [ 121.7924, 24.63442, 0.0 ], [ 121.7927, 24.63461, 0.0 ], [ 121.7928, 24.63472, 0.0 ], [ 121.7931, 24.63496, 0.0 ], [ 121.7926, 24.6355, 0.0 ], [ 121.7924, 24.63572, 0.0 ], [ 121.7919, 24.63616, 0.0 ], [ 121.7919, 24.63619, 0.0 ], [ 121.7919, 24.63628, 0.0 ], [ 121.7919, 24.63635, 0.0 ], [ 121.7919, 24.63652, 0.0 ], [ 121.7916, 24.63683, 0.0 ], [ 121.7915, 24.63689, 0.0 ], [ 121.7913, 24.63709, 0.0 ], [ 121.7911, 24.63729, 0.0 ], [ 121.791, 24.63734, 0.0 ], [ 121.7909, 24.63745, 0.0 ], [ 121.7908, 24.63756, 0.0 ], [ 121.7908, 24.6377, 0.0 ], [ 121.7907, 24.63775, 0.0 ], [ 121.7906, 24.63816, 0.0 ], [ 121.7906, 24.6382, 0.0 ], [ 121.7909, 24.63834, 0.0 ], [ 121.791, 24.63841, 0.0 ], [ 121.791, 24.63849, 0.0 ], [ 121.7911, 24.63853, 0.0 ], [ 121.7911, 24.63865, 0.0 ], [ 121.7911, 24.63879, 0.0 ], [ 121.7911, 24.63926, 0.0 ], [ 121.791, 24.63947, 0.0 ], [ 121.7909, 24.63967, 0.0 ], [ 121.7907, 24.63979, 0.0 ], [ 121.7902, 24.63993, 0.0 ], [ 121.7902, 24.64006, 0.0 ], [ 121.7902, 24.64041, 0.0 ], [ 121.7904, 24.64083, 0.0 ], [ 121.7906, 24.64137, 0.0 ], [ 121.7907, 24.64211, 0.0 ], [ 121.7911, 24.64298, 0.0 ], [ 121.7917, 24.64396, 0.0 ], [ 121.7921, 24.64458, 0.0 ], [ 121.7928, 24.64577, 0.0 ], [ 121.7933, 24.64672, 0.0 ], [ 121.7941, 24.64805, 0.0 ], [ 121.7945, 24.64884, 0.0 ], [ 121.7948, 24.64928, 0.0 ], [ 121.7953, 24.6501, 0.0 ], [ 121.7959, 24.65112, 0.0 ], [ 121.7958, 24.65122, 0.0 ], [ 121.796, 24.65145, 0.0 ], [ 121.7962, 24.65182, 0.0 ], [ 121.7962, 24.65181, 0.0 ], [ 121.7964, 24.65207, 0.0 ], [ 121.797, 24.65307, 0.0 ], [ 121.7978, 24.65434, 0.0 ], [ 121.7987, 24.65571, 0.0 ], [ 121.7998, 24.65674, 0.0 ], [ 121.8013, 24.65798, 0.0 ], [ 121.8027, 24.65908, 0.0 ], [ 121.8068, 24.66265, 0.0 ], [ 121.8086, 24.66418, 0.0 ], [ 121.8102, 24.66552, 0.0 ], [ 121.8114, 24.6665, 0.0 ], [ 121.8115, 24.66649, 0.0 ], [ 121.8121, 24.66642, 0.0 ], [ 121.8122, 24.66675, 0.0 ], [ 121.8122, 24.66696, 0.0 ], [ 121.8123, 24.66708, 0.0 ], [ 121.8123, 24.66721, 0.0 ], [ 121.8123, 24.66727, 0.0 ], [ 121.8124, 24.66734, 0.0 ], [ 121.8125, 24.66743, 0.0 ], [ 121.8126, 24.66753, 0.0 ], [ 121.8129, 24.6678, 0.0 ], [ 121.8133, 24.66812, 0.0 ], [ 121.8137, 24.66841, 0.0 ], [ 121.8138, 24.6685, 0.0 ], [ 121.8139, 24.66855, 0.0 ], [ 121.8139, 24.66856, 0.0 ], [ 121.8139, 24.66858, 0.0 ], [ 121.814, 24.66858, 0.0 ], [ 121.814, 24.66859, 0.0 ], [ 121.814, 24.6686, 0.0 ], [ 121.8141, 24.66861, 0.0 ], [ 121.8141, 24.66863, 0.0 ], [ 121.8141, 24.66864, 0.0 ], [ 121.8142, 24.66866, 0.0 ], [ 121.8142, 24.66868, 0.0 ], [ 121.8143, 24.6687, 0.0 ], [ 121.8143, 24.66871, 0.0 ], [ 121.8144, 24.66873, 0.0 ], [ 121.8145, 24.66875, 0.0 ], [ 121.8146, 24.66889, 0.0 ], [ 121.8147, 24.66898, 0.0 ], [ 121.8149, 24.66918, 0.0 ], [ 121.815, 24.66927, 0.0 ], [ 121.815, 24.6693, 0.0 ], [ 121.815, 24.66932, 0.0 ], [ 121.8151, 24.66937, 0.0 ], [ 121.8151, 24.6694, 0.0 ], [ 121.8151, 24.66942, 0.0 ], [ 121.8151, 24.66945, 0.0 ], [ 121.8151, 24.66947, 0.0 ], [ 121.8151, 24.66949, 0.0 ], [ 121.8151, 24.66953, 0.0 ], [ 121.8151, 24.66956, 0.0 ], [ 121.8152, 24.66961, 0.0 ], [ 121.8154, 24.66982, 0.0 ], [ 121.8155, 24.66988, 0.0 ], [ 121.8155, 24.66996, 0.0 ], [ 121.8157, 24.67012, 0.0 ], [ 121.8158, 24.67022, 0.0 ], [ 121.8159, 24.67029, 0.0 ], [ 121.8159, 24.67035, 0.0 ], [ 121.8165, 24.67087, 0.0 ], [ 121.817, 24.6714, 0.0 ], [ 121.8173, 24.67163, 0.0 ], [ 121.8183, 24.67258, 0.0 ], [ 121.8186, 24.67286, 0.0 ], [ 121.8187, 24.67292, 0.0 ], [ 121.8188, 24.67295, 0.0 ], [ 121.8188, 24.67296, 0.0 ], [ 121.8188, 24.67297, 0.0 ], [ 121.8189, 24.67297, 0.0 ], [ 121.819, 24.67296, 0.0 ], [ 121.8191, 24.67296, 0.0 ], [ 121.8192, 24.67295, 0.0 ], [ 121.8193, 24.67296, 0.0 ], [ 121.8193, 24.673, 0.0 ], [ 121.8193, 24.67301, 0.0 ], [ 121.8193, 24.67306, 0.0 ], [ 121.8193, 24.67322, 0.0 ], [ 121.8193, 24.67338, 0.0 ], [ 121.8193, 24.67345, 0.0 ], [ 121.8194, 24.67349, 0.0 ], [ 121.8194, 24.67355, 0.0 ], [ 121.8194, 24.67361, 0.0 ], [ 121.8196, 24.6738, 0.0 ], [ 121.8196, 24.67381, 0.0 ], [ 121.8199, 24.67407, 0.0 ], [ 121.8202, 24.67428, 0.0 ], [ 121.8204, 24.67451, 0.0 ], [ 121.8207, 24.67477, 0.0 ], [ 121.8209, 24.67495, 0.0 ], [ 121.821, 24.67505, 0.0 ], [ 121.8211, 24.6752, 0.0 ], [ 121.8213, 24.67538, 0.0 ], [ 121.8216, 24.67563, 0.0 ], [ 121.8217, 24.67569, 0.0 ], [ 121.8217, 24.67571, 0.0 ], [ 121.8217, 24.67575, 0.0 ], [ 121.8219, 24.67595, 0.0 ], [ 121.822, 24.67599, 0.0 ], [ 121.822, 24.67605, 0.0 ], [ 121.8221, 24.67611, 0.0 ], [ 121.8222, 24.67622, 0.0 ], [ 121.8223, 24.67628, 0.0 ], [ 121.8223, 24.6763, 0.0 ], [ 121.8224, 24.67634, 0.0 ], [ 121.8225, 24.67652, 0.0 ], [ 121.8226, 24.67656, 0.0 ], [ 121.8226, 24.6766, 0.0 ], [ 121.8227, 24.67665, 0.0 ], [ 121.8227, 24.67669, 0.0 ], [ 121.8228, 24.67674, 0.0 ], [ 121.8229, 24.67685, 0.0 ], [ 121.823, 24.6769, 0.0 ], [ 121.8231, 24.67696, 0.0 ], [ 121.8231, 24.67705, 0.0 ], [ 121.8232, 24.67716, 0.0 ], [ 121.8233, 24.67721, 0.0 ], [ 121.8234, 24.67727, 0.0 ], [ 121.8235, 24.67737, 0.0 ], [ 121.8236, 24.67744, 0.0 ], [ 121.8236, 24.67754, 0.0 ], [ 121.8238, 24.67769, 0.0 ], [ 121.8238, 24.6778, 0.0 ], [ 121.8239, 24.6779, 0.0 ], [ 121.824, 24.67807, 0.0 ], [ 121.8241, 24.67819, 0.0 ], [ 121.8241, 24.67821, 0.0 ], [ 121.8242, 24.67839, 0.0 ], [ 121.8243, 24.67859, 0.0 ], [ 121.8243, 24.67874, 0.0 ], [ 121.8244, 24.67883, 0.0 ], [ 121.8244, 24.67891, 0.0 ], [ 121.8244, 24.67896, 0.0 ], [ 121.8244, 24.67906, 0.0 ], [ 121.8244, 24.67922, 0.0 ], [ 121.8244, 24.67969, 0.0 ], [ 121.8244, 24.67975, 0.0 ], [ 121.8244, 24.67996, 0.0 ], [ 121.8242, 24.68037, 0.0 ], [ 121.8242, 24.68055, 0.0 ], [ 121.824, 24.68085, 0.0 ], [ 121.8238, 24.6814, 0.0 ], [ 121.8232, 24.68273, 0.0 ], [ 121.8231, 24.68283, 0.0 ], [ 121.823, 24.68308, 0.0 ], [ 121.8228, 24.68362, 0.0 ], [ 121.8227, 24.68369, 0.0 ], [ 121.8227, 24.68374, 0.0 ], [ 121.8225, 24.68393, 0.0 ], [ 121.8225, 24.68402, 0.0 ], [ 121.8225, 24.68412, 0.0 ], [ 121.8224, 24.68428, 0.0 ], [ 121.8221, 24.68489, 0.0 ], [ 121.8219, 24.68518, 0.0 ], [ 121.8217, 24.68547, 0.0 ], [ 121.8216, 24.68559, 0.0 ], [ 121.8215, 24.68578, 0.0 ], [ 121.8213, 24.68622, 0.0 ], [ 121.8212, 24.68632, 0.0 ], [ 121.8209, 24.68684, 0.0 ], [ 121.8207, 24.68717, 0.0 ], [ 121.8205, 24.68738, 0.0 ], [ 121.8203, 24.68783, 0.0 ], [ 121.8203, 24.68794, 0.0 ], [ 121.8202, 24.68858, 0.0 ], [ 121.8203, 24.68914, 0.0 ], [ 121.8205, 24.68954, 0.0 ], [ 121.8207, 24.68983, 0.0 ], [ 121.821, 24.6901, 0.0 ], [ 121.8213, 24.6903, 0.0 ], [ 121.8217, 24.69054, 0.0 ], [ 121.8221, 24.69064, 0.0 ], [ 121.8237, 24.69081, 0.0 ], [ 121.8244, 24.69087, 0.0 ], [ 121.8247, 24.6909, 0.0 ], [ 121.825, 24.69087, 0.0 ], [ 121.825, 24.69098, 0.0 ], [ 121.8247, 24.69261, 0.0 ], [ 121.8245, 24.69426, 0.0 ], [ 121.8244, 24.69454, 0.0 ], [ 121.8243, 24.69487, 0.0 ], [ 121.8242, 24.69516, 0.0 ], [ 121.8237, 24.69635, 0.0 ], [ 121.8229, 24.69839, 0.0 ], [ 121.822, 24.70045, 0.0 ], [ 121.8206, 24.7039, 0.0 ], [ 121.8205, 24.70417, 0.0 ], [ 121.8205, 24.70437, 0.0 ], [ 121.8201, 24.70512, 0.0 ], [ 121.8201, 24.70559, 0.0 ], [ 121.82, 24.70601, 0.0 ], [ 121.8207, 24.72082, 0.0 ], [ 121.8209, 24.72338, 0.0 ], [ 121.8209, 24.72374, 0.0 ], [ 121.8209, 24.72385, 0.0 ], [ 121.8211, 24.72644, 0.0 ], [ 121.8211, 24.72662, 0.0 ], [ 121.8211, 24.72678, 0.0 ], [ 121.8211, 24.72719, 0.0 ], [ 121.821, 24.72743, 0.0 ], [ 121.8209, 24.7276, 0.0 ], [ 121.8208, 24.72777, 0.0 ], [ 121.8206, 24.72808, 0.0 ], [ 121.8199, 24.72906, 0.0 ], [ 121.8197, 24.72934, 0.0 ], [ 121.8196, 24.72951, 0.0 ], [ 121.8195, 24.72963, 0.0 ], [ 121.8195, 24.72978, 0.0 ], [ 121.8194, 24.73022, 0.0 ], [ 121.8191, 24.7312, 0.0 ], [ 121.8187, 24.73251, 0.0 ], [ 121.8185, 24.7335, 0.0 ], [ 121.8185, 24.7337, 0.0 ], [ 121.8184, 24.73448, 0.0 ], [ 121.8184, 24.73497, 0.0 ], [ 121.8183, 24.7356, 0.0 ], [ 121.8182, 24.73603, 0.0 ], [ 121.818, 24.73668, 0.0 ], [ 121.8171, 24.73962, 0.0 ], [ 121.817, 24.73991, 0.0 ], [ 121.8169, 24.74039, 0.0 ], [ 121.8168, 24.74077, 0.0 ], [ 121.8166, 24.74332, 0.0 ], [ 121.8165, 24.74427, 0.0 ], [ 121.8164, 24.74547, 0.0 ], [ 121.8164, 24.74567, 0.0 ], [ 121.8163, 24.74681, 0.0 ], [ 121.8163, 24.74753, 0.0 ], [ 121.8162, 24.74805, 0.0 ], [ 121.8161, 24.74832, 0.0 ], [ 121.8161, 24.74886, 0.0 ], [ 121.816, 24.74906, 0.0 ], [ 121.816, 24.74979, 0.0 ], [ 121.8159, 24.75186, 0.0 ], [ 121.8159, 24.75243, 0.0 ], [ 121.8159, 24.75291, 0.0 ], [ 121.8158, 24.75411, 0.0 ], [ 121.8157, 24.75524, 0.0 ], [ 121.8157, 24.75545, 0.0 ], [ 121.8156, 24.75641, 0.0 ], [ 121.8156, 24.75668, 0.0 ], [ 121.8156, 24.75741, 0.0 ], [ 121.8156, 24.75824, 0.0 ], [ 121.8156, 24.75839, 0.0 ], [ 121.8156, 24.75847, 0.0 ], [ 121.8156, 24.75935, 0.0 ], [ 121.8156, 24.75963, 0.0 ], [ 121.8157, 24.7606, 0.0 ], [ 121.8157, 24.76107, 0.0 ], [ 121.8157, 24.76121, 0.0 ], [ 121.8157, 24.76142, 0.0 ], [ 121.8157, 24.76163, 0.0 ], [ 121.8158, 24.76193, 0.0 ], [ 121.8159, 24.76228, 0.0 ], [ 121.816, 24.76249, 0.0 ], [ 121.816, 24.76272, 0.0 ], [ 121.816, 24.76296, 0.0 ], [ 121.8158, 24.76388, 0.0 ], [ 121.8158, 24.7642, 0.0 ], [ 121.8158, 24.76464, 0.0 ], [ 121.8159, 24.76558, 0.0 ], [ 121.8159, 24.76625, 0.0 ], [ 121.8159, 24.76764, 0.0 ], [ 121.8158, 24.76824, 0.0 ], [ 121.8157, 24.76881, 0.0 ], [ 121.8157, 24.76921, 0.0 ], [ 121.8157, 24.7695, 0.0 ], [ 121.8157, 24.77035, 0.0 ], [ 121.8157, 24.7706, 0.0 ], [ 121.8157, 24.77091, 0.0 ], [ 121.8156, 24.77147, 0.0 ], [ 121.8156, 24.77239, 0.0 ], [ 121.8155, 24.77342, 0.0 ], [ 121.8155, 24.77383, 0.0 ], [ 121.8154, 24.77478, 0.0 ], [ 121.8154, 24.77502, 0.0 ], [ 121.8154, 24.77532, 0.0 ], [ 121.8154, 24.77553, 0.0 ], [ 121.8153, 24.77646, 0.0 ], [ 121.8152, 24.77686, 0.0 ], [ 121.8152, 24.77715, 0.0 ], [ 121.8152, 24.77741, 0.0 ], [ 121.8152, 24.77756, 0.0 ], [ 121.8151, 24.7777, 0.0 ], [ 121.8151, 24.77785, 0.0 ], [ 121.815, 24.77804, 0.0 ], [ 121.8146, 24.77854, 0.0 ], [ 121.8144, 24.77898, 0.0 ], [ 121.8142, 24.77925, 0.0 ], [ 121.8141, 24.77949, 0.0 ], [ 121.8141, 24.77962, 0.0 ], [ 121.814, 24.78005, 0.0 ], [ 121.8139, 24.78029, 0.0 ], [ 121.8139, 24.78043, 0.0 ], [ 121.8139, 24.78057, 0.0 ], [ 121.8139, 24.78081, 0.0 ], [ 121.8138, 24.78101, 0.0 ], [ 121.8138, 24.7812, 0.0 ], [ 121.8138, 24.7814, 0.0 ], [ 121.8139, 24.78163, 0.0 ], [ 121.8139, 24.78184, 0.0 ], [ 121.8139, 24.78196, 0.0 ], [ 121.8141, 24.78275, 0.0 ], [ 121.8143, 24.78379, 0.0 ], [ 121.8143, 24.78451, 0.0 ], [ 121.8144, 24.78474, 0.0 ], [ 121.8144, 24.78483, 0.0 ], [ 121.8145, 24.78556, 0.0 ], [ 121.8145, 24.78567, 0.0 ], [ 121.8145, 24.78584, 0.0 ], [ 121.8145, 24.78602, 0.0 ], [ 121.8145, 24.78622, 0.0 ], [ 121.8144, 24.78757, 0.0 ], [ 121.8144, 24.78787, 0.0 ], [ 121.8144, 24.78811, 0.0 ], [ 121.8144, 24.78823, 0.0 ], [ 121.8144, 24.78837, 0.0 ], [ 121.8145, 24.78851, 0.0 ], [ 121.8145, 24.78865, 0.0 ], [ 121.8146, 24.78933, 0.0 ], [ 121.8146, 24.78938, 0.0 ], [ 121.8147, 24.78958, 0.0 ], [ 121.8152, 24.79205, 0.0 ], [ 121.8152, 24.7923, 0.0 ], [ 121.8153, 24.79294, 0.0 ], [ 121.8154, 24.79325, 0.0 ], [ 121.8157, 24.79547, 0.0 ], [ 121.8157, 24.79603, 0.0 ], [ 121.8158, 24.79618, 0.0 ], [ 121.8158, 24.79654, 0.0 ], [ 121.8158, 24.79668, 0.0 ], [ 121.8159, 24.79688, 0.0 ], [ 121.8168, 24.80046, 0.0 ], [ 121.8168, 24.80064, 0.0 ], [ 121.8169, 24.80103, 0.0 ], [ 121.8169, 24.80109, 0.0 ], [ 121.817, 24.80122, 0.0 ], [ 121.817, 24.80128, 0.0 ], [ 121.817, 24.80133, 0.0 ], [ 121.817, 24.8014, 0.0 ], [ 121.817, 24.80148, 0.0 ], [ 121.817, 24.80155, 0.0 ], [ 121.817, 24.8016, 0.0 ], [ 121.8169, 24.80171, 0.0 ], [ 121.8169, 24.80205, 0.0 ], [ 121.8169, 24.80207, 0.0 ], [ 121.8168, 24.8022, 0.0 ], [ 121.8168, 24.80228, 0.0 ], [ 121.8168, 24.80236, 0.0 ], [ 121.8168, 24.80244, 0.0 ], [ 121.8168, 24.8025, 0.0 ], [ 121.8168, 24.80263, 0.0 ], [ 121.8168, 24.8027, 0.0 ], [ 121.8168, 24.80274, 0.0 ], [ 121.8169, 24.80292, 0.0 ], [ 121.8169, 24.80321, 0.0 ], [ 121.817, 24.80377, 0.0 ], [ 121.8171, 24.80438, 0.0 ], [ 121.8171, 24.80464, 0.0 ], [ 121.8171, 24.80502, 0.0 ], [ 121.8172, 24.80549, 0.0 ], [ 121.8172, 24.80602, 0.0 ], [ 121.8173, 24.80712, 0.0 ], [ 121.8173, 24.80722, 0.0 ], [ 121.8173, 24.80729, 0.0 ], [ 121.8173, 24.80739, 0.0 ], [ 121.8173, 24.80749, 0.0 ], [ 121.8175, 24.80787, 0.0 ], [ 121.8181, 24.80924, 0.0 ], [ 121.8184, 24.80996, 0.0 ], [ 121.8184, 24.81017, 0.0 ], [ 121.8185, 24.81034, 0.0 ], [ 121.8185, 24.81082, 0.0 ], [ 121.8185, 24.81154, 0.0 ], [ 121.8186, 24.81203, 0.0 ], [ 121.8186, 24.81247, 0.0 ], [ 121.8187, 24.81299, 0.0 ], [ 121.8188, 24.81351, 0.0 ], [ 121.8189, 24.81398, 0.0 ], [ 121.8191, 24.8151, 0.0 ], [ 121.8192, 24.81551, 0.0 ], [ 121.8194, 24.81679, 0.0 ], [ 121.8195, 24.81744, 0.0 ], [ 121.8197, 24.81822, 0.0 ], [ 121.8199, 24.81899, 0.0 ], [ 121.8199, 24.8194, 0.0 ], [ 121.82, 24.81994, 0.0 ], [ 121.82, 24.82059, 0.0 ], [ 121.8201, 24.82085, 0.0 ], [ 121.8201, 24.82117, 0.0 ], [ 121.8202, 24.82149, 0.0 ], [ 121.8204, 24.82215, 0.0 ], [ 121.8205, 24.82273, 0.0 ], [ 121.8206, 24.82288, 0.0 ], [ 121.8206, 24.823, 0.0 ], [ 121.8206, 24.82315, 0.0 ], [ 121.8207, 24.82415, 0.0 ], [ 121.8207, 24.82429, 0.0 ], [ 121.8207, 24.8244, 0.0 ], [ 121.8208, 24.82452, 0.0 ], [ 121.8209, 24.82485, 0.0 ], [ 121.8211, 24.82554, 0.0 ], [ 121.8212, 24.82576, 0.0 ], [ 121.8213, 24.82603, 0.0 ], [ 121.8213, 24.82616, 0.0 ], [ 121.8213, 24.82627, 0.0 ], [ 121.8214, 24.82699, 0.0 ], [ 121.8217, 24.82842, 0.0 ], [ 121.8221, 24.8299, 0.0 ], [ 121.8223, 24.83068, 0.0 ], [ 121.8223, 24.83078, 0.0 ], [ 121.8224, 24.83109, 0.0 ], [ 121.8225, 24.8316, 0.0 ], [ 121.8226, 24.83187, 0.0 ], [ 121.8226, 24.832, 0.0 ], [ 121.8226, 24.83216, 0.0 ], [ 121.8226, 24.83232, 0.0 ], [ 121.8226, 24.83247, 0.0 ], [ 121.8226, 24.83282, 0.0 ], [ 121.8226, 24.83294, 0.0 ], [ 121.8227, 24.83309, 0.0 ], [ 121.8227, 24.8332, 0.0 ], [ 121.8227, 24.83334, 0.0 ], [ 121.8227, 24.83346, 0.0 ], [ 121.8227, 24.83352, 0.0 ], [ 121.8229, 24.8342, 0.0 ], [ 121.8229, 24.83427, 0.0 ], [ 121.823, 24.83462, 0.0 ], [ 121.8231, 24.83467, 0.0 ], [ 121.8231, 24.83487, 0.0 ], [ 121.8233, 24.83515, 0.0 ], [ 121.8237, 24.83602, 0.0 ], [ 121.824, 24.83676, 0.0 ], [ 121.8241, 24.83691, 0.0 ], [ 121.8241, 24.83708, 0.0 ], [ 121.8242, 24.83722, 0.0 ], [ 121.8243, 24.83746, 0.0 ], [ 121.8244, 24.83769, 0.0 ], [ 121.8244, 24.83788, 0.0 ], [ 121.8245, 24.83824, 0.0 ], [ 121.8245, 24.83846, 0.0 ], [ 121.8245, 24.83858, 0.0 ], [ 121.8245, 24.83871, 0.0 ], [ 121.8245, 24.83887, 0.0 ], [ 121.8245, 24.83899, 0.0 ], [ 121.8245, 24.83907, 0.0 ], [ 121.8245, 24.83927, 0.0 ], [ 121.8244, 24.83942, 0.0 ], [ 121.8243, 24.83958, 0.0 ], [ 121.8243, 24.83973, 0.0 ], [ 121.8234, 24.84125, 0.0 ], [ 121.8231, 24.84168, 0.0 ], [ 121.823, 24.84199, 0.0 ], [ 121.823, 24.84231, 0.0 ], [ 121.8229, 24.84261, 0.0 ], [ 121.8229, 24.84278, 0.0 ], [ 121.823, 24.84289, 0.0 ], [ 121.823, 24.84308, 0.0 ], [ 121.823, 24.84318, 0.0 ], [ 121.8232, 24.84391, 0.0 ], [ 121.8232, 24.84403, 0.0 ], [ 121.8232, 24.84414, 0.0 ], [ 121.8232, 24.84437, 0.0 ], [ 121.8232, 24.84459, 0.0 ], [ 121.8231, 24.84604, 0.0 ], [ 121.823, 24.84679, 0.0 ], [ 121.8229, 24.84703, 0.0 ], [ 121.8229, 24.8471, 0.0 ], [ 121.8232, 24.84721, 0.0 ], [ 121.8235, 24.84735, 0.0 ], [ 121.8238, 24.84747, 0.0 ], [ 121.824, 24.84756, 0.0 ], [ 121.8242, 24.84768, 0.0 ], [ 121.8244, 24.84784, 0.0 ], [ 121.8247, 24.84802, 0.0 ], [ 121.8256, 24.84887, 0.0 ], [ 121.8258, 24.84909, 0.0 ], [ 121.826, 24.84928, 0.0 ], [ 121.8261, 24.84952, 0.0 ], [ 121.8264, 24.85001, 0.0 ], [ 121.8273, 24.85242, 0.0 ], [ 121.8276, 24.85324, 0.0 ], [ 121.8279, 24.85387, 0.0 ], [ 121.8283, 24.85464, 0.0 ], [ 121.8289, 24.85575, 0.0 ], [ 121.8289, 24.85592, 0.0 ], [ 121.829, 24.85614, 0.0 ], [ 121.8294, 24.8568, 0.0 ], [ 121.8304, 24.85875, 0.0 ], [ 121.8305, 24.85893, 0.0 ], [ 121.8308, 24.85946, 0.0 ], [ 121.8309, 24.85967, 0.0 ], [ 121.831, 24.85998, 0.0 ], [ 121.8312, 24.86043, 0.0 ], [ 121.8313, 24.86072, 0.0 ], [ 121.8313, 24.86099, 0.0 ], [ 121.8314, 24.86145, 0.0 ], [ 121.8314, 24.86169, 0.0 ], [ 121.8317, 24.86171, 0.0 ], [ 121.8318, 24.86169, 0.0 ], [ 121.8319, 24.86166, 0.0 ], [ 121.8323, 24.86149, 0.0 ], [ 121.8328, 24.86127, 0.0 ], [ 121.8336, 24.86096, 0.0 ], [ 121.8338, 24.86131, 0.0 ], [ 121.8343, 24.86235, 0.0 ], [ 121.8339, 24.86251, 0.0 ], [ 121.8333, 24.86275, 0.0 ], [ 121.8327, 24.86296, 0.0 ], [ 121.8325, 24.8634, 0.0 ], [ 121.8333, 24.86501, 0.0 ], [ 121.8354, 24.86965, 0.0 ], [ 121.8358, 24.87039, 0.0 ], [ 121.8363, 24.8702, 0.0 ], [ 121.8382, 24.86941, 0.0 ], [ 121.8386, 24.86926, 0.0 ], [ 121.839, 24.87013, 0.0 ], [ 121.8392, 24.87053, 0.0 ], [ 121.8393, 24.87065, 0.0 ], [ 121.8395, 24.87116, 0.0 ], [ 121.8397, 24.87166, 0.0 ], [ 121.8399, 24.87188, 0.0 ], [ 121.8399, 24.87195, 0.0 ], [ 121.8395, 24.8721, 0.0 ], [ 121.8393, 24.87223, 0.0 ], [ 121.8391, 24.87245, 0.0 ], [ 121.8391, 24.87261, 0.0 ], [ 121.8391, 24.87267, 0.0 ], [ 121.8391, 24.87272, 0.0 ], [ 121.8396, 24.87393, 0.0 ], [ 121.8398, 24.87427, 0.0 ], [ 121.8398, 24.87432, 0.0 ], [ 121.8403, 24.87535, 0.0 ], [ 121.8404, 24.87562, 0.0 ], [ 121.8405, 24.87593, 0.0 ], [ 121.8405, 24.87608, 0.0 ], [ 121.8406, 24.87634, 0.0 ], [ 121.8406, 24.87644, 0.0 ], [ 121.8405, 24.87653, 0.0 ], [ 121.8405, 24.87658, 0.0 ], [ 121.84, 24.8769, 0.0 ], [ 121.84, 24.87693, 0.0 ], [ 121.8401, 24.87708, 0.0 ], [ 121.8403, 24.87728, 0.0 ], [ 121.8405, 24.87749, 0.0 ], [ 121.8408, 24.87786, 0.0 ], [ 121.8409, 24.87794, 0.0 ], [ 121.841, 24.87804, 0.0 ], [ 121.8414, 24.87836, 0.0 ], [ 121.8415, 24.87852, 0.0 ], [ 121.8416, 24.8786, 0.0 ], [ 121.8417, 24.87869, 0.0 ], [ 121.842, 24.87914, 0.0 ], [ 121.8424, 24.87961, 0.0 ], [ 121.8427, 24.88005, 0.0 ], [ 121.8429, 24.88023, 0.0 ], [ 121.8432, 24.88064, 0.0 ], [ 121.8433, 24.8808, 0.0 ], [ 121.8434, 24.88096, 0.0 ], [ 121.8435, 24.88107, 0.0 ], [ 121.8436, 24.88122, 0.0 ], [ 121.8437, 24.88136, 0.0 ], [ 121.8443, 24.88194, 0.0 ], [ 121.8455, 24.88314, 0.0 ], [ 121.8456, 24.88326, 0.0 ], [ 121.846, 24.88356, 0.0 ], [ 121.8462, 24.88373, 0.0 ], [ 121.8468, 24.88439, 0.0 ], [ 121.8469, 24.88441, 0.0 ], [ 121.847, 24.88451, 0.0 ], [ 121.8471, 24.8846, 0.0 ], [ 121.8476, 24.8851, 0.0 ], [ 121.8477, 24.88522, 0.0 ], [ 121.8478, 24.88533, 0.0 ], [ 121.8479, 24.88545, 0.0 ], [ 121.848, 24.8856, 0.0 ], [ 121.848, 24.88575, 0.0 ], [ 121.8482, 24.88613, 0.0 ], [ 121.8484, 24.88662, 0.0 ], [ 121.8485, 24.88689, 0.0 ], [ 121.8487, 24.88756, 0.0 ], [ 121.8487, 24.88769, 0.0 ], [ 121.8488, 24.88787, 0.0 ], [ 121.8489, 24.88807, 0.0 ], [ 121.849, 24.88827, 0.0 ], [ 121.8492, 24.88885, 0.0 ], [ 121.8492, 24.88904, 0.0 ], [ 121.8493, 24.88914, 0.0 ], [ 121.8496, 24.89002, 0.0 ], [ 121.8496, 24.89008, 0.0 ], [ 121.8496, 24.89015, 0.0 ], [ 121.8497, 24.89038, 0.0 ], [ 121.8499, 24.89063, 0.0 ], [ 121.8501, 24.8909, 0.0 ], [ 121.8503, 24.89106, 0.0 ], [ 121.8504, 24.89114, 0.0 ], [ 121.8506, 24.8913, 0.0 ], [ 121.8508, 24.8914, 0.0 ], [ 121.8509, 24.89147, 0.0 ], [ 121.8514, 24.89176, 0.0 ], [ 121.8516, 24.89184, 0.0 ], [ 121.8518, 24.8919, 0.0 ], [ 121.8519, 24.89193, 0.0 ], [ 121.852, 24.89195, 0.0 ], [ 121.8521, 24.89197, 0.0 ], [ 121.8529, 24.89207, 0.0 ], [ 121.8533, 24.89215, 0.0 ], [ 121.8536, 24.89223, 0.0 ], [ 121.8538, 24.8923, 0.0 ], [ 121.854, 24.89238, 0.0 ], [ 121.8545, 24.89256, 0.0 ], [ 121.8546, 24.8926, 0.0 ], [ 121.8555, 24.89295, 0.0 ], [ 121.856, 24.89312, 0.0 ], [ 121.8561, 24.89322, 0.0 ], [ 121.857, 24.89362, 0.0 ], [ 121.8572, 24.89373, 0.0 ], [ 121.8576, 24.89395, 0.0 ], [ 121.858, 24.89412, 0.0 ], [ 121.8584, 24.89442, 0.0 ], [ 121.8586, 24.89462, 0.0 ], [ 121.8598, 24.89618, 0.0 ], [ 121.8601, 24.89658, 0.0 ], [ 121.8605, 24.89676, 0.0 ], [ 121.861, 24.89696, 0.0 ], [ 121.8616, 24.89736, 0.0 ], [ 121.8622, 24.89776, 0.0 ], [ 121.8626, 24.89825, 0.0 ], [ 121.8628, 24.89862, 0.0 ], [ 121.8629, 24.89877, 0.0 ], [ 121.863, 24.89895, 0.0 ], [ 121.863, 24.89908, 0.0 ], [ 121.8632, 24.89941, 0.0 ], [ 121.8632, 24.89964, 0.0 ], [ 121.8633, 24.89989, 0.0 ], [ 121.8633, 24.90014, 0.0 ], [ 121.8634, 24.90082, 0.0 ], [ 121.8634, 24.90133, 0.0 ], [ 121.8635, 24.90183, 0.0 ], [ 121.8635, 24.90204, 0.0 ], [ 121.8636, 24.90219, 0.0 ], [ 121.8637, 24.90235, 0.0 ], [ 121.8638, 24.90244, 0.0 ], [ 121.8639, 24.90258, 0.0 ], [ 121.864, 24.90272, 0.0 ], [ 121.8642, 24.90288, 0.0 ], [ 121.8643, 24.903, 0.0 ], [ 121.8645, 24.90311, 0.0 ], [ 121.8646, 24.90319, 0.0 ], [ 121.8648, 24.90327, 0.0 ], [ 121.865, 24.90334, 0.0 ], [ 121.8651, 24.90339, 0.0 ], [ 121.8653, 24.90345, 0.0 ], [ 121.8663, 24.90372, 0.0 ], [ 121.8671, 24.9039, 0.0 ], [ 121.8673, 24.90398, 0.0 ], [ 121.8676, 24.90405, 0.0 ], [ 121.8678, 24.90413, 0.0 ], [ 121.8683, 24.90429, 0.0 ], [ 121.8686, 24.90442, 0.0 ], [ 121.8689, 24.90456, 0.0 ], [ 121.8691, 24.90468, 0.0 ], [ 121.8692, 24.90473, 0.0 ], [ 121.87, 24.90534, 0.0 ], [ 121.8702, 24.90547, 0.0 ], [ 121.8707, 24.90591, 0.0 ], [ 121.8707, 24.90594, 0.0 ], [ 121.8709, 24.90606, 0.0 ], [ 121.872, 24.90691, 0.0 ], [ 121.872, 24.90694, 0.0 ], [ 121.8725, 24.90728, 0.0 ], [ 121.8739, 24.90854, 0.0 ], [ 121.8741, 24.90869, 0.0 ], [ 121.8743, 24.90892, 0.0 ], [ 121.8746, 24.90924, 0.0 ], [ 121.8748, 24.9095, 0.0 ], [ 121.8759, 24.91063, 0.0 ], [ 121.8762, 24.91093, 0.0 ], [ 121.8765, 24.91129, 0.0 ], [ 121.8766, 24.91147, 0.0 ], [ 121.878, 24.91341, 0.0 ], [ 121.8781, 24.91367, 0.0 ], [ 121.8783, 24.9138, 0.0 ], [ 121.8784, 24.91397, 0.0 ], [ 121.8786, 24.91409, 0.0 ], [ 121.8787, 24.91422, 0.0 ], [ 121.8789, 24.91432, 0.0 ], [ 121.879, 24.91438, 0.0 ], [ 121.8792, 24.91452, 0.0 ], [ 121.8801, 24.91509, 0.0 ], [ 121.8803, 24.91521, 0.0 ], [ 121.8804, 24.9153, 0.0 ], [ 121.8814, 24.91598, 0.0 ], [ 121.8817, 24.9162, 0.0 ], [ 121.8818, 24.91634, 0.0 ], [ 121.8822, 24.91666, 0.0 ], [ 121.8824, 24.91688, 0.0 ], [ 121.8826, 24.91707, 0.0 ], [ 121.8829, 24.91746, 0.0 ], [ 121.883, 24.91756, 0.0 ], [ 121.8831, 24.91768, 0.0 ], [ 121.8832, 24.91783, 0.0 ], [ 121.8833, 24.91801, 0.0 ], [ 121.8834, 24.91817, 0.0 ], [ 121.8835, 24.9183, 0.0 ], [ 121.8835, 24.91846, 0.0 ], [ 121.8836, 24.9187, 0.0 ], [ 121.8838, 24.9201, 0.0 ], [ 121.8838, 24.92032, 0.0 ], [ 121.8838, 24.92046, 0.0 ], [ 121.8838, 24.92055, 0.0 ], [ 121.8838, 24.92071, 0.0 ], [ 121.8837, 24.92085, 0.0 ], [ 121.8837, 24.92104, 0.0 ], [ 121.8836, 24.92135, 0.0 ], [ 121.8835, 24.92181, 0.0 ], [ 121.8834, 24.92192, 0.0 ], [ 121.8834, 24.92203, 0.0 ], [ 121.8834, 24.92212, 0.0 ], [ 121.8834, 24.92228, 0.0 ], [ 121.8833, 24.92241, 0.0 ], [ 121.8834, 24.92257, 0.0 ], [ 121.8834, 24.92264, 0.0 ], [ 121.8834, 24.92275, 0.0 ], [ 121.8834, 24.92286, 0.0 ], [ 121.8834, 24.92298, 0.0 ], [ 121.8835, 24.92314, 0.0 ], [ 121.8835, 24.92323, 0.0 ], [ 121.8836, 24.92334, 0.0 ], [ 121.8836, 24.92344, 0.0 ], [ 121.8836, 24.92351, 0.0 ], [ 121.8837, 24.92359, 0.0 ], [ 121.8837, 24.92369, 0.0 ], [ 121.8839, 24.92387, 0.0 ], [ 121.884, 24.92402, 0.0 ], [ 121.8841, 24.92414, 0.0 ], [ 121.8848, 24.92476, 0.0 ], [ 121.8851, 24.92498, 0.0 ], [ 121.8852, 24.92511, 0.0 ], [ 121.8853, 24.92522, 0.0 ], [ 121.8854, 24.92533, 0.0 ], [ 121.8855, 24.92546, 0.0 ], [ 121.8856, 24.9256, 0.0 ], [ 121.8857, 24.92573, 0.0 ], [ 121.8857, 24.92587, 0.0 ], [ 121.8859, 24.92614, 0.0 ], [ 121.8859, 24.92625, 0.0 ], [ 121.886, 24.92647, 0.0 ], [ 121.886, 24.92662, 0.0 ], [ 121.8861, 24.92734, 0.0 ], [ 121.8861, 24.92749, 0.0 ], [ 121.8861, 24.92765, 0.0 ], [ 121.886, 24.92789, 0.0 ], [ 121.886, 24.92801, 0.0 ], [ 121.8859, 24.92815, 0.0 ], [ 121.8859, 24.92833, 0.0 ], [ 121.8858, 24.92851, 0.0 ], [ 121.8856, 24.92896, 0.0 ], [ 121.8856, 24.92899, 0.0 ], [ 121.8855, 24.92925, 0.0 ], [ 121.8854, 24.92942, 0.0 ], [ 121.8849, 24.93069, 0.0 ], [ 121.8849, 24.93085, 0.0 ], [ 121.8848, 24.93099, 0.0 ], [ 121.8847, 24.93137, 0.0 ], [ 121.8846, 24.93153, 0.0 ], [ 121.8845, 24.9317, 0.0 ], [ 121.8845, 24.93185, 0.0 ], [ 121.8845, 24.93204, 0.0 ], [ 121.8844, 24.93223, 0.0 ], [ 121.8844, 24.93247, 0.0 ], [ 121.8844, 24.9326, 0.0 ], [ 121.8844, 24.93272, 0.0 ], [ 121.8844, 24.93304, 0.0 ], [ 121.8845, 24.9332, 0.0 ], [ 121.8845, 24.93331, 0.0 ], [ 121.8845, 24.93353, 0.0 ], [ 121.8846, 24.93372, 0.0 ], [ 121.8847, 24.93386, 0.0 ], [ 121.8848, 24.93404, 0.0 ], [ 121.8849, 24.93427, 0.0 ], [ 121.885, 24.93445, 0.0 ], [ 121.8851, 24.93457, 0.0 ], [ 121.8853, 24.93481, 0.0 ], [ 121.8854, 24.93494, 0.0 ], [ 121.8857, 24.93515, 0.0 ], [ 121.8864, 24.93567, 0.0 ], [ 121.8866, 24.9358, 0.0 ], [ 121.8867, 24.93591, 0.0 ], [ 121.8868, 24.93597, 0.0 ], [ 121.8869, 24.93604, 0.0 ], [ 121.887, 24.93612, 0.0 ], [ 121.8878, 24.93673, 0.0 ], [ 121.8881, 24.93691, 0.0 ], [ 121.8885, 24.93719, 0.0 ], [ 121.8886, 24.93728, 0.0 ], [ 121.8887, 24.93734, 0.0 ], [ 121.8889, 24.93744, 0.0 ], [ 121.8897, 24.93799, 0.0 ], [ 121.8899, 24.93817, 0.0 ], [ 121.8903, 24.93843, 0.0 ], [ 121.8908, 24.93886, 0.0 ], [ 121.8911, 24.93907, 0.0 ], [ 121.8913, 24.93917, 0.0 ], [ 121.8915, 24.9393, 0.0 ], [ 121.8918, 24.93941, 0.0 ], [ 121.8919, 24.93946, 0.0 ], [ 121.8923, 24.9396, 0.0 ], [ 121.8924, 24.93968, 0.0 ], [ 121.8926, 24.93973, 0.0 ], [ 121.8928, 24.9399, 0.0 ], [ 121.8931, 24.94014, 0.0 ], [ 121.8935, 24.94043, 0.0 ], [ 121.8936, 24.94049, 0.0 ], [ 121.894, 24.94081, 0.0 ], [ 121.8941, 24.94086, 0.0 ], [ 121.8942, 24.941, 0.0 ], [ 121.8949, 24.94146, 0.0 ], [ 121.8952, 24.9417, 0.0 ], [ 121.8954, 24.94182, 0.0 ], [ 121.8955, 24.9419, 0.0 ], [ 121.8957, 24.94197, 0.0 ], [ 121.8959, 24.94204, 0.0 ], [ 121.896, 24.94205, 0.0 ], [ 121.8962, 24.94207, 0.0 ], [ 121.8963, 24.94207, 0.0 ], [ 121.8965, 24.94206, 0.0 ], [ 121.8967, 24.94204, 0.0 ], [ 121.8975, 24.94193, 0.0 ], [ 121.898, 24.94187, 0.0 ], [ 121.8981, 24.94184, 0.0 ], [ 121.8982, 24.94183, 0.0 ], [ 121.8983, 24.94182, 0.0 ], [ 121.8985, 24.94176, 0.0 ], [ 121.8998, 24.9415, 0.0 ], [ 121.8999, 24.94148, 0.0 ], [ 121.9002, 24.94152, 0.0 ], [ 121.9005, 24.94156, 0.0 ], [ 121.9008, 24.94164, 0.0 ], [ 121.9011, 24.94177, 0.0 ], [ 121.9012, 24.94184, 0.0 ], [ 121.9015, 24.94202, 0.0 ], [ 121.9016, 24.9421, 0.0 ], [ 121.9018, 24.94221, 0.0 ], [ 121.902, 24.94237, 0.0 ], [ 121.9021, 24.94257, 0.0 ], [ 121.9023, 24.94272, 0.0 ], [ 121.9025, 24.94312, 0.0 ], [ 121.9027, 24.94349, 0.0 ], [ 121.9028, 24.94368, 0.0 ], [ 121.9028, 24.94371, 0.0 ], [ 121.9028, 24.94382, 0.0 ], [ 121.9029, 24.94398, 0.0 ], [ 121.9029, 24.94438, 0.0 ], [ 121.9032, 24.94565, 0.0 ], [ 121.9032, 24.94595, 0.0 ], [ 121.9033, 24.94614, 0.0 ], [ 121.9034, 24.94632, 0.0 ], [ 121.9035, 24.94642, 0.0 ], [ 121.9035, 24.94654, 0.0 ], [ 121.9037, 24.94676, 0.0 ], [ 121.9038, 24.94685, 0.0 ], [ 121.9041, 24.94707, 0.0 ], [ 121.9075, 24.94932, 0.0 ], [ 121.9078, 24.94956, 0.0 ], [ 121.9082, 24.94986, 0.0 ], [ 121.9088, 24.95043, 0.0 ], [ 121.9094, 24.95087, 0.0 ], [ 121.9098, 24.95119, 0.0 ], [ 121.9101, 24.95135, 0.0 ], [ 121.9103, 24.95143, 0.0 ], [ 121.9108, 24.95159, 0.0 ], [ 121.9138, 24.95268, 0.0 ], [ 121.9144, 24.95292, 0.0 ], [ 121.9152, 24.9532, 0.0 ], [ 121.9155, 24.95331, 0.0 ], [ 121.9158, 24.95344, 0.0 ], [ 121.916, 24.95357, 0.0 ], [ 121.9161, 24.9537, 0.0 ], [ 121.9164, 24.95394, 0.0 ], [ 121.9165, 24.95411, 0.0 ], [ 121.9166, 24.95422, 0.0 ], [ 121.9168, 24.95451, 0.0 ], [ 121.9168, 24.95455, 0.0 ], [ 121.9171, 24.95516, 0.0 ], [ 121.9173, 24.95551, 0.0 ], [ 121.9173, 24.95575, 0.0 ], [ 121.9174, 24.95609, 0.0 ], [ 121.9174, 24.95644, 0.0 ], [ 121.9176, 24.9572, 0.0 ], [ 121.9176, 24.95735, 0.0 ], [ 121.9176, 24.95756, 0.0 ], [ 121.9176, 24.95782, 0.0 ], [ 121.9177, 24.95802, 0.0 ], [ 121.9178, 24.95817, 0.0 ], [ 121.9179, 24.95832, 0.0 ], [ 121.9184, 24.95905, 0.0 ], [ 121.9188, 24.95959, 0.0 ], [ 121.92, 24.96106, 0.0 ], [ 121.9201, 24.96118, 0.0 ], [ 121.9201, 24.96136, 0.0 ], [ 121.9202, 24.96161, 0.0 ], [ 121.9201, 24.96186, 0.0 ], [ 121.92, 24.96212, 0.0 ], [ 121.92, 24.96219, 0.0 ], [ 121.9199, 24.9625, 0.0 ], [ 121.9199, 24.96275, 0.0 ], [ 121.9199, 24.96316, 0.0 ], [ 121.92, 24.96345, 0.0 ], [ 121.9201, 24.96357, 0.0 ], [ 121.9202, 24.96386, 0.0 ], [ 121.9203, 24.96395, 0.0 ], [ 121.9215, 24.96586, 0.0 ], [ 121.9217, 24.96606, 0.0 ], [ 121.9217, 24.96615, 0.0 ], [ 121.9219, 24.96646, 0.0 ], [ 121.922, 24.96653, 0.0 ], [ 121.9226, 24.96709, 0.0 ], [ 121.9228, 24.96733, 0.0 ], [ 121.9232, 24.9677, 0.0 ], [ 121.9234, 24.96791, 0.0 ], [ 121.9236, 24.9681, 0.0 ], [ 121.9237, 24.96823, 0.0 ], [ 121.9238, 24.96839, 0.0 ], [ 121.924, 24.96859, 0.0 ], [ 121.9241, 24.9687, 0.0 ], [ 121.9242, 24.96882, 0.0 ], [ 121.9263, 24.97013, 0.0 ], [ 121.9269, 24.97055, 0.0 ], [ 121.9273, 24.97077, 0.0 ], [ 121.9275, 24.97088, 0.0 ], [ 121.9277, 24.97104, 0.0 ], [ 121.9288, 24.97165, 0.0 ], [ 121.9289, 24.97173, 0.0 ], [ 121.929, 24.97178, 0.0 ], [ 121.9296, 24.97211, 0.0 ], [ 121.9299, 24.97221, 0.0 ], [ 121.9325, 24.97331, 0.0 ], [ 121.9329, 24.97347, 0.0 ], [ 121.9332, 24.97358, 0.0 ], [ 121.9339, 24.9738, 0.0 ], [ 121.934, 24.97387, 0.0 ], [ 121.934, 24.97393, 0.0 ], [ 121.9341, 24.97399, 0.0 ], [ 121.9342, 24.97409, 0.0 ], [ 121.9344, 24.97428, 0.0 ], [ 121.9345, 24.97436, 0.0 ], [ 121.9346, 24.97439, 0.0 ], [ 121.9346, 24.9744, 0.0 ], [ 121.9347, 24.97444, 0.0 ], [ 121.9348, 24.97448, 0.0 ], [ 121.9349, 24.97454, 0.0 ], [ 121.935, 24.97459, 0.0 ], [ 121.9351, 24.97461, 0.0 ], [ 121.9353, 24.97471, 0.0 ], [ 121.9354, 24.97474, 0.0 ], [ 121.9355, 24.97478, 0.0 ], [ 121.9356, 24.97481, 0.0 ], [ 121.9356, 24.97482, 0.0 ], [ 121.9358, 24.97487, 0.0 ], [ 121.9358, 24.97489, 0.0 ], [ 121.9364, 24.97506, 0.0 ], [ 121.9364, 24.97509, 0.0 ], [ 121.9365, 24.9751, 0.0 ], [ 121.9366, 24.97511, 0.0 ], [ 121.9367, 24.97512, 0.0 ], [ 121.9368, 24.97513, 0.0 ], [ 121.9369, 24.97513, 0.0 ], [ 121.937, 24.97514, 0.0 ], [ 121.9372, 24.97513, 0.0 ], [ 121.9373, 24.97512, 0.0 ], [ 121.9374, 24.97512, 0.0 ], [ 121.9375, 24.97512, 0.0 ], [ 121.9375, 24.97511, 0.0 ], [ 121.9378, 24.9751, 0.0 ], [ 121.9382, 24.97509, 0.0 ], [ 121.9384, 24.97509, 0.0 ], [ 121.9385, 24.9751, 0.0 ], [ 121.9387, 24.97512, 0.0 ], [ 121.9388, 24.97514, 0.0 ], [ 121.9391, 24.97517, 0.0 ], [ 121.9393, 24.97519, 0.0 ], [ 121.9395, 24.97521, 0.0 ], [ 121.9396, 24.97523, 0.0 ], [ 121.9398, 24.97526, 0.0 ], [ 121.9399, 24.97528, 0.0 ], [ 121.9399, 24.9753, 0.0 ], [ 121.94, 24.97533, 0.0 ], [ 121.9401, 24.97536, 0.0 ], [ 121.9402, 24.97545, 0.0 ], [ 121.9409, 24.97597, 0.0 ], [ 121.9414, 24.97635, 0.0 ], [ 121.9417, 24.97654, 0.0 ], [ 121.9418, 24.97659, 0.0 ], [ 121.9419, 24.97667, 0.0 ], [ 121.9421, 24.97675, 0.0 ], [ 121.9422, 24.97685, 0.0 ], [ 121.9425, 24.97696, 0.0 ], [ 121.9425, 24.97699, 0.0 ], [ 121.9426, 24.97706, 0.0 ], [ 121.9427, 24.9771, 0.0 ], [ 121.9428, 24.97716, 0.0 ], [ 121.9429, 24.97722, 0.0 ], [ 121.9432, 24.9774, 0.0 ], [ 121.9433, 24.97747, 0.0 ], [ 121.9437, 24.9777, 0.0 ], [ 121.9438, 24.97777, 0.0 ], [ 121.944, 24.97789, 0.0 ], [ 121.9441, 24.97794, 0.0 ], [ 121.9442, 24.978, 0.0 ], [ 121.9445, 24.97814, 0.0 ], [ 121.9446, 24.9782, 0.0 ], [ 121.9447, 24.97823, 0.0 ], [ 121.9449, 24.97836, 0.0 ], [ 121.9452, 24.97848, 0.0 ], [ 121.9453, 24.97854, 0.0 ], [ 121.9453, 24.97856, 0.0 ], [ 121.9454, 24.97859, 0.0 ], [ 121.9455, 24.97866, 0.0 ], [ 121.9456, 24.97869, 0.0 ], [ 121.9457, 24.97873, 0.0 ], [ 121.9458, 24.9788, 0.0 ], [ 121.9459, 24.97885, 0.0 ], [ 121.9463, 24.979, 0.0 ], [ 121.9464, 24.97906, 0.0 ], [ 121.9465, 24.97908, 0.0 ], [ 121.9466, 24.97915, 0.0 ], [ 121.947, 24.97929, 0.0 ], [ 121.948, 24.97962, 0.0 ], [ 121.9481, 24.97965, 0.0 ], [ 121.9482, 24.9797, 0.0 ], [ 121.9484, 24.9798, 0.0 ], [ 121.9484, 24.97982, 0.0 ], [ 121.9485, 24.97985, 0.0 ], [ 121.9485, 24.97988, 0.0 ], [ 121.9486, 24.98, 0.0 ], [ 121.9488, 24.9801, 0.0 ], [ 121.9488, 24.98018, 0.0 ], [ 121.9489, 24.98025, 0.0 ], [ 121.949, 24.98035, 0.0 ], [ 121.949, 24.98038, 0.0 ], [ 121.9492, 24.98052, 0.0 ], [ 121.9493, 24.9806, 0.0 ], [ 121.9493, 24.98064, 0.0 ], [ 121.9494, 24.98066, 0.0 ], [ 121.9494, 24.98071, 0.0 ], [ 121.9495, 24.98075, 0.0 ], [ 121.9496, 24.98078, 0.0 ], [ 121.9497, 24.9808, 0.0 ], [ 121.9497, 24.98083, 0.0 ], [ 121.9499, 24.98086, 0.0 ], [ 121.9499, 24.98087, 0.0 ], [ 121.9501, 24.98092, 0.0 ], [ 121.9506, 24.98103, 0.0 ], [ 121.9507, 24.98107, 0.0 ], [ 121.9508, 24.9811, 0.0 ], [ 121.952, 24.98172, 0.0 ], [ 121.9521, 24.98176, 0.0 ], [ 121.9521, 24.98177, 0.0 ], [ 121.9523, 24.98184, 0.0 ], [ 121.9523, 24.98185, 0.0 ], [ 121.9524, 24.9819, 0.0 ], [ 121.9525, 24.98195, 0.0 ], [ 121.9526, 24.98202, 0.0 ], [ 121.9527, 24.98207, 0.0 ], [ 121.9528, 24.9821, 0.0 ], [ 121.9529, 24.98215, 0.0 ], [ 121.9529, 24.98219, 0.0 ], [ 121.953, 24.98224, 0.0 ], [ 121.953, 24.98228, 0.0 ], [ 121.9531, 24.98232, 0.0 ], [ 121.9533, 24.98258, 0.0 ], [ 121.9535, 24.98272, 0.0 ], [ 121.9536, 24.98288, 0.0 ], [ 121.9538, 24.98298, 0.0 ], [ 121.9538, 24.98304, 0.0 ], [ 121.9539, 24.98311, 0.0 ], [ 121.9541, 24.98321, 0.0 ], [ 121.9546, 24.98357, 0.0 ], [ 121.9546, 24.98363, 0.0 ], [ 121.9547, 24.98366, 0.0 ], [ 121.9548, 24.98371, 0.0 ], [ 121.955, 24.9839, 0.0 ], [ 121.9551, 24.98399, 0.0 ], [ 121.9552, 24.98405, 0.0 ], [ 121.9553, 24.98411, 0.0 ], [ 121.9554, 24.98413, 0.0 ], [ 121.9555, 24.98415, 0.0 ], [ 121.9556, 24.98417, 0.0 ], [ 121.9557, 24.98417, 0.0 ], [ 121.9558, 24.98416, 0.0 ], [ 121.9559, 24.98415, 0.0 ], [ 121.9566, 24.98408, 0.0 ], [ 121.9565, 24.98402, 0.0 ], [ 121.9565, 24.98398, 0.0 ], [ 121.9579, 24.98383, 0.0 ], [ 121.9591, 24.98372, 0.0 ], [ 121.9594, 24.98371, 0.0 ], [ 121.9599, 24.98369, 0.0 ], [ 121.9615, 24.98362, 0.0 ], [ 121.9624, 24.98359, 0.0 ], [ 121.9625, 24.98356, 0.0 ], [ 121.9628, 24.98354, 0.0 ], [ 121.963, 24.98356, 0.0 ], [ 121.9632, 24.98359, 0.0 ], [ 121.9649, 24.98398, 0.0 ], [ 121.9652, 24.98406, 0.0 ], [ 121.9654, 24.98412, 0.0 ], [ 121.9656, 24.98418, 0.0 ], [ 121.9657, 24.98424, 0.0 ], [ 121.9659, 24.98434, 0.0 ], [ 121.9661, 24.98449, 0.0 ], [ 121.9663, 24.98462, 0.0 ], [ 121.9666, 24.9849, 0.0 ], [ 121.967, 24.98537, 0.0 ], [ 121.967, 24.98545, 0.0 ], [ 121.9671, 24.9855, 0.0 ], [ 121.9672, 24.98555, 0.0 ], [ 121.9674, 24.98569, 0.0 ], [ 121.9675, 24.98574, 0.0 ], [ 121.9678, 24.98594, 0.0 ], [ 121.9679, 24.98596, 0.0 ], [ 121.9679, 24.98602, 0.0 ], [ 121.9681, 24.98608, 0.0 ], [ 121.9681, 24.98609, 0.0 ], [ 121.9683, 24.98616, 0.0 ], [ 121.9686, 24.98626, 0.0 ], [ 121.9689, 24.98637, 0.0 ], [ 121.9694, 24.9865, 0.0 ], [ 121.9697, 24.98661, 0.0 ], [ 121.97, 24.98668, 0.0 ], [ 121.9702, 24.98673, 0.0 ], [ 121.9703, 24.98675, 0.0 ], [ 121.9704, 24.98679, 0.0 ], [ 121.9705, 24.9868, 0.0 ], [ 121.9706, 24.98682, 0.0 ], [ 121.9707, 24.98682, 0.0 ], [ 121.9708, 24.98683, 0.0 ], [ 121.9709, 24.98683, 0.0 ], [ 121.9714, 24.9868, 0.0 ], [ 121.9715, 24.9868, 0.0 ], [ 121.9716, 24.98682, 0.0 ], [ 121.9718, 24.98685, 0.0 ], [ 121.9719, 24.9869, 0.0 ], [ 121.9721, 24.98697, 0.0 ], [ 121.9721, 24.98704, 0.0 ], [ 121.9722, 24.9871, 0.0 ], [ 121.9723, 24.98721, 0.0 ], [ 121.9724, 24.98729, 0.0 ], [ 121.9726, 24.98759, 0.0 ], [ 121.9726, 24.98768, 0.0 ], [ 121.9727, 24.98777, 0.0 ], [ 121.9728, 24.98785, 0.0 ], [ 121.9728, 24.98792, 0.0 ], [ 121.9729, 24.98803, 0.0 ], [ 121.973, 24.98809, 0.0 ], [ 121.973, 24.98811, 0.0 ], [ 121.9732, 24.9882, 0.0 ], [ 121.9732, 24.98824, 0.0 ], [ 121.9736, 24.98846, 0.0 ], [ 121.9738, 24.98863, 0.0 ], [ 121.974, 24.98878, 0.0 ], [ 121.9741, 24.98887, 0.0 ], [ 121.9742, 24.98897, 0.0 ], [ 121.9744, 24.98915, 0.0 ], [ 121.9746, 24.98945, 0.0 ], [ 121.9749, 24.99003, 0.0 ], [ 121.975, 24.99015, 0.0 ], [ 121.9751, 24.99032, 0.0 ], [ 121.9752, 24.99044, 0.0 ], [ 121.9755, 24.99068, 0.0 ], [ 121.9756, 24.99078, 0.0 ], [ 121.9757, 24.99086, 0.0 ], [ 121.9758, 24.99094, 0.0 ], [ 121.9759, 24.99107, 0.0 ], [ 121.9761, 24.99137, 0.0 ], [ 121.9762, 24.99164, 0.0 ], [ 121.9763, 24.99182, 0.0 ], [ 121.9765, 24.99196, 0.0 ], [ 121.9766, 24.99209, 0.0 ], [ 121.9768, 24.99219, 0.0 ], [ 121.9773, 24.99241, 0.0 ], [ 121.9777, 24.99261, 0.0 ], [ 121.978, 24.99268, 0.0 ], [ 121.9783, 24.99277, 0.0 ], [ 121.9784, 24.99278, 0.0 ], [ 121.979, 24.99277, 0.0 ], [ 121.9799, 24.99272, 0.0 ], [ 121.9807, 24.99276, 0.0 ], [ 121.981, 24.99279, 0.0 ], [ 121.9812, 24.99279, 0.0 ], [ 121.9816, 24.99277, 0.0 ], [ 121.9817, 24.99277, 0.0 ], [ 121.982, 24.99279, 0.0 ], [ 121.9822, 24.99282, 0.0 ], [ 121.9823, 24.99287, 0.0 ], [ 121.9825, 24.99298, 0.0 ], [ 121.9826, 24.99306, 0.0 ], [ 121.9831, 24.99331, 0.0 ], [ 121.9834, 24.99345, 0.0 ], [ 121.9835, 24.99351, 0.0 ], [ 121.9835, 24.99357, 0.0 ], [ 121.9836, 24.99366, 0.0 ], [ 121.9837, 24.99383, 0.0 ], [ 121.9841, 24.99441, 0.0 ], [ 121.9842, 24.99457, 0.0 ], [ 121.9845, 24.99506, 0.0 ], [ 121.9846, 24.9952, 0.0 ], [ 121.9847, 24.99534, 0.0 ], [ 121.9848, 24.99558, 0.0 ], [ 121.985, 24.99581, 0.0 ], [ 121.985, 24.99589, 0.0 ], [ 121.9851, 24.99593, 0.0 ], [ 121.9853, 24.99611, 0.0 ], [ 121.9854, 24.99624, 0.0 ], [ 121.9857, 24.9965, 0.0 ], [ 121.9859, 24.99662, 0.0 ], [ 121.986, 24.99674, 0.0 ], [ 121.9861, 24.99679, 0.0 ], [ 121.9862, 24.99683, 0.0 ], [ 121.9863, 24.99695, 0.0 ], [ 121.9874, 24.99752, 0.0 ], [ 121.9879, 24.99785, 0.0 ], [ 121.9884, 24.99815, 0.0 ], [ 121.9886, 24.99829, 0.0 ], [ 121.9889, 24.99852, 0.0 ], [ 121.9893, 24.99874, 0.0 ], [ 121.9897, 24.99895, 0.0 ], [ 121.9923, 25.00013, 0.0 ], [ 121.9935, 25.0007, 0.0 ], [ 121.9936, 25.00079, 0.0 ], [ 121.9937, 25.00088, 0.0 ], [ 121.9938, 25.00097, 0.0 ], [ 121.994, 25.00117, 0.0 ], [ 121.9941, 25.0013, 0.0 ], [ 121.9941, 25.00138, 0.0 ], [ 121.9942, 25.00152, 0.0 ], [ 121.9942, 25.00172, 0.0 ], [ 121.9944, 25.002, 0.0 ], [ 121.9944, 25.00209, 0.0 ], [ 121.9944, 25.00215, 0.0 ], [ 121.9944, 25.0022, 0.0 ], [ 121.9945, 25.0023, 0.0 ], [ 121.9946, 25.0024, 0.0 ], [ 121.9946, 25.00248, 0.0 ], [ 121.9947, 25.00261, 0.0 ], [ 121.9948, 25.00275, 0.0 ], [ 121.995, 25.00289, 0.0 ], [ 121.9951, 25.00298, 0.0 ], [ 121.9951, 25.00302, 0.0 ], [ 121.9952, 25.00309, 0.0 ], [ 121.9955, 25.00325, 0.0 ], [ 121.9955, 25.00327, 0.0 ], [ 121.9958, 25.00347, 0.0 ], [ 121.996, 25.00358, 0.0 ], [ 121.9962, 25.00366, 0.0 ], [ 121.9964, 25.00374, 0.0 ], [ 121.9965, 25.00378, 0.0 ], [ 121.9967, 25.00383, 0.0 ], [ 121.9967, 25.00384, 0.0 ], [ 121.9968, 25.00385, 0.0 ], [ 121.997, 25.00387, 0.0 ], [ 121.9972, 25.00389, 0.0 ], [ 121.9973, 25.00389, 0.0 ], [ 121.9975, 25.00389, 0.0 ], [ 121.9975, 25.00388, 0.0 ], [ 121.9975, 25.00382, 0.0 ], [ 121.9976, 25.0038, 0.0 ], [ 121.9978, 25.00378, 0.0 ], [ 121.9978, 25.00377, 0.0 ], [ 121.9978, 25.00375, 0.0 ], [ 121.9979, 25.00373, 0.0 ], [ 121.9979, 25.00368, 0.0 ], [ 121.9979, 25.00366, 0.0 ], [ 121.9979, 25.00364, 0.0 ], [ 121.9979, 25.00353, 0.0 ], [ 121.9979, 25.00345, 0.0 ], [ 121.9982, 25.00347, 0.0 ], [ 121.9984, 25.00349, 0.0 ], [ 121.9986, 25.00349, 0.0 ], [ 121.9986, 25.0035, 0.0 ], [ 121.9986, 25.00351, 0.0 ], [ 121.9986, 25.00352, 0.0 ], [ 121.9986, 25.00374, 0.0 ], [ 121.9986, 25.0039, 0.0 ], [ 121.9986, 25.00394, 0.0 ], [ 121.9987, 25.00396, 0.0 ], [ 121.9987, 25.00397, 0.0 ], [ 121.9988, 25.00399, 0.0 ], [ 121.9989, 25.00399, 0.0 ], [ 121.9992, 25.004, 0.0 ], [ 121.9993, 25.00401, 0.0 ], [ 121.9993, 25.00402, 0.0 ], [ 121.9996, 25.00409, 0.0 ], [ 121.9997, 25.00411, 0.0 ], [ 121.9998, 25.00414, 0.0 ], [ 121.9999, 25.00415, 0.0 ], [ 122.0, 25.00416, 0.0 ], [ 122.0002, 25.00415, 0.0 ], [ 122.0008, 25.00407, 0.0 ], [ 122.0011, 25.00403, 0.0 ], [ 122.0013, 25.00401, 0.0 ], [ 122.0013, 25.004, 0.0 ], [ 122.0015, 25.00401, 0.0 ], [ 122.0016, 25.00402, 0.0 ], [ 122.0021, 25.00398, 0.0 ], [ 122.0021, 25.004, 0.0 ], [ 122.0022, 25.00407, 0.0 ], [ 122.0023, 25.00418, 0.0 ], [ 122.0024, 25.00434, 0.0 ], [ 122.0024, 25.00453, 0.0 ], [ 122.0025, 25.0046, 0.0 ], [ 122.0025, 25.00468, 0.0 ], [ 122.0025, 25.00473, 0.0 ], [ 122.0026, 25.00482, 0.0 ], [ 122.0026, 25.00486, 0.0 ], [ 122.0026, 25.00491, 0.0 ], [ 122.0027, 25.0051, 0.0 ], [ 122.0028, 25.00554, 0.0 ], [ 122.0028, 25.00566, 0.0 ], [ 122.003, 25.00625, 0.0 ], [ 122.0032, 25.00694, 0.0 ], [ 122.0033, 25.00757, 0.0 ], [ 122.0034, 25.0078, 0.0 ], [ 122.0035, 25.00808, 0.0 ], [ 122.0036, 25.00835, 0.0 ], [ 122.0036, 25.00841, 0.0 ], [ 122.0036, 25.00853, 0.0 ], [ 122.0036, 25.0086, 0.0 ], [ 122.0036, 25.00872, 0.0 ], [ 122.0036, 25.00883, 0.0 ], [ 122.0036, 25.00896, 0.0 ], [ 122.0036, 25.00908, 0.0 ], [ 122.0036, 25.00926, 0.0 ], [ 122.0035, 25.00944, 0.0 ], [ 122.0035, 25.00953, 0.0 ], [ 122.0035, 25.00973, 0.0 ], [ 122.0034, 25.01001, 0.0 ], [ 122.0033, 25.01017, 0.0 ], [ 122.0031, 25.01057, 0.0 ], [ 122.003, 25.0107, 0.0 ], [ 122.0029, 25.01092, 0.0 ], [ 122.0028, 25.01102, 0.0 ], [ 122.0026, 25.01122, 0.0 ], [ 122.0025, 25.0113, 0.0 ], [ 122.0024, 25.01139, 0.0 ], [ 122.0022, 25.01149, 0.0 ], [ 122.002, 25.01161, 0.0 ], [ 122.0018, 25.01171, 0.0 ], [ 122.002, 25.01195, 0.0 ], [ 122.0021, 25.01226, 0.0 ], [ 122.0021, 25.01232, 0.0 ], [ 122.0023, 25.01247, 0.0 ], [ 122.0023, 25.01249, 0.0 ], [ 122.0023, 25.01253, 0.0 ], [ 122.0023, 25.0126, 0.0 ], [ 122.0023, 25.01263, 0.0 ], [ 122.0022, 25.01267, 0.0 ], [ 122.0022, 25.0127, 0.0 ], [ 122.0022, 25.01273, 0.0 ], [ 122.002, 25.01283, 0.0 ], [ 122.0017, 25.01297, 0.0 ], [ 122.0017, 25.013, 0.0 ], [ 122.0016, 25.01302, 0.0 ], [ 122.0015, 25.01306, 0.0 ], [ 122.0014, 25.01311, 0.0 ], [ 122.0014, 25.01312, 0.0 ], [ 122.0014, 25.01314, 0.0 ], [ 122.0014, 25.01316, 0.0 ], [ 122.0014, 25.01319, 0.0 ], [ 122.0013, 25.0134, 0.0 ], [ 122.0013, 25.01343, 0.0 ], [ 122.0013, 25.01347, 0.0 ], [ 122.0013, 25.01353, 0.0 ], [ 122.0013, 25.01354, 0.0 ], [ 122.0013, 25.01361, 0.0 ], [ 122.0014, 25.01362, 0.0 ], [ 122.0014, 25.01364, 0.0 ], [ 122.0014, 25.01365, 0.0 ], [ 122.0015, 25.01373, 0.0 ], [ 122.0015, 25.01381, 0.0 ], [ 122.0016, 25.01385, 0.0 ], [ 122.0015, 25.0139, 0.0 ], [ 122.0013, 25.01408, 0.0 ], [ 122.0011, 25.01421, 0.0 ], [ 122.0008, 25.01444, 0.0 ], [ 122.0001, 25.01509, 0.0 ], [ 122.0, 25.01513, 0.0 ], [ 121.9987, 25.01653, 0.0 ], [ 121.9987, 25.0166, 0.0 ], [ 121.9987, 25.01661, 0.0 ], [ 121.9986, 25.01662, 0.0 ], [ 121.9985, 25.01661, 0.0 ], [ 121.9984, 25.01658, 0.0 ], [ 121.9984, 25.01657, 0.0 ], [ 121.9984, 25.01655, 0.0 ], [ 121.9983, 25.01652, 0.0 ], [ 121.9983, 25.01647, 0.0 ], [ 121.9983, 25.01644, 0.0 ], [ 121.9982, 25.01637, 0.0 ], [ 121.9982, 25.01634, 0.0 ], [ 121.9982, 25.01589, 0.0 ], [ 121.9982, 25.01582, 0.0 ], [ 121.9982, 25.01572, 0.0 ], [ 121.9982, 25.0157, 0.0 ], [ 121.9982, 25.0154, 0.0 ], [ 121.9982, 25.01574, 0.0 ], [ 121.9982, 25.01576, 0.0 ], [ 121.9981, 25.01583, 0.0 ], [ 121.9981, 25.01592, 0.0 ], [ 121.9981, 25.01605, 0.0 ], [ 121.9981, 25.01618, 0.0 ], [ 121.9981, 25.01629, 0.0 ], [ 121.9981, 25.01643, 0.0 ], [ 121.998, 25.01653, 0.0 ], [ 121.998, 25.01654, 0.0 ], [ 121.998, 25.01657, 0.0 ], [ 121.998, 25.01661, 0.0 ], [ 121.998, 25.01665, 0.0 ], [ 121.9979, 25.01667, 0.0 ], [ 121.9978, 25.01679, 0.0 ], [ 121.9977, 25.01691, 0.0 ], [ 121.9976, 25.01698, 0.0 ], [ 121.9975, 25.017, 0.0 ], [ 121.9973, 25.01706, 0.0 ], [ 121.9971, 25.01707, 0.0 ], [ 121.9969, 25.01706, 0.0 ], [ 121.9968, 25.01705, 0.0 ], [ 121.9965, 25.01688, 0.0 ], [ 121.9963, 25.01676, 0.0 ], [ 121.9961, 25.01648, 0.0 ], [ 121.9959, 25.01625, 0.0 ], [ 121.9955, 25.01576, 0.0 ], [ 121.9953, 25.01544, 0.0 ], [ 121.995, 25.01511, 0.0 ], [ 121.9948, 25.01482, 0.0 ], [ 121.9945, 25.01445, 0.0 ], [ 121.9942, 25.01403, 0.0 ], [ 121.9939, 25.01367, 0.0 ], [ 121.9937, 25.01336, 0.0 ], [ 121.9935, 25.01312, 0.0 ], [ 121.9933, 25.01282, 0.0 ], [ 121.9933, 25.01278, 0.0 ], [ 121.993, 25.01247, 0.0 ], [ 121.9929, 25.01241, 0.0 ], [ 121.9928, 25.01235, 0.0 ], [ 121.9928, 25.01231, 0.0 ], [ 121.9925, 25.01225, 0.0 ], [ 121.9924, 25.01225, 0.0 ], [ 121.9924, 25.01224, 0.0 ], [ 121.9922, 25.01221, 0.0 ], [ 121.9921, 25.01218, 0.0 ], [ 121.9919, 25.01216, 0.0 ], [ 121.9917, 25.01212, 0.0 ], [ 121.9914, 25.01207, 0.0 ], [ 121.9913, 25.01206, 0.0 ], [ 121.9911, 25.01205, 0.0 ], [ 121.9908, 25.01204, 0.0 ], [ 121.9907, 25.01204, 0.0 ], [ 121.9906, 25.01205, 0.0 ], [ 121.9905, 25.01206, 0.0 ], [ 121.9903, 25.01212, 0.0 ], [ 121.9902, 25.01218, 0.0 ], [ 121.9901, 25.01224, 0.0 ], [ 121.9899, 25.01235, 0.0 ], [ 121.9899, 25.01237, 0.0 ], [ 121.9897, 25.01253, 0.0 ], [ 121.9897, 25.01258, 0.0 ], [ 121.9897, 25.01265, 0.0 ], [ 121.9897, 25.0127, 0.0 ], [ 121.9897, 25.01286, 0.0 ], [ 121.9897, 25.0129, 0.0 ], [ 121.9897, 25.01293, 0.0 ], [ 121.9896, 25.01304, 0.0 ], [ 121.9896, 25.0131, 0.0 ], [ 121.9895, 25.01317, 0.0 ], [ 121.9895, 25.0132, 0.0 ], [ 121.9895, 25.01322, 0.0 ], [ 121.9894, 25.01339, 0.0 ], [ 121.9893, 25.01358, 0.0 ], [ 121.9893, 25.01365, 0.0 ], [ 121.9893, 25.01372, 0.0 ], [ 121.9892, 25.01393, 0.0 ], [ 121.9892, 25.01438, 0.0 ], [ 121.9892, 25.01528, 0.0 ], [ 121.9893, 25.01583, 0.0 ], [ 121.9893, 25.016, 0.0 ], [ 121.9891, 25.01606, 0.0 ], [ 121.9891, 25.01611, 0.0 ], [ 121.9891, 25.01677, 0.0 ], [ 121.989, 25.01683, 0.0 ], [ 121.989, 25.01716, 0.0 ], [ 121.989, 25.01719, 0.0 ], [ 121.9886, 25.01718, 0.0 ], [ 121.9885, 25.0172, 0.0 ], [ 121.9885, 25.01724, 0.0 ], [ 121.9885, 25.01762, 0.0 ], [ 121.9885, 25.01784, 0.0 ], [ 121.9885, 25.01793, 0.0 ], [ 121.9885, 25.01795, 0.0 ], [ 121.9885, 25.01814, 0.0 ], [ 121.9885, 25.01818, 0.0 ], [ 121.9885, 25.01825, 0.0 ], [ 121.9885, 25.01845, 0.0 ], [ 121.9884, 25.01859, 0.0 ], [ 121.9884, 25.0187, 0.0 ], [ 121.9884, 25.01879, 0.0 ], [ 121.9883, 25.01896, 0.0 ], [ 121.9883, 25.019, 0.0 ], [ 121.9883, 25.01913, 0.0 ], [ 121.9883, 25.01919, 0.0 ], [ 121.9883, 25.01925, 0.0 ], [ 121.9882, 25.01934, 0.0 ], [ 121.9882, 25.0194, 0.0 ], [ 121.988, 25.01953, 0.0 ], [ 121.9878, 25.01961, 0.0 ], [ 121.9878, 25.01962, 0.0 ], [ 121.9876, 25.01976, 0.0 ], [ 121.9876, 25.0198, 0.0 ], [ 121.9875, 25.01983, 0.0 ], [ 121.9874, 25.01983, 0.0 ], [ 121.9874, 25.01984, 0.0 ], [ 121.9873, 25.01984, 0.0 ], [ 121.9873, 25.01983, 0.0 ], [ 121.9873, 25.01984, 0.0 ], [ 121.9872, 25.01984, 0.0 ], [ 121.9872, 25.0199, 0.0 ], [ 121.9872, 25.01993, 0.0 ], [ 121.9872, 25.01994, 0.0 ], [ 121.9869, 25.01991, 0.0 ], [ 121.9866, 25.02001, 0.0 ], [ 121.9863, 25.02015, 0.0 ], [ 121.986, 25.02041, 0.0 ], [ 121.9857, 25.02071, 0.0 ], [ 121.9856, 25.02083, 0.0 ], [ 121.9855, 25.02089, 0.0 ], [ 121.9855, 25.0209, 0.0 ], [ 121.9855, 25.02094, 0.0 ], [ 121.9856, 25.02097, 0.0 ], [ 121.9856, 25.02101, 0.0 ], [ 121.9857, 25.02121, 0.0 ], [ 121.9858, 25.02133, 0.0 ], [ 121.9858, 25.0214, 0.0 ], [ 121.9857, 25.02153, 0.0 ], [ 121.9856, 25.02159, 0.0 ], [ 121.9855, 25.02161, 0.0 ], [ 121.9854, 25.02169, 0.0 ], [ 121.9853, 25.02171, 0.0 ], [ 121.9852, 25.02175, 0.0 ], [ 121.9849, 25.02178, 0.0 ], [ 121.9849, 25.02179, 0.0 ], [ 121.9848, 25.02181, 0.0 ], [ 121.9848, 25.02184, 0.0 ], [ 121.9847, 25.02187, 0.0 ], [ 121.9847, 25.0219, 0.0 ], [ 121.9847, 25.02193, 0.0 ], [ 121.9845, 25.02197, 0.0 ], [ 121.9845, 25.02199, 0.0 ], [ 121.9845, 25.022, 0.0 ], [ 121.9845, 25.02203, 0.0 ], [ 121.9845, 25.02205, 0.0 ], [ 121.9845, 25.02208, 0.0 ], [ 121.9845, 25.0222, 0.0 ], [ 121.9845, 25.02223, 0.0 ], [ 121.9845, 25.02225, 0.0 ], [ 121.9844, 25.02226, 0.0 ], [ 121.9844, 25.02227, 0.0 ], [ 121.9843, 25.02232, 0.0 ], [ 121.9843, 25.02235, 0.0 ], [ 121.9843, 25.02236, 0.0 ], [ 121.9841, 25.02243, 0.0 ], [ 121.9839, 25.02251, 0.0 ], [ 121.9839, 25.0225, 0.0 ], [ 121.9839, 25.02249, 0.0 ], [ 121.9838, 25.02248, 0.0 ], [ 121.9838, 25.02246, 0.0 ], [ 121.9838, 25.02245, 0.0 ], [ 121.9837, 25.02245, 0.0 ], [ 121.9837, 25.02243, 0.0 ], [ 121.9837, 25.02242, 0.0 ], [ 121.9836, 25.0224, 0.0 ], [ 121.9836, 25.02239, 0.0 ], [ 121.9836, 25.02237, 0.0 ], [ 121.9836, 25.02234, 0.0 ], [ 121.9836, 25.02232, 0.0 ], [ 121.9836, 25.0223, 0.0 ], [ 121.9836, 25.02229, 0.0 ], [ 121.9836, 25.02227, 0.0 ], [ 121.9836, 25.02226, 0.0 ], [ 121.9836, 25.02224, 0.0 ], [ 121.9836, 25.02208, 0.0 ], [ 121.9835, 25.02198, 0.0 ], [ 121.9835, 25.02192, 0.0 ], [ 121.9835, 25.02188, 0.0 ], [ 121.9834, 25.02185, 0.0 ], [ 121.9834, 25.02182, 0.0 ], [ 121.9832, 25.02176, 0.0 ], [ 121.983, 25.02186, 0.0 ], [ 121.983, 25.02188, 0.0 ], [ 121.9829, 25.0219, 0.0 ], [ 121.9829, 25.02191, 0.0 ], [ 121.9828, 25.02193, 0.0 ], [ 121.9828, 25.02194, 0.0 ], [ 121.9828, 25.02196, 0.0 ], [ 121.9825, 25.0221, 0.0 ], [ 121.9823, 25.02218, 0.0 ], [ 121.9821, 25.02228, 0.0 ], [ 121.9818, 25.0224, 0.0 ], [ 121.9815, 25.0225, 0.0 ], [ 121.9813, 25.02258, 0.0 ], [ 121.9809, 25.02267, 0.0 ], [ 121.9806, 25.02279, 0.0 ], [ 121.9804, 25.02285, 0.0 ], [ 121.9801, 25.02301, 0.0 ], [ 121.98, 25.02306, 0.0 ], [ 121.9796, 25.02322, 0.0 ], [ 121.9793, 25.02335, 0.0 ], [ 121.9792, 25.02339, 0.0 ], [ 121.9791, 25.02345, 0.0 ], [ 121.9788, 25.02359, 0.0 ], [ 121.9785, 25.02369, 0.0 ], [ 121.9782, 25.02381, 0.0 ], [ 121.9779, 25.02384, 0.0 ], [ 121.9775, 25.02385, 0.0 ], [ 121.9774, 25.02386, 0.0 ], [ 121.9774, 25.02387, 0.0 ], [ 121.9773, 25.02387, 0.0 ], [ 121.9769, 25.02388, 0.0 ], [ 121.9768, 25.0239, 0.0 ], [ 121.9763, 25.02402, 0.0 ], [ 121.9758, 25.02417, 0.0 ], [ 121.9753, 25.0243, 0.0 ], [ 121.9749, 25.02435, 0.0 ], [ 121.9744, 25.02443, 0.0 ], [ 121.9741, 25.02446, 0.0 ], [ 121.974, 25.02447, 0.0 ], [ 121.9736, 25.02452, 0.0 ], [ 121.9732, 25.02456, 0.0 ], [ 121.9731, 25.02458, 0.0 ], [ 121.9727, 25.02462, 0.0 ], [ 121.9725, 25.02466, 0.0 ], [ 121.9724, 25.02466, 0.0 ], [ 121.9723, 25.02465, 0.0 ], [ 121.9722, 25.02466, 0.0 ], [ 121.9721, 25.02465, 0.0 ], [ 121.9718, 25.02461, 0.0 ], [ 121.9717, 25.02459, 0.0 ], [ 121.9716, 25.02462, 0.0 ], [ 121.9712, 25.02444, 0.0 ], [ 121.9706, 25.02419, 0.0 ], [ 121.9701, 25.02396, 0.0 ], [ 121.9698, 25.02382, 0.0 ], [ 121.9694, 25.02371, 0.0 ], [ 121.9691, 25.02363, 0.0 ], [ 121.9687, 25.02355, 0.0 ], [ 121.9685, 25.02353, 0.0 ], [ 121.9679, 25.02344, 0.0 ], [ 121.9674, 25.02332, 0.0 ], [ 121.9671, 25.02322, 0.0 ], [ 121.9671, 25.0232, 0.0 ], [ 121.9667, 25.02294, 0.0 ], [ 121.9665, 25.0228, 0.0 ], [ 121.9662, 25.02256, 0.0 ], [ 121.9658, 25.02221, 0.0 ], [ 121.9654, 25.02187, 0.0 ], [ 121.9652, 25.02168, 0.0 ], [ 121.9649, 25.02155, 0.0 ], [ 121.9646, 25.02148, 0.0 ], [ 121.9643, 25.02142, 0.0 ], [ 121.9639, 25.02133, 0.0 ], [ 121.9636, 25.02128, 0.0 ], [ 121.9634, 25.02123, 0.0 ], [ 121.9633, 25.02122, 0.0 ], [ 121.9633, 25.02121, 0.0 ], [ 121.9632, 25.0212, 0.0 ], [ 121.9632, 25.02118, 0.0 ], [ 121.9632, 25.02116, 0.0 ], [ 121.963, 25.02108, 0.0 ], [ 121.9629, 25.02105, 0.0 ], [ 121.9626, 25.02092, 0.0 ], [ 121.9624, 25.0208, 0.0 ], [ 121.9623, 25.02075, 0.0 ], [ 121.9621, 25.0207, 0.0 ], [ 121.9621, 25.02068, 0.0 ], [ 121.9619, 25.02059, 0.0 ], [ 121.9618, 25.02056, 0.0 ], [ 121.9615, 25.02054, 0.0 ], [ 121.9611, 25.02056, 0.0 ], [ 121.961, 25.02056, 0.0 ], [ 121.9609, 25.02057, 0.0 ], [ 121.9607, 25.02059, 0.0 ], [ 121.9604, 25.02062, 0.0 ], [ 121.9602, 25.02064, 0.0 ], [ 121.9601, 25.02064, 0.0 ], [ 121.9598, 25.02061, 0.0 ], [ 121.9596, 25.02049, 0.0 ], [ 121.9591, 25.02031, 0.0 ], [ 121.9588, 25.02016, 0.0 ], [ 121.9588, 25.02015, 0.0 ], [ 121.9585, 25.01999, 0.0 ], [ 121.958, 25.01978, 0.0 ], [ 121.9579, 25.01972, 0.0 ], [ 121.9578, 25.01971, 0.0 ], [ 121.9577, 25.0197, 0.0 ], [ 121.9576, 25.0197, 0.0 ], [ 121.9573, 25.01966, 0.0 ], [ 121.9572, 25.01967, 0.0 ], [ 121.9572, 25.01968, 0.0 ], [ 121.9568, 25.01982, 0.0 ], [ 121.9565, 25.01999, 0.0 ], [ 121.9564, 25.02004, 0.0 ], [ 121.956, 25.0202, 0.0 ], [ 121.9556, 25.02038, 0.0 ], [ 121.9554, 25.02047, 0.0 ], [ 121.955, 25.02067, 0.0 ], [ 121.9546, 25.02087, 0.0 ], [ 121.9542, 25.02106, 0.0 ], [ 121.9539, 25.02115, 0.0 ], [ 121.9538, 25.02119, 0.0 ], [ 121.9536, 25.0212, 0.0 ], [ 121.9534, 25.02116, 0.0 ], [ 121.9534, 25.02115, 0.0 ], [ 121.9533, 25.02114, 0.0 ], [ 121.9532, 25.02112, 0.0 ], [ 121.9532, 25.0211, 0.0 ], [ 121.9527, 25.02087, 0.0 ], [ 121.9526, 25.0208, 0.0 ], [ 121.9525, 25.02077, 0.0 ], [ 121.9525, 25.02075, 0.0 ], [ 121.9524, 25.02071, 0.0 ], [ 121.9519, 25.02052, 0.0 ], [ 121.9517, 25.02093, 0.0 ], [ 121.9517, 25.02097, 0.0 ], [ 121.9517, 25.02102, 0.0 ], [ 121.9516, 25.02105, 0.0 ], [ 121.9516, 25.02106, 0.0 ], [ 121.9516, 25.02107, 0.0 ], [ 121.9515, 25.02107, 0.0 ], [ 121.9514, 25.02108, 0.0 ], [ 121.9513, 25.02108, 0.0 ], [ 121.9512, 25.02109, 0.0 ], [ 121.9512, 25.02111, 0.0 ], [ 121.9511, 25.02111, 0.0 ], [ 121.951, 25.0211, 0.0 ], [ 121.951, 25.02109, 0.0 ], [ 121.9509, 25.02108, 0.0 ], [ 121.9508, 25.02103, 0.0 ], [ 121.9507, 25.02102, 0.0 ], [ 121.9507, 25.0211, 0.0 ], [ 121.9506, 25.02112, 0.0 ], [ 121.9505, 25.02109, 0.0 ], [ 121.9504, 25.02105, 0.0 ], [ 121.9503, 25.02096, 0.0 ], [ 121.9502, 25.02073, 0.0 ], [ 121.9501, 25.02047, 0.0 ], [ 121.9501, 25.02018, 0.0 ], [ 121.9501, 25.02001, 0.0 ], [ 121.9501, 25.01987, 0.0 ], [ 121.9502, 25.0197, 0.0 ], [ 121.9502, 25.01941, 0.0 ], [ 121.9501, 25.01942, 0.0 ], [ 121.9499, 25.01943, 0.0 ], [ 121.9498, 25.01943, 0.0 ], [ 121.9498, 25.01946, 0.0 ], [ 121.9497, 25.01947, 0.0 ], [ 121.9496, 25.01947, 0.0 ], [ 121.9494, 25.01943, 0.0 ], [ 121.9493, 25.01943, 0.0 ], [ 121.9492, 25.01944, 0.0 ], [ 121.9492, 25.01945, 0.0 ], [ 121.9492, 25.01947, 0.0 ], [ 121.9491, 25.01947, 0.0 ], [ 121.9491, 25.01946, 0.0 ], [ 121.9491, 25.01945, 0.0 ], [ 121.949, 25.01939, 0.0 ], [ 121.949, 25.01937, 0.0 ], [ 121.9489, 25.01938, 0.0 ], [ 121.9488, 25.01939, 0.0 ], [ 121.9487, 25.0194, 0.0 ], [ 121.9485, 25.01941, 0.0 ], [ 121.9484, 25.01942, 0.0 ], [ 121.9483, 25.01944, 0.0 ], [ 121.9483, 25.01949, 0.0 ], [ 121.9482, 25.01952, 0.0 ], [ 121.9479, 25.01954, 0.0 ], [ 121.9477, 25.01954, 0.0 ], [ 121.9476, 25.01952, 0.0 ], [ 121.9475, 25.01948, 0.0 ], [ 121.9474, 25.01939, 0.0 ], [ 121.9472, 25.01931, 0.0 ], [ 121.9471, 25.01928, 0.0 ], [ 121.9471, 25.01922, 0.0 ], [ 121.947, 25.01914, 0.0 ], [ 121.947, 25.01913, 0.0 ], [ 121.947, 25.01911, 0.0 ], [ 121.947, 25.0191, 0.0 ], [ 121.947, 25.01907, 0.0 ], [ 121.947, 25.01899, 0.0 ], [ 121.947, 25.01898, 0.0 ], [ 121.947, 25.01894, 0.0 ], [ 121.9469, 25.01884, 0.0 ], [ 121.9469, 25.01874, 0.0 ], [ 121.9469, 25.0187, 0.0 ], [ 121.9469, 25.01866, 0.0 ], [ 121.9469, 25.01862, 0.0 ], [ 121.9468, 25.01846, 0.0 ], [ 121.9464, 25.01841, 0.0 ], [ 121.9461, 25.01786, 0.0 ], [ 121.9457, 25.01813, 0.0 ], [ 121.9455, 25.018, 0.0 ], [ 121.9453, 25.018, 0.0 ], [ 121.9453, 25.01797, 0.0 ], [ 121.9451, 25.01746, 0.0 ], [ 121.9451, 25.01722, 0.0 ], [ 121.9449, 25.01672, 0.0 ], [ 121.9443, 25.01659, 0.0 ], [ 121.9435, 25.01651, 0.0 ], [ 121.9434, 25.0165, 0.0 ], [ 121.9431, 25.0165, 0.0 ], [ 121.9428, 25.01653, 0.0 ], [ 121.9424, 25.01665, 0.0 ], [ 121.942, 25.01681, 0.0 ], [ 121.9416, 25.01705, 0.0 ], [ 121.9412, 25.01727, 0.0 ], [ 121.9403, 25.01794, 0.0 ], [ 121.9399, 25.01818, 0.0 ], [ 121.9396, 25.01829, 0.0 ], [ 121.9393, 25.01836, 0.0 ], [ 121.9386, 25.01838, 0.0 ], [ 121.9385, 25.01838, 0.0 ], [ 121.9382, 25.01837, 0.0 ], [ 121.9373, 25.01826, 0.0 ], [ 121.9366, 25.01822, 0.0 ], [ 121.936, 25.01821, 0.0 ], [ 121.9354, 25.01825, 0.0 ], [ 121.9349, 25.01833, 0.0 ], [ 121.9344, 25.01845, 0.0 ], [ 121.934, 25.01857, 0.0 ], [ 121.9336, 25.0188, 0.0 ], [ 121.9332, 25.01902, 0.0 ], [ 121.9323, 25.01808, 0.0 ], [ 121.9319, 25.01765, 0.0 ], [ 121.9317, 25.01756, 0.0 ], [ 121.9316, 25.01753, 0.0 ], [ 121.9315, 25.01754, 0.0 ], [ 121.931, 25.01763, 0.0 ], [ 121.9308, 25.01761, 0.0 ], [ 121.9306, 25.01759, 0.0 ], [ 121.9284, 25.01719, 0.0 ], [ 121.928, 25.01719, 0.0 ], [ 121.9275, 25.01723, 0.0 ], [ 121.9273, 25.01723, 0.0 ], [ 121.9271, 25.01715, 0.0 ], [ 121.927, 25.01698, 0.0 ], [ 121.9269, 25.01682, 0.0 ], [ 121.927, 25.01666, 0.0 ], [ 121.9271, 25.0161, 0.0 ], [ 121.9271, 25.01584, 0.0 ], [ 121.9271, 25.01568, 0.0 ], [ 121.9271, 25.01534, 0.0 ], [ 121.9271, 25.01515, 0.0 ], [ 121.927, 25.01494, 0.0 ], [ 121.9269, 25.01467, 0.0 ], [ 121.9268, 25.01449, 0.0 ], [ 121.9266, 25.01395, 0.0 ], [ 121.9264, 25.01371, 0.0 ], [ 121.9262, 25.01308, 0.0 ], [ 121.9261, 25.01293, 0.0 ], [ 121.9261, 25.01288, 0.0 ], [ 121.9259, 25.01267, 0.0 ], [ 121.9256, 25.01233, 0.0 ], [ 121.925, 25.01181, 0.0 ], [ 121.9246, 25.01139, 0.0 ], [ 121.9244, 25.01076, 0.0 ], [ 121.924, 25.01024, 0.0 ], [ 121.9239, 25.01008, 0.0 ], [ 121.9238, 25.01001, 0.0 ], [ 121.9236, 25.00994, 0.0 ], [ 121.9235, 25.00992, 0.0 ], [ 121.9217, 25.00989, 0.0 ], [ 121.9212, 25.00993, 0.0 ], [ 121.9211, 25.00996, 0.0 ], [ 121.9209, 25.00998, 0.0 ], [ 121.9208, 25.01002, 0.0 ], [ 121.9207, 25.01007, 0.0 ], [ 121.9206, 25.01011, 0.0 ], [ 121.9202, 25.01026, 0.0 ], [ 121.9201, 25.01035, 0.0 ], [ 121.9198, 25.01045, 0.0 ], [ 121.9196, 25.01049, 0.0 ], [ 121.9192, 25.01051, 0.0 ], [ 121.9185, 25.01057, 0.0 ], [ 121.9183, 25.01064, 0.0 ], [ 121.9182, 25.01068, 0.0 ], [ 121.9177, 25.01108, 0.0 ], [ 121.9172, 25.01139, 0.0 ], [ 121.9169, 25.01167, 0.0 ], [ 121.9167, 25.01178, 0.0 ], [ 121.9164, 25.01189, 0.0 ], [ 121.9159, 25.01205, 0.0 ], [ 121.9158, 25.01212, 0.0 ], [ 121.9156, 25.01221, 0.0 ], [ 121.9154, 25.01231, 0.0 ], [ 121.9154, 25.01241, 0.0 ], [ 121.9153, 25.01251, 0.0 ], [ 121.9152, 25.01333, 0.0 ], [ 121.9151, 25.01362, 0.0 ], [ 121.9151, 25.01382, 0.0 ], [ 121.915, 25.01461, 0.0 ], [ 121.9149, 25.01476, 0.0 ], [ 121.9149, 25.01488, 0.0 ], [ 121.9143, 25.01565, 0.0 ], [ 121.9141, 25.01575, 0.0 ], [ 121.9141, 25.01576, 0.0 ], [ 121.9141, 25.01579, 0.0 ], [ 121.9141, 25.01583, 0.0 ], [ 121.914, 25.01588, 0.0 ], [ 121.9139, 25.01594, 0.0 ], [ 121.9138, 25.01599, 0.0 ], [ 121.9137, 25.01605, 0.0 ], [ 121.9137, 25.01606, 0.0 ], [ 121.9136, 25.01607, 0.0 ], [ 121.913, 25.01625, 0.0 ], [ 121.9129, 25.01629, 0.0 ], [ 121.9128, 25.01632, 0.0 ], [ 121.9127, 25.01636, 0.0 ], [ 121.9126, 25.01642, 0.0 ], [ 121.9125, 25.01649, 0.0 ], [ 121.9124, 25.01654, 0.0 ], [ 121.9116, 25.0171, 0.0 ], [ 121.9114, 25.0172, 0.0 ], [ 121.9114, 25.01725, 0.0 ], [ 121.9113, 25.01727, 0.0 ], [ 121.9112, 25.01731, 0.0 ], [ 121.9111, 25.01734, 0.0 ], [ 121.911, 25.01736, 0.0 ], [ 121.9108, 25.01739, 0.0 ], [ 121.9107, 25.01738, 0.0 ], [ 121.9106, 25.01736, 0.0 ], [ 121.9106, 25.01735, 0.0 ], [ 121.9105, 25.01733, 0.0 ], [ 121.9104, 25.01724, 0.0 ], [ 121.9101, 25.01697, 0.0 ], [ 121.91, 25.01689, 0.0 ], [ 121.9099, 25.01685, 0.0 ], [ 121.9089, 25.01646, 0.0 ], [ 121.9088, 25.01645, 0.0 ], [ 121.9087, 25.01644, 0.0 ], [ 121.9086, 25.01645, 0.0 ], [ 121.9085, 25.01646, 0.0 ], [ 121.9085, 25.01648, 0.0 ], [ 121.9084, 25.01652, 0.0 ], [ 121.9083, 25.01656, 0.0 ], [ 121.9083, 25.01661, 0.0 ], [ 121.9083, 25.01665, 0.0 ], [ 121.9082, 25.01672, 0.0 ], [ 121.9081, 25.01703, 0.0 ], [ 121.9079, 25.01753, 0.0 ], [ 121.9079, 25.01768, 0.0 ], [ 121.9078, 25.01777, 0.0 ], [ 121.9078, 25.01783, 0.0 ], [ 121.9078, 25.01786, 0.0 ], [ 121.9078, 25.0181, 0.0 ], [ 121.9076, 25.01879, 0.0 ], [ 121.9075, 25.01891, 0.0 ], [ 121.9075, 25.01897, 0.0 ], [ 121.9075, 25.01907, 0.0 ], [ 121.9075, 25.01921, 0.0 ], [ 121.9074, 25.01934, 0.0 ], [ 121.9075, 25.01951, 0.0 ], [ 121.9075, 25.01976, 0.0 ], [ 121.9075, 25.01992, 0.0 ], [ 121.9075, 25.02004, 0.0 ], [ 121.9075, 25.02009, 0.0 ], [ 121.9075, 25.02017, 0.0 ], [ 121.9075, 25.02024, 0.0 ], [ 121.9075, 25.02029, 0.0 ], [ 121.9075, 25.02035, 0.0 ], [ 121.9073, 25.0204, 0.0 ], [ 121.907, 25.02052, 0.0 ], [ 121.9066, 25.02063, 0.0 ], [ 121.9062, 25.02075, 0.0 ], [ 121.9061, 25.02079, 0.0 ], [ 121.9049, 25.02091, 0.0 ], [ 121.9047, 25.02091, 0.0 ], [ 121.9046, 25.02091, 0.0 ], [ 121.9045, 25.02091, 0.0 ], [ 121.9044, 25.0209, 0.0 ], [ 121.9042, 25.02087, 0.0 ], [ 121.9035, 25.02071, 0.0 ], [ 121.9034, 25.02069, 0.0 ], [ 121.9033, 25.02066, 0.0 ], [ 121.9031, 25.02064, 0.0 ], [ 121.9031, 25.02063, 0.0 ], [ 121.9029, 25.02063, 0.0 ], [ 121.9028, 25.02063, 0.0 ], [ 121.9027, 25.02065, 0.0 ], [ 121.9026, 25.02067, 0.0 ], [ 121.9024, 25.0207, 0.0 ], [ 121.9023, 25.02074, 0.0 ], [ 121.9023, 25.02075, 0.0 ], [ 121.9021, 25.02083, 0.0 ], [ 121.902, 25.02088, 0.0 ], [ 121.9019, 25.02099, 0.0 ], [ 121.9014, 25.02132, 0.0 ], [ 121.9011, 25.02149, 0.0 ], [ 121.901, 25.02153, 0.0 ], [ 121.9009, 25.02155, 0.0 ], [ 121.9008, 25.02156, 0.0 ], [ 121.9006, 25.02156, 0.0 ], [ 121.9002, 25.02156, 0.0 ], [ 121.9002, 25.02154, 0.0 ], [ 121.9001, 25.02153, 0.0 ], [ 121.9001, 25.0215, 0.0 ], [ 121.9, 25.02146, 0.0 ], [ 121.9, 25.02143, 0.0 ], [ 121.9, 25.02138, 0.0 ], [ 121.8999, 25.02127, 0.0 ], [ 121.8999, 25.0212, 0.0 ], [ 121.8997, 25.02076, 0.0 ], [ 121.8997, 25.02064, 0.0 ], [ 121.8996, 25.0206, 0.0 ], [ 121.8996, 25.02053, 0.0 ], [ 121.8995, 25.02049, 0.0 ], [ 121.8994, 25.02046, 0.0 ], [ 121.8994, 25.02044, 0.0 ], [ 121.8993, 25.02043, 0.0 ], [ 121.8992, 25.02044, 0.0 ], [ 121.8984, 25.02052, 0.0 ], [ 121.8982, 25.02054, 0.0 ], [ 121.8973, 25.02068, 0.0 ], [ 121.8968, 25.02079, 0.0 ], [ 121.8967, 25.0208, 0.0 ], [ 121.8966, 25.0208, 0.0 ], [ 121.8965, 25.02079, 0.0 ], [ 121.8962, 25.02073, 0.0 ], [ 121.8958, 25.02066, 0.0 ], [ 121.8957, 25.02065, 0.0 ], [ 121.8956, 25.02065, 0.0 ], [ 121.894, 25.02063, 0.0 ], [ 121.8938, 25.02064, 0.0 ], [ 121.8936, 25.02066, 0.0 ], [ 121.8934, 25.02072, 0.0 ], [ 121.8927, 25.0209, 0.0 ], [ 121.8924, 25.02097, 0.0 ], [ 121.8922, 25.02101, 0.0 ], [ 121.8922, 25.02103, 0.0 ], [ 121.892, 25.02109, 0.0 ], [ 121.8918, 25.02119, 0.0 ], [ 121.8917, 25.02127, 0.0 ], [ 121.8916, 25.02136, 0.0 ], [ 121.8916, 25.02138, 0.0 ], [ 121.8915, 25.02146, 0.0 ], [ 121.8912, 25.02168, 0.0 ], [ 121.891, 25.02188, 0.0 ], [ 121.8908, 25.02205, 0.0 ], [ 121.8901, 25.02272, 0.0 ], [ 121.8898, 25.02292, 0.0 ], [ 121.8898, 25.02295, 0.0 ], [ 121.8896, 25.02306, 0.0 ], [ 121.8893, 25.0232, 0.0 ], [ 121.8892, 25.02329, 0.0 ], [ 121.8891, 25.02333, 0.0 ], [ 121.8888, 25.02343, 0.0 ], [ 121.8887, 25.02345, 0.0 ], [ 121.8886, 25.02348, 0.0 ], [ 121.8885, 25.0235, 0.0 ], [ 121.8884, 25.02352, 0.0 ], [ 121.8882, 25.02353, 0.0 ], [ 121.8881, 25.02354, 0.0 ], [ 121.888, 25.02355, 0.0 ], [ 121.8878, 25.02355, 0.0 ], [ 121.8859, 25.02353, 0.0 ], [ 121.8859, 25.02352, 0.0 ], [ 121.8783, 25.0234, 0.0 ], [ 121.8782, 25.02341, 0.0 ], [ 121.878, 25.02341, 0.0 ], [ 121.8772, 25.02341, 0.0 ], [ 121.8772, 25.0234, 0.0 ], [ 121.8771, 25.0234, 0.0 ], [ 121.877, 25.0234, 0.0 ], [ 121.8766, 25.02343, 0.0 ], [ 121.8765, 25.02344, 0.0 ], [ 121.8763, 25.02349, 0.0 ], [ 121.8761, 25.02355, 0.0 ], [ 121.8759, 25.02362, 0.0 ], [ 121.8758, 25.02369, 0.0 ], [ 121.8756, 25.02375, 0.0 ], [ 121.8755, 25.02383, 0.0 ], [ 121.8753, 25.02396, 0.0 ], [ 121.8752, 25.02405, 0.0 ], [ 121.8751, 25.02413, 0.0 ], [ 121.875, 25.02417, 0.0 ], [ 121.875, 25.02419, 0.0 ], [ 121.875, 25.02422, 0.0 ], [ 121.875, 25.02424, 0.0 ], [ 121.875, 25.02425, 0.0 ], [ 121.8749, 25.0243, 0.0 ], [ 121.8745, 25.02474, 0.0 ], [ 121.8744, 25.02479, 0.0 ], [ 121.8744, 25.02484, 0.0 ], [ 121.8743, 25.02491, 0.0 ], [ 121.8743, 25.02497, 0.0 ], [ 121.8741, 25.02516, 0.0 ], [ 121.874, 25.02521, 0.0 ], [ 121.874, 25.02524, 0.0 ], [ 121.874, 25.02527, 0.0 ], [ 121.8739, 25.02535, 0.0 ], [ 121.8738, 25.02539, 0.0 ], [ 121.8736, 25.02557, 0.0 ], [ 121.8736, 25.02562, 0.0 ], [ 121.8735, 25.02567, 0.0 ], [ 121.8733, 25.02582, 0.0 ], [ 121.8732, 25.0259, 0.0 ], [ 121.8731, 25.02594, 0.0 ], [ 121.873, 25.02602, 0.0 ], [ 121.873, 25.02607, 0.0 ], [ 121.8729, 25.02612, 0.0 ], [ 121.8729, 25.02616, 0.0 ], [ 121.8728, 25.02617, 0.0 ], [ 121.8727, 25.02622, 0.0 ], [ 121.8726, 25.0263, 0.0 ], [ 121.8723, 25.02642, 0.0 ], [ 121.8723, 25.02647, 0.0 ], [ 121.8719, 25.02663, 0.0 ], [ 121.8718, 25.0267, 0.0 ], [ 121.8716, 25.02681, 0.0 ], [ 121.8715, 25.02686, 0.0 ], [ 121.8715, 25.02691, 0.0 ], [ 121.8713, 25.02698, 0.0 ], [ 121.8713, 25.02703, 0.0 ], [ 121.8712, 25.02707, 0.0 ], [ 121.871, 25.0272, 0.0 ], [ 121.871, 25.02725, 0.0 ], [ 121.8709, 25.02734, 0.0 ], [ 121.8709, 25.02738, 0.0 ], [ 121.8708, 25.02743, 0.0 ], [ 121.8707, 25.02752, 0.0 ], [ 121.8707, 25.02756, 0.0 ], [ 121.8707, 25.02759, 0.0 ], [ 121.8707, 25.02764, 0.0 ], [ 121.8706, 25.02772, 0.0 ], [ 121.8706, 25.02775, 0.0 ], [ 121.8705, 25.02794, 0.0 ], [ 121.8705, 25.02803, 0.0 ], [ 121.8704, 25.02831, 0.0 ], [ 121.8704, 25.02835, 0.0 ], [ 121.8704, 25.0284, 0.0 ], [ 121.8704, 25.02855, 0.0 ], [ 121.8704, 25.02859, 0.0 ], [ 121.8704, 25.02864, 0.0 ], [ 121.8704, 25.02872, 0.0 ], [ 121.8704, 25.02898, 0.0 ], [ 121.8704, 25.02904, 0.0 ], [ 121.8704, 25.02917, 0.0 ], [ 121.8704, 25.0294, 0.0 ], [ 121.8704, 25.02955, 0.0 ], [ 121.8704, 25.02967, 0.0 ], [ 121.8705, 25.02992, 0.0 ], [ 121.8705, 25.03002, 0.0 ], [ 121.8705, 25.03012, 0.0 ], [ 121.8705, 25.03028, 0.0 ], [ 121.8705, 25.03057, 0.0 ], [ 121.8705, 25.03065, 0.0 ], [ 121.8705, 25.03066, 0.0 ], [ 121.8705, 25.03069, 0.0 ], [ 121.8705, 25.03073, 0.0 ], [ 121.8705, 25.03076, 0.0 ], [ 121.8704, 25.03081, 0.0 ], [ 121.8704, 25.03084, 0.0 ], [ 121.8704, 25.03088, 0.0 ], [ 121.8704, 25.03091, 0.0 ], [ 121.8703, 25.03094, 0.0 ], [ 121.8703, 25.03098, 0.0 ], [ 121.8703, 25.031, 0.0 ], [ 121.8702, 25.03103, 0.0 ], [ 121.8702, 25.03104, 0.0 ], [ 121.8701, 25.03111, 0.0 ], [ 121.87, 25.03112, 0.0 ], [ 121.87, 25.03113, 0.0 ], [ 121.8699, 25.03114, 0.0 ], [ 121.8698, 25.03115, 0.0 ], [ 121.8697, 25.03115, 0.0 ], [ 121.8696, 25.03115, 0.0 ], [ 121.8695, 25.03115, 0.0 ], [ 121.8694, 25.03116, 0.0 ], [ 121.8693, 25.03117, 0.0 ], [ 121.8691, 25.0312, 0.0 ], [ 121.8689, 25.03127, 0.0 ], [ 121.8676, 25.03171, 0.0 ], [ 121.8668, 25.032, 0.0 ], [ 121.8663, 25.03222, 0.0 ], [ 121.8654, 25.03263, 0.0 ], [ 121.8651, 25.0328, 0.0 ], [ 121.865, 25.03282, 0.0 ], [ 121.8637, 25.03348, 0.0 ], [ 121.8632, 25.03393, 0.0 ], [ 121.8625, 25.03457, 0.0 ], [ 121.8624, 25.03464, 0.0 ], [ 121.8621, 25.03487, 0.0 ], [ 121.8616, 25.03501, 0.0 ], [ 121.8614, 25.03507, 0.0 ], [ 121.8611, 25.03511, 0.0 ], [ 121.8606, 25.03511, 0.0 ], [ 121.8602, 25.03504, 0.0 ], [ 121.8595, 25.03486, 0.0 ], [ 121.8588, 25.03477, 0.0 ], [ 121.8584, 25.03477, 0.0 ], [ 121.858, 25.03482, 0.0 ], [ 121.8567, 25.03515, 0.0 ], [ 121.8553, 25.03553, 0.0 ], [ 121.8539, 25.03592, 0.0 ], [ 121.8531, 25.03601, 0.0 ], [ 121.853, 25.03602, 0.0 ], [ 121.8524, 25.036, 0.0 ], [ 121.852, 25.03597, 0.0 ], [ 121.8518, 25.03591, 0.0 ], [ 121.8516, 25.03587, 0.0 ], [ 121.8514, 25.0358, 0.0 ], [ 121.8513, 25.03577, 0.0 ], [ 121.8513, 25.03576, 0.0 ], [ 121.8513, 25.03575, 0.0 ], [ 121.8512, 25.03571, 0.0 ], [ 121.8501, 25.03533, 0.0 ], [ 121.8498, 25.03523, 0.0 ], [ 121.8497, 25.0352, 0.0 ], [ 121.8496, 25.03518, 0.0 ], [ 121.8495, 25.03515, 0.0 ], [ 121.8493, 25.03514, 0.0 ], [ 121.8493, 25.03513, 0.0 ], [ 121.849, 25.03512, 0.0 ], [ 121.8486, 25.03512, 0.0 ], [ 121.8482, 25.03511, 0.0 ], [ 121.8476, 25.03505, 0.0 ], [ 121.8475, 25.03503, 0.0 ], [ 121.8474, 25.03499, 0.0 ], [ 121.8469, 25.0349, 0.0 ], [ 121.8465, 25.03484, 0.0 ], [ 121.8463, 25.03482, 0.0 ], [ 121.846, 25.03481, 0.0 ], [ 121.8458, 25.03481, 0.0 ], [ 121.8455, 25.03481, 0.0 ], [ 121.8452, 25.03483, 0.0 ], [ 121.8444, 25.03489, 0.0 ], [ 121.8439, 25.03493, 0.0 ], [ 121.8437, 25.03495, 0.0 ], [ 121.8434, 25.03496, 0.0 ], [ 121.843, 25.03496, 0.0 ], [ 121.8427, 25.03494, 0.0 ], [ 121.8425, 25.03491, 0.0 ], [ 121.8423, 25.03489, 0.0 ], [ 121.842, 25.03478, 0.0 ], [ 121.8416, 25.03465, 0.0 ], [ 121.8393, 25.03367, 0.0 ], [ 121.8393, 25.03365, 0.0 ], [ 121.8387, 25.0333, 0.0 ], [ 121.8382, 25.03291, 0.0 ], [ 121.8378, 25.03254, 0.0 ], [ 121.837, 25.03167, 0.0 ], [ 121.8365, 25.03111, 0.0 ], [ 121.8362, 25.03094, 0.0 ], [ 121.8359, 25.03074, 0.0 ], [ 121.8354, 25.0306, 0.0 ], [ 121.8344, 25.03041, 0.0 ], [ 121.834, 25.0303, 0.0 ], [ 121.8335, 25.03007, 0.0 ], [ 121.8331, 25.02995, 0.0 ], [ 121.8314, 25.02921, 0.0 ], [ 121.8311, 25.02909, 0.0 ], [ 121.8294, 25.02832, 0.0 ], [ 121.8274, 25.02748, 0.0 ], [ 121.8265, 25.02705, 0.0 ], [ 121.826, 25.02687, 0.0 ], [ 121.8247, 25.0263, 0.0 ], [ 121.822, 25.02513, 0.0 ], [ 121.8217, 25.025, 0.0 ], [ 121.8211, 25.02474, 0.0 ], [ 121.8211, 25.0247, 0.0 ], [ 121.821, 25.0247, 0.0 ], [ 121.8207, 25.02451, 0.0 ], [ 121.8202, 25.02431, 0.0 ], [ 121.8196, 25.02412, 0.0 ], [ 121.8191, 25.02392, 0.0 ], [ 121.8177, 25.02355, 0.0 ], [ 121.8171, 25.02341, 0.0 ], [ 121.8166, 25.02332, 0.0 ], [ 121.8163, 25.02327, 0.0 ], [ 121.8161, 25.02315, 0.0 ], [ 121.8159, 25.02306, 0.0 ], [ 121.8158, 25.023, 0.0 ], [ 121.8157, 25.02293, 0.0 ], [ 121.8156, 25.02283, 0.0 ], [ 121.8154, 25.02272, 0.0 ], [ 121.8154, 25.02263, 0.0 ], [ 121.8153, 25.02249, 0.0 ], [ 121.8152, 25.02242, 0.0 ], [ 121.8151, 25.02225, 0.0 ], [ 121.8149, 25.02196, 0.0 ], [ 121.8148, 25.02173, 0.0 ], [ 121.8148, 25.02169, 0.0 ], [ 121.8147, 25.0216, 0.0 ], [ 121.8147, 25.02155, 0.0 ], [ 121.8146, 25.02147, 0.0 ], [ 121.8145, 25.02137, 0.0 ], [ 121.8144, 25.02128, 0.0 ], [ 121.8143, 25.02124, 0.0 ], [ 121.8143, 25.02123, 0.0 ], [ 121.8142, 25.02116, 0.0 ], [ 121.8141, 25.02111, 0.0 ], [ 121.8138, 25.02101, 0.0 ], [ 121.8138, 25.021, 0.0 ], [ 121.8136, 25.02096, 0.0 ], [ 121.8135, 25.02094, 0.0 ], [ 121.8105, 25.02098, 0.0 ], [ 121.8098, 25.02097, 0.0 ], [ 121.8096, 25.02096, 0.0 ], [ 121.8092, 25.02091, 0.0 ], [ 121.8089, 25.02081, 0.0 ], [ 121.8085, 25.02067, 0.0 ], [ 121.8081, 25.02046, 0.0 ], [ 121.8079, 25.02028, 0.0 ], [ 121.8077, 25.02015, 0.0 ], [ 121.8075, 25.02002, 0.0 ], [ 121.8072, 25.01981, 0.0 ], [ 121.8069, 25.01953, 0.0 ], [ 121.8066, 25.01924, 0.0 ], [ 121.8062, 25.01883, 0.0 ], [ 121.806, 25.01875, 0.0 ], [ 121.8059, 25.01871, 0.0 ], [ 121.8058, 25.01868, 0.0 ], [ 121.8057, 25.01868, 0.0 ], [ 121.8057, 25.01866, 0.0 ], [ 121.8052, 25.01867, 0.0 ], [ 121.8048, 25.01881, 0.0 ], [ 121.8046, 25.01884, 0.0 ], [ 121.8044, 25.01887, 0.0 ], [ 121.8044, 25.01891, 0.0 ], [ 121.8042, 25.01892, 0.0 ], [ 121.804, 25.01896, 0.0 ], [ 121.8036, 25.01895, 0.0 ], [ 121.8034, 25.0189, 0.0 ], [ 121.8029, 25.01863, 0.0 ], [ 121.8028, 25.01855, 0.0 ], [ 121.8027, 25.01844, 0.0 ], [ 121.8026, 25.01836, 0.0 ], [ 121.8026, 25.01828, 0.0 ], [ 121.8025, 25.01813, 0.0 ], [ 121.8024, 25.01797, 0.0 ], [ 121.8022, 25.01768, 0.0 ], [ 121.802, 25.01731, 0.0 ], [ 121.8017, 25.01687, 0.0 ], [ 121.8016, 25.01678, 0.0 ], [ 121.8015, 25.01674, 0.0 ], [ 121.8013, 25.01659, 0.0 ], [ 121.8011, 25.01653, 0.0 ], [ 121.801, 25.01648, 0.0 ], [ 121.8008, 25.01643, 0.0 ], [ 121.8006, 25.0164, 0.0 ], [ 121.8004, 25.0164, 0.0 ], [ 121.8002, 25.01641, 0.0 ], [ 121.8, 25.01646, 0.0 ], [ 121.7977, 25.01712, 0.0 ], [ 121.7974, 25.01724, 0.0 ], [ 121.7972, 25.01731, 0.0 ], [ 121.797, 25.01739, 0.0 ], [ 121.7968, 25.01761, 0.0 ], [ 121.7967, 25.01766, 0.0 ], [ 121.7967, 25.01774, 0.0 ], [ 121.7966, 25.01782, 0.0 ], [ 121.7966, 25.01788, 0.0 ], [ 121.7965, 25.01803, 0.0 ], [ 121.7964, 25.01812, 0.0 ], [ 121.7964, 25.01831, 0.0 ], [ 121.7963, 25.0184, 0.0 ], [ 121.7962, 25.01851, 0.0 ], [ 121.7962, 25.01857, 0.0 ], [ 121.7961, 25.0187, 0.0 ], [ 121.7961, 25.01872, 0.0 ], [ 121.7961, 25.01876, 0.0 ], [ 121.796, 25.01882, 0.0 ], [ 121.796, 25.01887, 0.0 ], [ 121.7959, 25.01893, 0.0 ], [ 121.7958, 25.01895, 0.0 ], [ 121.7958, 25.019, 0.0 ], [ 121.7957, 25.01902, 0.0 ], [ 121.7957, 25.01904, 0.0 ], [ 121.7956, 25.01907, 0.0 ], [ 121.7955, 25.01908, 0.0 ], [ 121.7955, 25.0191, 0.0 ], [ 121.7955, 25.01911, 0.0 ], [ 121.7954, 25.01912, 0.0 ], [ 121.7953, 25.01913, 0.0 ], [ 121.7952, 25.01913, 0.0 ], [ 121.795, 25.01913, 0.0 ], [ 121.7946, 25.01914, 0.0 ], [ 121.7945, 25.01913, 0.0 ], [ 121.7944, 25.01912, 0.0 ], [ 121.7943, 25.01912, 0.0 ], [ 121.7941, 25.01914, 0.0 ], [ 121.7939, 25.01916, 0.0 ], [ 121.7936, 25.01924, 0.0 ], [ 121.7818, 25.02474, 0.0 ], [ 121.7812, 25.02503, 0.0 ], [ 121.7811, 25.02512, 0.0 ], [ 121.7808, 25.02536, 0.0 ], [ 121.7808, 25.02543, 0.0 ], [ 121.7807, 25.02552, 0.0 ], [ 121.7807, 25.02565, 0.0 ], [ 121.7806, 25.02574, 0.0 ], [ 121.7806, 25.02581, 0.0 ], [ 121.7806, 25.02593, 0.0 ], [ 121.7805, 25.0261, 0.0 ], [ 121.7805, 25.02629, 0.0 ], [ 121.7806, 25.02656, 0.0 ], [ 121.7806, 25.02777, 0.0 ], [ 121.7806, 25.02787, 0.0 ], [ 121.7806, 25.02798, 0.0 ], [ 121.7806, 25.02825, 0.0 ], [ 121.7805, 25.02855, 0.0 ], [ 121.7804, 25.02875, 0.0 ], [ 121.7803, 25.02886, 0.0 ], [ 121.7802, 25.02909, 0.0 ], [ 121.7799, 25.02955, 0.0 ], [ 121.7798, 25.0296, 0.0 ], [ 121.7794, 25.03027, 0.0 ], [ 121.7792, 25.03037, 0.0 ], [ 121.7792, 25.03043, 0.0 ], [ 121.7792, 25.03053, 0.0 ], [ 121.7789, 25.03089, 0.0 ], [ 121.7788, 25.03112, 0.0 ], [ 121.7788, 25.03125, 0.0 ], [ 121.7788, 25.03129, 0.0 ], [ 121.7787, 25.03139, 0.0 ], [ 121.7787, 25.03155, 0.0 ], [ 121.7787, 25.03167, 0.0 ], [ 121.7786, 25.03182, 0.0 ], [ 121.7786, 25.03197, 0.0 ], [ 121.7787, 25.03223, 0.0 ], [ 121.7787, 25.03249, 0.0 ], [ 121.7788, 25.0328, 0.0 ], [ 121.7793, 25.03415, 0.0 ], [ 121.7793, 25.03435, 0.0 ], [ 121.7794, 25.03451, 0.0 ], [ 121.7794, 25.03475, 0.0 ], [ 121.7794, 25.03484, 0.0 ], [ 121.7794, 25.03503, 0.0 ], [ 121.7794, 25.03541, 0.0 ], [ 121.7794, 25.03559, 0.0 ], [ 121.7793, 25.03595, 0.0 ], [ 121.7792, 25.03636, 0.0 ], [ 121.7792, 25.03664, 0.0 ], [ 121.7792, 25.0368, 0.0 ], [ 121.7792, 25.03702, 0.0 ], [ 121.7793, 25.03729, 0.0 ], [ 121.7794, 25.0375, 0.0 ], [ 121.7796, 25.03778, 0.0 ], [ 121.7796, 25.03785, 0.0 ], [ 121.7799, 25.03812, 0.0 ], [ 121.7799, 25.03819, 0.0 ], [ 121.78, 25.03825, 0.0 ], [ 121.78, 25.03836, 0.0 ], [ 121.7801, 25.0384, 0.0 ], [ 121.7801, 25.0385, 0.0 ], [ 121.7801, 25.03852, 0.0 ], [ 121.7801, 25.03862, 0.0 ], [ 121.7801, 25.0392, 0.0 ], [ 121.7799, 25.0399, 0.0 ], [ 121.7798, 25.04086, 0.0 ], [ 121.7799, 25.04161, 0.0 ], [ 121.7801, 25.04215, 0.0 ], [ 121.7804, 25.04296, 0.0 ], [ 121.7804, 25.04371, 0.0 ], [ 121.7804, 25.0444, 0.0 ], [ 121.7801, 25.0451, 0.0 ], [ 121.7797, 25.04563, 0.0 ], [ 121.7789, 25.04664, 0.0 ], [ 121.7779, 25.04772, 0.0 ], [ 121.7771, 25.04863, 0.0 ], [ 121.7766, 25.04906, 0.0 ], [ 121.7757, 25.04993, 0.0 ], [ 121.7753, 25.05032, 0.0 ], [ 121.775, 25.0506, 0.0 ], [ 121.7747, 25.05086, 0.0 ], [ 121.7738, 25.05145, 0.0 ], [ 121.7729, 25.0521, 0.0 ], [ 121.7724, 25.05282, 0.0 ], [ 121.7723, 25.05377, 0.0 ], [ 121.7721, 25.05451, 0.0 ], [ 121.7718, 25.05533, 0.0 ], [ 121.7713, 25.05609, 0.0 ], [ 121.7701, 25.05783, 0.0 ], [ 121.7676, 25.0613, 0.0 ], [ 121.7662, 25.06327, 0.0 ], [ 121.7617, 25.06955, 0.0 ], [ 121.7587, 25.07378, 0.0 ], [ 121.7582, 25.07446, 0.0 ], [ 121.758, 25.07467, 0.0 ], [ 121.7579, 25.07498, 0.0 ], [ 121.7578, 25.07522, 0.0 ], [ 121.7579, 25.07553, 0.0 ], [ 121.7579, 25.07567, 0.0 ], [ 121.7581, 25.07603, 0.0 ], [ 121.7581, 25.0762, 0.0 ], [ 121.758, 25.07642, 0.0 ], [ 121.7578, 25.07652, 0.0 ], [ 121.7576, 25.07653, 0.0 ], [ 121.7574, 25.07649, 0.0 ], [ 121.7573, 25.07637, 0.0 ], [ 121.7572, 25.07617, 0.0 ], [ 121.7571, 25.07589, 0.0 ], [ 121.7569, 25.07562, 0.0 ], [ 121.7567, 25.07551, 0.0 ], [ 121.7565, 25.07549, 0.0 ], [ 121.7563, 25.07558, 0.0 ], [ 121.7561, 25.07573, 0.0 ], [ 121.7561, 25.07593, 0.0 ], [ 121.7561, 25.07625, 0.0 ], [ 121.7561, 25.07651, 0.0 ], [ 121.7559, 25.07672, 0.0 ], [ 121.7556, 25.07688, 0.0 ], [ 121.7552, 25.07694, 0.0 ], [ 121.755, 25.07699, 0.0 ], [ 121.7548, 25.07703, 0.0 ], [ 121.7545, 25.07715, 0.0 ], [ 121.7542, 25.07725, 0.0 ], [ 121.7541, 25.07736, 0.0 ], [ 121.754, 25.0775, 0.0 ], [ 121.7539, 25.07762, 0.0 ], [ 121.7539, 25.07779, 0.0 ], [ 121.7539, 25.07798, 0.0 ], [ 121.7541, 25.07835, 0.0 ], [ 121.7541, 25.07848, 0.0 ], [ 121.754, 25.07862, 0.0 ], [ 121.754, 25.07873, 0.0 ], [ 121.7539, 25.07884, 0.0 ], [ 121.7536, 25.07907, 0.0 ], [ 121.7533, 25.07921, 0.0 ], [ 121.7531, 25.07927, 0.0 ], [ 121.7528, 25.07928, 0.0 ], [ 121.7527, 25.07932, 0.0 ], [ 121.7525, 25.07936, 0.0 ], [ 121.7524, 25.07937, 0.0 ], [ 121.7522, 25.07944, 0.0 ], [ 121.7521, 25.07953, 0.0 ], [ 121.752, 25.07967, 0.0 ], [ 121.7518, 25.07989, 0.0 ], [ 121.7517, 25.0802, 0.0 ], [ 121.7513, 25.08081, 0.0 ], [ 121.7512, 25.08102, 0.0 ], [ 121.7511, 25.08154, 0.0 ], [ 121.751, 25.08174, 0.0 ], [ 121.7509, 25.08184, 0.0 ], [ 121.7507, 25.08192, 0.0 ], [ 121.7505, 25.08199, 0.0 ], [ 121.7503, 25.08205, 0.0 ], [ 121.7501, 25.08216, 0.0 ], [ 121.7499, 25.08232, 0.0 ], [ 121.7499, 25.08252, 0.0 ], [ 121.7498, 25.08269, 0.0 ], [ 121.7497, 25.08289, 0.0 ], [ 121.7494, 25.08318, 0.0 ], [ 121.7491, 25.08333, 0.0 ], [ 121.7485, 25.08349, 0.0 ], [ 121.7484, 25.08353, 0.0 ], [ 121.7482, 25.08364, 0.0 ], [ 121.748, 25.08393, 0.0 ], [ 121.748, 25.08408, 0.0 ], [ 121.748, 25.08421, 0.0 ], [ 121.748, 25.0843, 0.0 ], [ 121.7482, 25.08461, 0.0 ], [ 121.7484, 25.08516, 0.0 ], [ 121.7485, 25.08543, 0.0 ], [ 121.7486, 25.08563, 0.0 ], [ 121.7486, 25.08579, 0.0 ], [ 121.7485, 25.08597, 0.0 ], [ 121.7484, 25.08613, 0.0 ], [ 121.7483, 25.08623, 0.0 ], [ 121.7482, 25.08629, 0.0 ], [ 121.7478, 25.08636, 0.0 ], [ 121.7474, 25.08637, 0.0 ], [ 121.7468, 25.08639, 0.0 ], [ 121.7467, 25.08637, 0.0 ], [ 121.7462, 25.08613, 0.0 ], [ 121.7461, 25.08609, 0.0 ], [ 121.7461, 25.08605, 0.0 ], [ 121.7459, 25.08589, 0.0 ], [ 121.7458, 25.08582, 0.0 ], [ 121.7457, 25.08577, 0.0 ], [ 121.7456, 25.08576, 0.0 ], [ 121.7454, 25.08579, 0.0 ], [ 121.7451, 25.08589, 0.0 ], [ 121.745, 25.08596, 0.0 ], [ 121.7449, 25.08611, 0.0 ], [ 121.7446, 25.08646, 0.0 ], [ 121.7445, 25.08651, 0.0 ], [ 121.7444, 25.08657, 0.0 ], [ 121.7442, 25.08668, 0.0 ], [ 121.7439, 25.08683, 0.0 ], [ 121.7437, 25.08703, 0.0 ], [ 121.7436, 25.08719, 0.0 ], [ 121.7434, 25.08742, 0.0 ], [ 121.743, 25.08815, 0.0 ], [ 121.7429, 25.08832, 0.0 ], [ 121.7414, 25.08982, 0.0 ], [ 121.7412, 25.08992, 0.0 ], [ 121.741, 25.09038, 0.0 ], [ 121.7409, 25.09069, 0.0 ], [ 121.7406, 25.09097, 0.0 ], [ 121.7403, 25.09125, 0.0 ], [ 121.7401, 25.09146, 0.0 ], [ 121.7399, 25.09165, 0.0 ], [ 121.7396, 25.09193, 0.0 ], [ 121.7394, 25.09225, 0.0 ], [ 121.7392, 25.09256, 0.0 ], [ 121.739, 25.09291, 0.0 ], [ 121.7389, 25.093, 0.0 ], [ 121.7389, 25.09318, 0.0 ], [ 121.7389, 25.09349, 0.0 ], [ 121.739, 25.09409, 0.0 ], [ 121.739, 25.09435, 0.0 ], [ 121.739, 25.09458, 0.0 ], [ 121.7389, 25.09525, 0.0 ], [ 121.7388, 25.0965, 0.0 ], [ 121.7388, 25.09755, 0.0 ], [ 121.7387, 25.09774, 0.0 ], [ 121.7385, 25.0982, 0.0 ], [ 121.7384, 25.09831, 0.0 ], [ 121.7383, 25.0984, 0.0 ], [ 121.7374, 25.09893, 0.0 ], [ 121.7372, 25.09906, 0.0 ], [ 121.7368, 25.09943, 0.0 ], [ 121.7365, 25.09969, 0.0 ], [ 121.7363, 25.09984, 0.0 ], [ 121.7361, 25.10025, 0.0 ], [ 121.736, 25.10051, 0.0 ], [ 121.7359, 25.10088, 0.0 ], [ 121.7359, 25.10222, 0.0 ], [ 121.7359, 25.10255, 0.0 ], [ 121.7359, 25.10274, 0.0 ], [ 121.7358, 25.10288, 0.0 ], [ 121.7357, 25.10302, 0.0 ], [ 121.7356, 25.10338, 0.0 ], [ 121.7355, 25.10361, 0.0 ], [ 121.7355, 25.10371, 0.0 ], [ 121.7353, 25.10407, 0.0 ], [ 121.7352, 25.10428, 0.0 ], [ 121.7351, 25.10461, 0.0 ], [ 121.7349, 25.10489, 0.0 ], [ 121.7347, 25.10534, 0.0 ], [ 121.7345, 25.1057, 0.0 ], [ 121.7344, 25.10579, 0.0 ], [ 121.7343, 25.10609, 0.0 ], [ 121.7341, 25.10657, 0.0 ], [ 121.734, 25.10669, 0.0 ], [ 121.734, 25.10673, 0.0 ], [ 121.7339, 25.1071, 0.0 ], [ 121.7337, 25.10727, 0.0 ], [ 121.7336, 25.1074, 0.0 ], [ 121.7333, 25.10757, 0.0 ], [ 121.7331, 25.10772, 0.0 ], [ 121.733, 25.10781, 0.0 ], [ 121.7324, 25.10829, 0.0 ], [ 121.732, 25.10856, 0.0 ], [ 121.7315, 25.10889, 0.0 ], [ 121.7311, 25.10912, 0.0 ], [ 121.7307, 25.10895, 0.0 ], [ 121.7302, 25.10875, 0.0 ], [ 121.7297, 25.10856, 0.0 ], [ 121.7295, 25.10846, 0.0 ], [ 121.7292, 25.10831, 0.0 ], [ 121.7287, 25.10798, 0.0 ], [ 121.7272, 25.10703, 0.0 ], [ 121.7269, 25.10679, 0.0 ], [ 121.7267, 25.10654, 0.0 ], [ 121.7265, 25.10629, 0.0 ], [ 121.7264, 25.10599, 0.0 ], [ 121.7263, 25.10567, 0.0 ], [ 121.7262, 25.10388, 0.0 ], [ 121.7261, 25.10356, 0.0 ], [ 121.7259, 25.1032, 0.0 ], [ 121.7256, 25.10282, 0.0 ], [ 121.7252, 25.10246, 0.0 ], [ 121.7239, 25.10168, 0.0 ], [ 121.7232, 25.10122, 0.0 ], [ 121.7226, 25.1007, 0.0 ], [ 121.7223, 25.10049, 0.0 ], [ 121.7219, 25.10036, 0.0 ], [ 121.7216, 25.10032, 0.0 ], [ 121.7206, 25.10022, 0.0 ], [ 121.72, 25.10015, 0.0 ], [ 121.7195, 25.10005, 0.0 ], [ 121.7193, 25.09997, 0.0 ], [ 121.719, 25.09987, 0.0 ], [ 121.7188, 25.0998, 0.0 ], [ 121.7187, 25.09979, 0.0 ], [ 121.7186, 25.09972, 0.0 ], [ 121.7178, 25.09935, 0.0 ], [ 121.7173, 25.09915, 0.0 ], [ 121.7163, 25.09863, 0.0 ], [ 121.7156, 25.09828, 0.0 ], [ 121.7152, 25.09814, 0.0 ], [ 121.7143, 25.09777, 0.0 ], [ 121.7132, 25.09737, 0.0 ], [ 121.7125, 25.09711, 0.0 ], [ 121.7114, 25.09669, 0.0 ], [ 121.7111, 25.09646, 0.0 ], [ 121.711, 25.0963, 0.0 ], [ 121.7107, 25.09592, 0.0 ], [ 121.7106, 25.0957, 0.0 ], [ 121.7106, 25.09556, 0.0 ], [ 121.7106, 25.09505, 0.0 ], [ 121.7106, 25.09468, 0.0 ], [ 121.7106, 25.09412, 0.0 ], [ 121.7105, 25.09362, 0.0 ], [ 121.7105, 25.09311, 0.0 ], [ 121.7105, 25.09262, 0.0 ], [ 121.7103, 25.0925, 0.0 ], [ 121.7085, 25.0913, 0.0 ], [ 121.7082, 25.09107, 0.0 ], [ 121.708, 25.09086, 0.0 ], [ 121.7073, 25.09058, 0.0 ], [ 121.707, 25.09045, 0.0 ], [ 121.7068, 25.09035, 0.0 ], [ 121.7066, 25.09029, 0.0 ], [ 121.7066, 25.09025, 0.0 ], [ 121.7065, 25.0902, 0.0 ], [ 121.7062, 25.09018, 0.0 ], [ 121.706, 25.09011, 0.0 ], [ 121.7058, 25.08994, 0.0 ], [ 121.7054, 25.08955, 0.0 ], [ 121.7053, 25.08932, 0.0 ], [ 121.7052, 25.08915, 0.0 ], [ 121.7052, 25.08901, 0.0 ], [ 121.7051, 25.08857, 0.0 ], [ 121.7051, 25.08704, 0.0 ], [ 121.7052, 25.08531, 0.0 ], [ 121.7052, 25.08493, 0.0 ], [ 121.7051, 25.08453, 0.0 ], [ 121.7048, 25.0841, 0.0 ], [ 121.7044, 25.08353, 0.0 ], [ 121.7041, 25.08311, 0.0 ], [ 121.7031, 25.08191, 0.0 ], [ 121.7024, 25.08099, 0.0 ], [ 121.7022, 25.08084, 0.0 ], [ 121.702, 25.08072, 0.0 ], [ 121.7019, 25.08068, 0.0 ], [ 121.7016, 25.08067, 0.0 ], [ 121.7015, 25.0807, 0.0 ], [ 121.7013, 25.08073, 0.0 ], [ 121.7011, 25.08079, 0.0 ], [ 121.7005, 25.08093, 0.0 ], [ 121.7002, 25.08094, 0.0 ], [ 121.7001, 25.08093, 0.0 ], [ 121.6999, 25.08091, 0.0 ], [ 121.6997, 25.08086, 0.0 ], [ 121.6982, 25.08041, 0.0 ], [ 121.6949, 25.0794, 0.0 ], [ 121.6948, 25.07934, 0.0 ], [ 121.6945, 25.07923, 0.0 ], [ 121.6942, 25.07905, 0.0 ], [ 121.694, 25.07894, 0.0 ], [ 121.6936, 25.07866, 0.0 ], [ 121.6935, 25.07851, 0.0 ], [ 121.6933, 25.07827, 0.0 ], [ 121.6923, 25.07698, 0.0 ], [ 121.6923, 25.07687, 0.0 ], [ 121.6922, 25.07673, 0.0 ], [ 121.6918, 25.07619, 0.0 ], [ 121.6917, 25.07607, 0.0 ], [ 121.6906, 25.07446, 0.0 ], [ 121.6893, 25.07228, 0.0 ], [ 121.6892, 25.07211, 0.0 ], [ 121.6891, 25.07197, 0.0 ], [ 121.6888, 25.07162, 0.0 ], [ 121.6886, 25.07144, 0.0 ], [ 121.6885, 25.07129, 0.0 ], [ 121.6883, 25.07105, 0.0 ], [ 121.6882, 25.07095, 0.0 ], [ 121.6877, 25.0705, 0.0 ], [ 121.6875, 25.07037, 0.0 ], [ 121.6871, 25.07012, 0.0 ], [ 121.687, 25.07001, 0.0 ], [ 121.6868, 25.06991, 0.0 ], [ 121.6863, 25.06964, 0.0 ], [ 121.6861, 25.06955, 0.0 ], [ 121.686, 25.0695, 0.0 ], [ 121.6856, 25.0693, 0.0 ], [ 121.6854, 25.06922, 0.0 ], [ 121.6851, 25.06912, 0.0 ], [ 121.6848, 25.06904, 0.0 ], [ 121.6845, 25.06893, 0.0 ], [ 121.6834, 25.06876, 0.0 ], [ 121.6831, 25.06873, 0.0 ], [ 121.6819, 25.06862, 0.0 ], [ 121.6816, 25.0686, 0.0 ], [ 121.6808, 25.06851, 0.0 ], [ 121.6804, 25.06845, 0.0 ], [ 121.6802, 25.06841, 0.0 ], [ 121.6799, 25.06835, 0.0 ], [ 121.6797, 25.06831, 0.0 ], [ 121.6796, 25.06828, 0.0 ], [ 121.6792, 25.06818, 0.0 ], [ 121.6789, 25.06805, 0.0 ], [ 121.6788, 25.068, 0.0 ], [ 121.6785, 25.06788, 0.0 ], [ 121.6782, 25.06777, 0.0 ], [ 121.6779, 25.06756, 0.0 ], [ 121.6776, 25.0674, 0.0 ], [ 121.6774, 25.06728, 0.0 ], [ 121.6764, 25.06659, 0.0 ], [ 121.6758, 25.06616, 0.0 ], [ 121.6756, 25.06605, 0.0 ], [ 121.6754, 25.06598, 0.0 ], [ 121.6753, 25.0659, 0.0 ], [ 121.6751, 25.06584, 0.0 ], [ 121.675, 25.06581, 0.0 ], [ 121.6749, 25.06578, 0.0 ], [ 121.6747, 25.06574, 0.0 ], [ 121.6745, 25.06569, 0.0 ], [ 121.6739, 25.06567, 0.0 ], [ 121.6737, 25.06569, 0.0 ], [ 121.6735, 25.06572, 0.0 ], [ 121.6734, 25.06574, 0.0 ], [ 121.6733, 25.06577, 0.0 ], [ 121.6731, 25.06583, 0.0 ], [ 121.6729, 25.0659, 0.0 ], [ 121.6727, 25.06599, 0.0 ], [ 121.6725, 25.06607, 0.0 ], [ 121.6722, 25.06623, 0.0 ], [ 121.6718, 25.06644, 0.0 ], [ 121.6713, 25.06669, 0.0 ], [ 121.6708, 25.0669, 0.0 ], [ 121.6703, 25.06713, 0.0 ], [ 121.6701, 25.06719, 0.0 ], [ 121.6699, 25.06725, 0.0 ], [ 121.6696, 25.06731, 0.0 ], [ 121.6696, 25.06733, 0.0 ], [ 121.6694, 25.06737, 0.0 ], [ 121.6692, 25.06741, 0.0 ], [ 121.669, 25.06745, 0.0 ], [ 121.6686, 25.06749, 0.0 ], [ 121.6683, 25.06751, 0.0 ], [ 121.668, 25.06752, 0.0 ], [ 121.6678, 25.06752, 0.0 ], [ 121.6675, 25.06751, 0.0 ], [ 121.6673, 25.06749, 0.0 ], [ 121.667, 25.06745, 0.0 ], [ 121.6666, 25.06739, 0.0 ], [ 121.6664, 25.06735, 0.0 ], [ 121.6659, 25.06723, 0.0 ], [ 121.6654, 25.0671, 0.0 ], [ 121.6648, 25.06692, 0.0 ], [ 121.664, 25.06664, 0.0 ], [ 121.6632, 25.06636, 0.0 ], [ 121.6626, 25.06614, 0.0 ], [ 121.6618, 25.06585, 0.0 ], [ 121.6618, 25.06583, 0.0 ], [ 121.6603, 25.06522, 0.0 ], [ 121.6597, 25.06493, 0.0 ], [ 121.6588, 25.06454, 0.0 ], [ 121.6572, 25.06382, 0.0 ], [ 121.6569, 25.06367, 0.0 ], [ 121.6568, 25.06382, 0.0 ], [ 121.6568, 25.06401, 0.0 ], [ 121.6566, 25.06442, 0.0 ], [ 121.6562, 25.06519, 0.0 ], [ 121.6561, 25.06549, 0.0 ], [ 121.656, 25.06564, 0.0 ], [ 121.656, 25.06577, 0.0 ], [ 121.6559, 25.06582, 0.0 ], [ 121.6559, 25.0659, 0.0 ], [ 121.6556, 25.06669, 0.0 ], [ 121.6555, 25.06682, 0.0 ], [ 121.6552, 25.06666, 0.0 ], [ 121.6549, 25.06646, 0.0 ], [ 121.6548, 25.06638, 0.0 ], [ 121.6546, 25.06629, 0.0 ], [ 121.6527, 25.06459, 0.0 ], [ 121.6526, 25.06453, 0.0 ], [ 121.6525, 25.06444, 0.0 ], [ 121.6523, 25.06432, 0.0 ], [ 121.6519, 25.06415, 0.0 ], [ 121.6517, 25.06408, 0.0 ], [ 121.6513, 25.06401, 0.0 ], [ 121.6509, 25.06393, 0.0 ], [ 121.6507, 25.06387, 0.0 ], [ 121.6505, 25.06379, 0.0 ], [ 121.6504, 25.06374, 0.0 ], [ 121.6503, 25.06366, 0.0 ], [ 121.6502, 25.06361, 0.0 ], [ 121.65, 25.06348, 0.0 ], [ 121.65, 25.06344, 0.0 ], [ 121.6499, 25.06339, 0.0 ], [ 121.6498, 25.06331, 0.0 ], [ 121.6497, 25.06326, 0.0 ], [ 121.6495, 25.06321, 0.0 ], [ 121.6492, 25.06311, 0.0 ], [ 121.649, 25.06308, 0.0 ], [ 121.6487, 25.06305, 0.0 ], [ 121.6486, 25.06303, 0.0 ], [ 121.648, 25.06301, 0.0 ], [ 121.6477, 25.06299, 0.0 ], [ 121.6474, 25.06298, 0.0 ], [ 121.6471, 25.06292, 0.0 ], [ 121.6468, 25.06286, 0.0 ], [ 121.6466, 25.06278, 0.0 ], [ 121.6455, 25.06237, 0.0 ], [ 121.6448, 25.06206, 0.0 ], [ 121.6432, 25.06141, 0.0 ], [ 121.6429, 25.06128, 0.0 ], [ 121.6427, 25.0612, 0.0 ], [ 121.6425, 25.06113, 0.0 ], [ 121.6423, 25.06104, 0.0 ], [ 121.6414, 25.06067, 0.0 ], [ 121.6402, 25.06012, 0.0 ], [ 121.6385, 25.0594, 0.0 ], [ 121.6378, 25.05908, 0.0 ], [ 121.6375, 25.05895, 0.0 ], [ 121.6374, 25.0589, 0.0 ], [ 121.6371, 25.0588, 0.0 ], [ 121.6365, 25.05855, 0.0 ], [ 121.6357, 25.05821, 0.0 ], [ 121.6347, 25.05777, 0.0 ], [ 121.6338, 25.0574, 0.0 ], [ 121.6337, 25.05733, 0.0 ], [ 121.6336, 25.05729, 0.0 ], [ 121.6334, 25.05714, 0.0 ], [ 121.6333, 25.05708, 0.0 ], [ 121.6333, 25.05701, 0.0 ], [ 121.6335, 25.05687, 0.0 ], [ 121.6342, 25.05657, 0.0 ], [ 121.6345, 25.05645, 0.0 ], [ 121.6346, 25.05637, 0.0 ], [ 121.6349, 25.05623, 0.0 ], [ 121.6352, 25.05607, 0.0 ], [ 121.6353, 25.05601, 0.0 ], [ 121.6357, 25.05553, 0.0 ], [ 121.6356, 25.0555, 0.0 ], [ 121.6355, 25.05543, 0.0 ], [ 121.6355, 25.05534, 0.0 ], [ 121.6354, 25.05521, 0.0 ], [ 121.6349, 25.05502, 0.0 ], [ 121.6346, 25.05492, 0.0 ], [ 121.6335, 25.05458, 0.0 ], [ 121.6329, 25.05443, 0.0 ], [ 121.6322, 25.05426, 0.0 ], [ 121.6303, 25.05399, 0.0 ], [ 121.6292, 25.05381, 0.0 ], [ 121.6283, 25.05369, 0.0 ], [ 121.6274, 25.05364, 0.0 ], [ 121.6269, 25.05368, 0.0 ], [ 121.6263, 25.05382, 0.0 ], [ 121.626, 25.05395, 0.0 ], [ 121.6251, 25.05432, 0.0 ], [ 121.6244, 25.05454, 0.0 ], [ 121.624, 25.05459, 0.0 ], [ 121.6235, 25.05463, 0.0 ], [ 121.6227, 25.05461, 0.0 ], [ 121.6217, 25.05469, 0.0 ], [ 121.6217, 25.05488, 0.0 ], [ 121.6218, 25.05497, 0.0 ], [ 121.6353, 25.05601, 0.0 ], [ 121.6355, 25.05583, 0.0 ], [ 121.6356, 25.05562, 0.0 ], [ 121.6357, 25.05553, 0.0 ], [ 121.6218, 25.05497, 0.0 ], [ 121.6215, 25.055, 0.0 ], [ 121.6211, 25.05499, 0.0 ], [ 121.621, 25.05496, 0.0 ], [ 121.6207, 25.05492, 0.0 ], [ 121.6204, 25.05488, 0.0 ], [ 121.6202, 25.05485, 0.0 ], [ 121.6196, 25.05481, 0.0 ], [ 121.6195, 25.05481, 0.0 ], [ 121.6192, 25.05482, 0.0 ], [ 121.619, 25.05486, 0.0 ], [ 121.6188, 25.0549, 0.0 ], [ 121.6187, 25.05493, 0.0 ], [ 121.6177, 25.05508, 0.0 ], [ 121.6167, 25.0552, 0.0 ], [ 121.6165, 25.05522, 0.0 ], [ 121.6165, 25.05512, 0.0 ], [ 121.6165, 25.05461, 0.0 ], [ 121.6164, 25.05447, 0.0 ], [ 121.6164, 25.05449, 0.0 ], [ 121.6162, 25.05452, 0.0 ], [ 121.6153, 25.05443, 0.0 ], [ 121.615, 25.05441, 0.0 ], [ 121.6138, 25.05428, 0.0 ], [ 121.6137, 25.05427, 0.0 ], [ 121.6131, 25.05418, 0.0 ], [ 121.6124, 25.05408, 0.0 ], [ 121.6122, 25.05405, 0.0 ], [ 121.6119, 25.05401, 0.0 ], [ 121.6117, 25.05392, 0.0 ], [ 121.6108, 25.05382, 0.0 ], [ 121.6107, 25.05381, 0.0 ], [ 121.6096, 25.05367, 0.0 ], [ 121.6088, 25.05359, 0.0 ], [ 121.6085, 25.05354, 0.0 ], [ 121.6077, 25.05341, 0.0 ], [ 121.6067, 25.05321, 0.0 ], [ 121.6064, 25.05317, 0.0 ], [ 121.6052, 25.05299, 0.0 ], [ 121.6034, 25.0527, 0.0 ], [ 121.598, 25.05188, 0.0 ], [ 121.5956, 25.0515, 0.0 ], [ 121.5954, 25.05148, 0.0 ], [ 121.5937, 25.05122, 0.0 ], [ 121.5894, 25.05056, 0.0 ], [ 121.5881, 25.05036, 0.0 ], [ 121.5874, 25.05025, 0.0 ], [ 121.5869, 25.05018, 0.0 ], [ 121.5861, 25.05005, 0.0 ], [ 121.5838, 25.0497, 0.0 ], [ 121.5838, 25.04968, 0.0 ], [ 121.5835, 25.04962, 0.0 ], [ 121.5832, 25.04954, 0.0 ], [ 121.5828, 25.04953, 0.0 ], [ 121.582, 25.0495, 0.0 ], [ 121.5817, 25.04949, 0.0 ], [ 121.5802, 25.04951, 0.0 ], [ 121.58, 25.04952, 0.0 ] ] } }
]
}
